ISO-10303-21;
HEADER;
FILE_DESCRIPTION (( 'STEP AP214' ),
    '1' );
FILE_NAME ('BHX1-2450-SM - edit 13-7.STEP',
    '2020-07-13T16:37:43',
    ( '' ),
    ( '' ),
    'SwSTEP 2.0',
    'SolidWorks 2017',
    '' );
FILE_SCHEMA (( 'AUTOMOTIVE_DESIGN' ));
ENDSEC;

DATA;
#1 = ORIENTED_EDGE ( 'NONE', *, *, #3192, .T. ) ;
#2 = ORIENTED_EDGE ( 'NONE', *, *, #3568, .F. ) ;
#3 = ORIENTED_EDGE ( 'NONE', *, *, #1022, .T. ) ;
#4 = CIRCLE ( 'NONE', #3477, 0.1000000000000000500 ) ;
#5 = DIRECTION ( 'NONE',  ( -3.025680481354897600E-015, 1.000000000000000000, 0.0000000000000000000 ) ) ;
#6 = EDGE_LOOP ( 'NONE', ( #3132, #2536, #2967, #4778 ) ) ;
#7 = EDGE_CURVE ( 'NONE', #2951, #3454, #6687, .T. ) ;
#8 = AXIS2_PLACEMENT_3D ( 'NONE', #6134, #2308, #115 ) ;
#9 = CARTESIAN_POINT ( 'NONE',  ( -13.59999999999999600, 5.720000000000000600, 6.544999999999995500 ) ) ;
#10 = CARTESIAN_POINT ( 'NONE',  ( -13.60000000000001000, 1.720000000000000200, -9.205000000000005400 ) ) ;
#11 = DIRECTION ( 'NONE',  ( -0.0000000000000000000, 1.000000000000000000, -0.0000000000000000000 ) ) ;
#12 = LINE ( 'NONE', #2887, #4425 ) ;
#13 = ORIENTED_EDGE ( 'NONE', *, *, #573, .T. ) ;
#14 = ADVANCED_FACE ( 'NONE', ( #479 ), #4217, .T. ) ;
#15 = CARTESIAN_POINT ( 'NONE',  ( 12.59999999999999800, 5.400000000000000400, 9.834999999999979500 ) ) ;
#16 = EDGE_CURVE ( 'NONE', #4405, #2681, #4600, .T. ) ;
#17 = VECTOR ( 'NONE', #2239, 1000.000000000000000 ) ;
#19 = DIRECTION ( 'NONE',  ( 1.000000000000000000, 0.0000000000000000000, 0.0000000000000000000 ) ) ;
#18 = AXIS2_PLACEMENT_3D ( 'NONE', #289, #5828, #1938 ) ;
#20 = VERTEX_POINT ( 'NONE', #1497 ) ;
#21 = ORIENTED_EDGE ( 'NONE', *, *, #4154, .F. ) ;
#22 = ORIENTED_EDGE ( 'NONE', *, *, #1157, .F. ) ;
#23 = CARTESIAN_POINT ( 'NONE',  ( -13.40000000000000600, 0.3000000000000083700, -4.445000000000021600 ) ) ;
#24 = ORIENTED_EDGE ( 'NONE', *, *, #4643, .T. ) ;
#25 = CARTESIAN_POINT ( 'NONE',  ( 14.88750000000000100, 1.098781177271262200E-014, -1.905000000000022200 ) ) ;
#26 = DIRECTION ( 'NONE',  ( 0.0000000000000000000, 0.0000000000000000000, -1.000000000000000000 ) ) ;
#27 = CARTESIAN_POINT ( 'NONE',  ( 12.92578643762691100, 3.586907429118599200E-017, 6.712532488918578900 ) ) ;
#28 = CARTESIAN_POINT ( 'NONE',  ( -9.991930185743170200, 5.719999999999999800, -10.79499999999999800 ) ) ;
#29 = LINE ( 'NONE', #4201, #7037 ) ;
#30 = FACE_OUTER_BOUND ( 'NONE', #6138, .T. ) ;
#31 = DIRECTION ( 'NONE',  ( 0.0000000000000000000, 0.0000000000000000000, -1.000000000000000000 ) ) ;
#32 = CIRCLE ( 'NONE', #3227, 1.500000000000001300 ) ;
#33 = CARTESIAN_POINT ( 'NONE',  ( 13.63043069035442800, 1.720000000000000200, 6.616833913685939100 ) ) ;
#34 = CARTESIAN_POINT ( 'NONE',  ( 14.93617785791140100, 1.720000000000002400, 7.881416676303254900 ) ) ;
#35 = CARTESIAN_POINT ( 'NONE',  ( 7.553324042085684200, 5.919999999999999900, 10.86008716871933400 ) ) ;
#36 = ORIENTED_EDGE ( 'NONE', *, *, #226, .F. ) ;
#37 = LINE ( 'NONE', #2865, #400 ) ;
#38 = CARTESIAN_POINT ( 'NONE',  ( 1.500000000000000000, 5.200000000000001100, -13.38743516107378900 ) ) ;
#39 = VECTOR ( 'NONE', #6535, 1000.000000000000000 ) ;
#40 =( LENGTH_UNIT ( ) NAMED_UNIT ( * ) SI_UNIT ( .MILLI., .METRE. ) );
#41 = CARTESIAN_POINT ( 'NONE',  ( -14.88750000000000100, 0.2000000000000109700, -1.905000000000021800 ) ) ;
#42 = ORIENTED_EDGE ( 'NONE', *, *, #4474, .T. ) ;
#43 = FACE_OUTER_BOUND ( 'NONE', #3536, .T. ) ;
#44 = AXIS2_PLACEMENT_3D ( 'NONE', #1395, #4189, #321 ) ;
#45 = FACE_OUTER_BOUND ( 'NONE', #3514, .T. ) ;
#46 = CARTESIAN_POINT ( 'NONE',  ( 6.747374629565455500, 5.720000000000000600, 9.594999999999997100 ) ) ;
#47 = DIRECTION ( 'NONE',  ( 0.0000000000000000000, 0.0000000000000000000, 1.000000000000000000 ) ) ;
#48 = CARTESIAN_POINT ( 'NONE',  ( -1.734723475976806700E-015, 3.879999999999999400, -2.805000000000021900 ) ) ;
#49 = VECTOR ( 'NONE', #4149, 1000.000000000000000 ) ;
#50 = CARTESIAN_POINT ( 'NONE',  ( 13.60000000000001000, 3.420000000000027500, -6.895000000000020900 ) ) ;
#51 = EDGE_CURVE ( 'NONE', #5943, #1808, #5725, .T. ) ;
#52 = VERTEX_POINT ( 'NONE', #5306 ) ;
#53 = DIRECTION ( 'NONE',  ( -0.0000000000000000000, -0.0000000000000000000, 1.000000000000000000 ) ) ;
#54 = CIRCLE ( 'NONE', #1599, 1.999999999999999600 ) ;
#55 = DIRECTION ( 'NONE',  ( 0.0000000000000000000, 0.0000000000000000000, -1.000000000000000000 ) ) ;
#56 = CARTESIAN_POINT ( 'NONE',  ( -6.079999999999998300, 4.583326286608009800, -1.569848563824564300 ) ) ;
#57 = VECTOR ( 'NONE', #5715, 1000.000000000000000 ) ;
#58 = ORIENTED_EDGE ( 'NONE', *, *, #1255, .T. ) ;
#59 = DIRECTION ( 'NONE',  ( 3.491481338843133400E-015, 1.000000000000000000, -3.845558504397534600E-031 ) ) ;
#60 = VERTEX_POINT ( 'NONE', #5892 ) ;
#61 = EDGE_CURVE ( 'NONE', #6728, #4786, #4864, .T. ) ;
#62 = ORIENTED_EDGE ( 'NONE', *, *, #1500, .F. ) ;
#63 = ORIENTED_EDGE ( 'NONE', *, *, #6103, .T. ) ;
#64 = VECTOR ( 'NONE', #4711, 1000.000000000000000 ) ;
#65 = DIRECTION ( 'NONE',  ( -2.226155176705503000E-015, 1.000000000000000000, 0.0000000000000000000 ) ) ;
#66 = VECTOR ( 'NONE', #2004, 1000.000000000000000 ) ;
#67 = EDGE_LOOP ( 'NONE', ( #4053, #7167, #6504, #3640, #1269, #4324 ) ) ;
#68 = ORIENTED_EDGE ( 'NONE', *, *, #2046, .F. ) ;
#69 = CARTESIAN_POINT ( 'NONE',  ( -13.30000000000000100, 5.920000000000001700, -9.205000000000005400 ) ) ;
#70 = DIRECTION ( 'NONE',  ( 0.0000000000000000000, 0.0000000000000000000, 1.000000000000000000 ) ) ;
#71 = EDGE_LOOP ( 'NONE', ( #2768, #4380, #5157, #236 ) ) ;
#72 = VERTEX_POINT ( 'NONE', #6384 ) ;
#73 = LINE ( 'NONE', #2528, #783 ) ;
#74 = CARTESIAN_POINT ( 'NONE',  ( -12.36848664453580100, 5.720000000000001500, -11.09499999999999900 ) ) ;
#75 = EDGE_CURVE ( 'NONE', #6331, #795, #5551, .T. ) ;
#76 = CARTESIAN_POINT ( 'NONE',  ( -6.079999999999998300, 5.920000000000001700, 3.927862566056164400 ) ) ;
#77 = ORIENTED_EDGE ( 'NONE', *, *, #6847, .T. ) ;
#78 = ORIENTED_EDGE ( 'NONE', *, *, #6067, .T. ) ;
#79 = VERTEX_POINT ( 'NONE', #3083 ) ;
#80 = CARTESIAN_POINT ( 'NONE',  ( 12.36848664453580100, 5.720000000000001500, -11.09499999999999900 ) ) ;
#81 = ADVANCED_FACE ( 'NONE', ( #293 ), #3415, .F. ) ;
#82 = CARTESIAN_POINT ( 'NONE',  ( -13.60000000000000700, 0.3000000000000077600, 0.6349999999999784700 ) ) ;
#83 = ORIENTED_EDGE ( 'NONE', *, *, #4773, .F. ) ;
#84 = ORIENTED_EDGE ( 'NONE', *, *, #2748, .F. ) ;
#85 = CYLINDRICAL_SURFACE ( 'NONE', #5252, 0.09999999999999939500 ) ;
#86 = DIRECTION ( 'NONE',  ( 8.572527594031491700E-017, -1.000000000000000000, -0.0000000000000000000 ) ) ;
#87 = AXIS2_PLACEMENT_3D ( 'NONE', #548, #6505, #2756 ) ;
#88 = ORIENTED_EDGE ( 'NONE', *, *, #2472, .F. ) ;
#89 = DIRECTION ( 'NONE',  ( 0.0000000000000000000, -1.000000000000000000, 0.0000000000000000000 ) ) ;
#90 = CIRCLE ( 'NONE', #5150, 0.6270765503509231300 ) ;
#91 = ORIENTED_EDGE ( 'NONE', *, *, #1210, .T. ) ;
#92 = CARTESIAN_POINT ( 'NONE',  ( 12.84000000000000900, 5.400000000000000400, -10.39500000000000300 ) ) ;
#93 = CARTESIAN_POINT ( 'NONE',  ( 6.079999999999998300, 4.683326286608007600, -1.569848563824564300 ) ) ;
#94 = LINE ( 'NONE', #2912, #792 ) ;
#95 = ORIENTED_EDGE ( 'NONE', *, *, #2949, .F. ) ;
#96 = EDGE_CURVE ( 'NONE', #2084, #1364, #1943, .T. ) ;
#97 = ORIENTED_EDGE ( 'NONE', *, *, #3247, .T. ) ;
#98 = AXIS2_PLACEMENT_3D ( 'NONE', #2313, #101, #6113 ) ;
#99 = AXIS2_PLACEMENT_3D ( 'NONE', #4651, #320, #4188 ) ;
#100 = EDGE_LOOP ( 'NONE', ( #6289, #2886, #1588, #4542 ) ) ;
#101 = DIRECTION ( 'NONE',  ( -0.0000000000000000000, -1.224646799147353200E-016, -1.000000000000000000 ) ) ;
#102 = DIRECTION ( 'NONE',  ( 0.0000000000000000000, -1.000000000000000000, 0.0000000000000000000 ) ) ;
#103 = DIRECTION ( 'NONE',  ( 0.6956930964556202700, 0.0000000000000000000, -0.7183391368594579400 ) ) ;
#104 = CARTESIAN_POINT ( 'NONE',  ( -1.499999999999998700, 5.400000000000000400, -13.09081423205049400 ) ) ;
#105 = VERTEX_POINT ( 'NONE', #3206 ) ;
#106 = ORIENTED_EDGE ( 'NONE', *, *, #4673, .F. ) ;
#107 = DIRECTION ( 'NONE',  ( 0.0000000000000000000, -1.000000000000000000, 0.0000000000000000000 ) ) ;
#108 = EDGE_CURVE ( 'NONE', #1368, #1222, #738, .T. ) ;
#109 = PLANE ( 'NONE',  #1816 ) ;
#110 =( NAMED_UNIT ( * ) SI_UNIT ( $, .STERADIAN. ) SOLID_ANGLE_UNIT ( ) );
#111 = LINE ( 'NONE', #1940, #4512 ) ;
#112 = LINE ( 'NONE', #2412, #4353 ) ;
#113 = CIRCLE ( 'NONE', #2523, 0.1000000000000028600 ) ;
#114 = CARTESIAN_POINT ( 'NONE',  ( -4.079999999999998300, 5.797823814539136800, 2.995876822266466500 ) ) ;
#115 = DIRECTION ( 'NONE',  ( 0.0000000000000000000, 0.0000000000000000000, 1.000000000000000000 ) ) ;
#116 = AXIS2_PLACEMENT_3D ( 'NONE', #467, #5437, #1017 ) ;
#117 = ORIENTED_EDGE ( 'NONE', *, *, #3990, .T. ) ;
#118 = VECTOR ( 'NONE', #6174, 1000.000000000000000 ) ;
#119 = CIRCLE ( 'NONE', #3535, 0.7350000000000104200 ) ;
#120 = CARTESIAN_POINT ( 'NONE',  ( -6.659999999999999300, 5.400000000000000400, -13.38301493665047000 ) ) ;
#121 = DIRECTION ( 'NONE',  ( 1.363460477434492400E-016, 0.0000000000000000000, 1.000000000000000000 ) ) ;
#122 = CARTESIAN_POINT ( 'NONE',  ( -13.60000000000001400, 2.792923449649104700, -6.895000000000020900 ) ) ;
#123 = CARTESIAN_POINT ( 'NONE',  ( 13.51574803149607700, 3.420000000000027900, -6.895000000000020900 ) ) ;
#124 = ORIENTED_EDGE ( 'NONE', *, *, #2047, .F. ) ;
#125 = EDGE_LOOP ( 'NONE', ( #2617, #3894, #3523, #5231, #5567, #3322, #2534, #3292 ) ) ;
#126 = LINE ( 'NONE', #141, #3680 ) ;
#127 = VECTOR ( 'NONE', #7146, 1000.000000000000000 ) ;
#128 = DIRECTION ( 'NONE',  ( 1.953517427901810700E-016, -1.000000000000000000, 0.0000000000000000000 ) ) ;
#129 = CARTESIAN_POINT ( 'NONE',  ( 2.500000000000000400, 0.0000000000000000000, -13.38743516107378900 ) ) ;
#130 = AXIS2_PLACEMENT_3D ( 'NONE', #4213, #6863, #6335 ) ;
#131 = DIRECTION ( 'NONE',  ( -0.0000000000000000000, -0.0000000000000000000, 1.000000000000000000 ) ) ;
#132 = EDGE_CURVE ( 'NONE', #4840, #1714, #3766, .T. ) ;
#133 = DIRECTION ( 'NONE',  ( -1.000000000000000000, 0.0000000000000000000, 0.0000000000000000000 ) ) ;
#134 = ORIENTED_EDGE ( 'NONE', *, *, #6796, .T. ) ;
#135 = VECTOR ( 'NONE', #1530, 1000.000000000000000 ) ;
#136 = CARTESIAN_POINT ( 'NONE',  ( 12.84000000000001100, 1.000000000000001800, -10.89500000000000300 ) ) ;
#137 = CARTESIAN_POINT ( 'NONE',  ( 13.70000000000000600, 0.3000000000000074800, -4.445000000000021600 ) ) ;
#138 = ORIENTED_EDGE ( 'NONE', *, *, #1710, .T. ) ;
#139 = CARTESIAN_POINT ( 'NONE',  ( -6.659999999999999300, 5.400000000000000400, 10.23418065940780900 ) ) ;
#141 = CARTESIAN_POINT ( 'NONE',  ( 6.659999999999999300, 5.400000000000000400, 10.23418065940780900 ) ) ;
#140 = AXIS2_PLACEMENT_3D ( 'NONE', #805, #4665, #3488 ) ;
#142 = LINE ( 'NONE', #2064, #1103 ) ;
#143 = CARTESIAN_POINT ( 'NONE',  ( 12.95454676111277000, 0.2003331987396622700, -10.20227338055639300 ) ) ;
#144 = DIRECTION ( 'NONE',  ( -0.0000000000000000000, 1.000000000000000000, -0.0000000000000000000 ) ) ;
#145 = CARTESIAN_POINT ( 'NONE',  ( 13.60000000000001400, 2.792923449649104700, -6.895000000000020900 ) ) ;
#146 = ORIENTED_EDGE ( 'NONE', *, *, #3560, .T. ) ;
#147 = VERTEX_POINT ( 'NONE', #5140 ) ;
#148 = CARTESIAN_POINT ( 'NONE',  ( 2.500000000000000000, 1.000000000000000000, 9.577435161073747600 ) ) ;
#149 = ORIENTED_EDGE ( 'NONE', *, *, #687, .T. ) ;
#150 = EDGE_CURVE ( 'NONE', #2451, #3722, #4686, .T. ) ;
#151 = DIRECTION ( 'NONE',  ( -0.7183391368594579400, 0.0000000000000000000, -0.6956930964556202700 ) ) ;
#152 = ORIENTED_EDGE ( 'NONE', *, *, #6011, .T. ) ;
#153 = CARTESIAN_POINT ( 'NONE',  ( -12.23900214361332300, 5.400000000000000400, 11.29091227334760100 ) ) ;
#154 = FACE_OUTER_BOUND ( 'NONE', #1793, .T. ) ;
#155 = DIRECTION ( 'NONE',  ( 1.000000000000000000, 0.0000000000000000000, 0.0000000000000000000 ) ) ;
#156 = ORIENTED_EDGE ( 'NONE', *, *, #4654, .F. ) ;
#157 = DIRECTION ( 'NONE',  ( -5.706327223607916600E-016, 1.000000000000000000, 0.0000000000000000000 ) ) ;
#158 = VERTEX_POINT ( 'NONE', #4125 ) ;
#159 = ORIENTED_EDGE ( 'NONE', *, *, #3892, .F. ) ;
#160 = CARTESIAN_POINT ( 'NONE',  ( -1.734723475976806700E-015, 0.0000000000000000000, -2.805000000000021900 ) ) ;
#161 = VECTOR ( 'NONE', #4170, 1000.000000000000000 ) ;
#162 = ORIENTED_EDGE ( 'NONE', *, *, #5333, .T. ) ;
#163 = ORIENTED_EDGE ( 'NONE', *, *, #409, .F. ) ;
#164 = ADVANCED_FACE ( 'NONE', ( #647 ), #1886, .F. ) ;
#165 = DIRECTION ( 'NONE',  ( 0.0000000000000000000, 0.0000000000000000000, 1.000000000000000000 ) ) ;
#166 = ORIENTED_EDGE ( 'NONE', *, *, #2858, .T. ) ;
#167 = VERTEX_POINT ( 'NONE', #264 ) ;
#168 = LINE ( 'NONE', #2758, #5865 ) ;
#169 = ORIENTED_EDGE ( 'NONE', *, *, #2088, .T. ) ;
#170 = CARTESIAN_POINT ( 'NONE',  ( 12.77689320874191200, 0.4963810899539646800, -10.76878641748377400 ) ) ;
#171 = CARTESIAN_POINT ( 'NONE',  ( -6.104999999999997800, 5.720000000000000600, -1.530520863929464100 ) ) ;
#172 = ORIENTED_EDGE ( 'NONE', *, *, #2233, .F. ) ;
#173 = DIRECTION ( 'NONE',  ( 1.000000000000000000, 9.469014606860299000E-017, 0.0000000000000000000 ) ) ;
#174 = AXIS2_PLACEMENT_3D ( 'NONE', #3338, #6133, #506 ) ;
#175 = DIRECTION ( 'NONE',  ( -2.766366363095582400E-015, 1.000000000000000000, 0.0000000000000000000 ) ) ;
#176 = ORIENTED_EDGE ( 'NONE', *, *, #5517, .F. ) ;
#177 = EDGE_CURVE ( 'NONE', #5089, #2951, #6442, .T. ) ;
#178 = DIRECTION ( 'NONE',  ( 1.000000000000000000, 0.0000000000000000000, 0.0000000000000000000 ) ) ;
#179 = EDGE_CURVE ( 'NONE', #3235, #5160, #5904, .T. ) ;
#180 = CYLINDRICAL_SURFACE ( 'NONE', #4205, 1.500000000000001300 ) ;
#181 = DIRECTION ( 'NONE',  ( 0.0000000000000000000, 0.0000000000000000000, -1.000000000000000000 ) ) ;
#182 = ORIENTED_EDGE ( 'NONE', *, *, #3984, .T. ) ;
#183 = DIRECTION ( 'NONE',  ( -0.7183391368594559400, 0.0000000000000000000, -0.6956930964556222700 ) ) ;
#184 = FACE_OUTER_BOUND ( 'NONE', #4707, .T. ) ;
#185 = AXIS2_PLACEMENT_3D ( 'NONE', #284, #3092, #1958 ) ;
#186 = CARTESIAN_POINT ( 'NONE',  ( 13.70000000000000600, 7.546521107385085500E-015, 0.6349999999999784700 ) ) ;
#187 = EDGE_LOOP ( 'NONE', ( #4477, #5964, #3075, #462 ) ) ;
#188 = DIRECTION ( 'NONE',  ( 1.000000000000000000, -0.0000000000000000000, -0.0000000000000000000 ) ) ;
#189 = CARTESIAN_POINT ( 'NONE',  ( 13.60000000000000900, 1.720000000000000000, 6.544999999999994600 ) ) ;
#190 = VECTOR ( 'NONE', #5220, 1000.000000000000000 ) ;
#191 = ORIENTED_EDGE ( 'NONE', *, *, #3904, .T. ) ;
#192 = ORIENTED_EDGE ( 'NONE', *, *, #2641, .F. ) ;
#193 = DIRECTION ( 'NONE',  ( -1.000000000000000000, -0.0000000000000000000, -0.0000000000000000000 ) ) ;
#194 = ORIENTED_EDGE ( 'NONE', *, *, #3290, .F. ) ;
#195 = CARTESIAN_POINT ( 'NONE',  ( 18.36499999999999800, 0.2000000000000068400, 0.6349999999999784700 ) ) ;
#196 = EDGE_CURVE ( 'NONE', #3235, #6815, #1680, .T. ) ;
#197 = AXIS2_PLACEMENT_3D ( 'NONE', #6866, #840, #4607 ) ;
#198 = CARTESIAN_POINT ( 'NONE',  ( 6.104999999999997800, 5.919999999999999900, -1.530520863929463200 ) ) ;
#199 = EDGE_LOOP ( 'NONE', ( #6148, #1023, #3364, #2824 ) ) ;
#200 = CARTESIAN_POINT ( 'NONE',  ( -2.500000000000000000, 1.000000000000000000, 8.925199674982893700 ) ) ;
#201 = CARTESIAN_POINT ( 'NONE',  ( -12.34000000000001200, 1.000000000000000000, -10.39500000000000300 ) ) ;
#202 = UNCERTAINTY_MEASURE_WITH_UNIT (LENGTH_MEASURE( 1.000000000000000100E-005 ), #6176, 'distance_accuracy_value', 'NONE');
#203 = ADVANCED_FACE ( 'NONE', ( #212 ), #3166, .T. ) ;
#204 = FACE_OUTER_BOUND ( 'NONE', #1895, .T. ) ;
#205 = LINE ( 'NONE', #3042, #4097 ) ;
#206 = EDGE_CURVE ( 'NONE', #1119, #4431, #2983, .T. ) ;
#207 = EDGE_CURVE ( 'NONE', #2084, #4214, #2645, .T. ) ;
#208 = DIRECTION ( 'NONE',  ( -1.000000000000000000, -1.561960177346129100E-016, 0.0000000000000000000 ) ) ;
#209 = LINE ( 'NONE', #5565, #6520 ) ;
#210 = DIRECTION ( 'NONE',  ( 0.0000000000000000000, 0.0000000000000000000, 1.000000000000000000 ) ) ;
#211 = CARTESIAN_POINT ( 'NONE',  ( -13.40000000000001500, 4.576525790278566600E-014, 6.544999999999994600 ) ) ;
#212 = FACE_OUTER_BOUND ( 'NONE', #1811, .T. ) ;
#213 = LINE ( 'NONE', #3965, #4524 ) ;
#214 = LINE ( 'NONE', #1606, #5907 ) ;
#215 = DIRECTION ( 'NONE',  ( 0.0000000000000000000, 1.000000000000000000, 0.0000000000000000000 ) ) ;
#216 = EDGE_CURVE ( 'NONE', #690, #6014, #1160, .T. ) ;
#217 = DIRECTION ( 'NONE',  ( 0.0000000000000000000, 1.000000000000000000, 0.0000000000000000000 ) ) ;
#218 = ORIENTED_EDGE ( 'NONE', *, *, #3257, .T. ) ;
#219 = LINE ( 'NONE', #2363, #3254 ) ;
#220 = DIRECTION ( 'NONE',  ( -1.000000000000000000, -0.0000000000000000000, -0.0000000000000000000 ) ) ;
#221 = VECTOR ( 'NONE', #1830, 1000.000000000000000 ) ;
#222 = DIRECTION ( 'NONE',  ( -1.000000000000000000, 0.0000000000000000000, 0.0000000000000000000 ) ) ;
#223 = CARTESIAN_POINT ( 'NONE',  ( -12.77689320874191400, 0.4963810899539679600, -10.76878641748378000 ) ) ;
#224 = VECTOR ( 'NONE', #4812, 1000.000000000000000 ) ;
#225 = EDGE_CURVE ( 'NONE', #2168, #3882, #3333, .T. ) ;
#226 = EDGE_CURVE ( 'NONE', #6679, #3137, #6509, .T. ) ;
#227 = DIRECTION ( 'NONE',  ( -0.8433914458128890500, 0.0000000000000000000, 0.5372996083468185600 ) ) ;
#228 = DIRECTION ( 'NONE',  ( -1.101411730778925200E-016, -0.0000000000000000000, -1.000000000000000000 ) ) ;
#229 = ORIENTED_EDGE ( 'NONE', *, *, #2384, .T. ) ;
#230 = CIRCLE ( 'NONE', #1646, 50.85488151972597800 ) ;
#231 = EDGE_CURVE ( 'NONE', #60, #3208, #5718, .T. ) ;
#232 = VECTOR ( 'NONE', #793, 1000.000000000000000 ) ;
#233 = CARTESIAN_POINT ( 'NONE',  ( 13.40000000000001500, 4.576525790278566600E-014, 6.544999999999994600 ) ) ;
#234 = AXIS2_PLACEMENT_3D ( 'NONE', #6323, #6824, #5204 ) ;
#235 = AXIS2_PLACEMENT_3D ( 'NONE', #7067, #4877, #1013 ) ;
#236 = ORIENTED_EDGE ( 'NONE', *, *, #3892, .T. ) ;
#237 = DIRECTION ( 'NONE',  ( -0.0000000000000000000, -0.0000000000000000000, -1.000000000000000000 ) ) ;
#238 = ORIENTED_EDGE ( 'NONE', *, *, #3403, .F. ) ;
#239 = CARTESIAN_POINT ( 'NONE',  ( 4.079999999999998300, 4.383326286608009600, -1.569848563824564300 ) ) ;
#240 = VERTEX_POINT ( 'NONE', #951 ) ;
#241 = LINE ( 'NONE', #5817, #6990 ) ;
#242 = CARTESIAN_POINT ( 'NONE',  ( -16.03250000000000200, 1.108596721366428300E-014, -1.905000000000022000 ) ) ;
#243 = VECTOR ( 'NONE', #2029, 1000.000000000000000 ) ;
#244 = ORIENTED_EDGE ( 'NONE', *, *, #2916, .T. ) ;
#245 = ORIENTED_EDGE ( 'NONE', *, *, #6978, .F. ) ;
#246 = EDGE_CURVE ( 'NONE', #3620, #3463, #2731, .T. ) ;
#247 = CARTESIAN_POINT ( 'NONE',  ( -13.12852863578074600, 0.3412470536928150500, -10.68352863578063100 ) ) ;
#248 = CARTESIAN_POINT ( 'NONE',  ( -6.104999999999997800, 5.720000000000000600, 3.927862566056165200 ) ) ;
#249 = EDGE_LOOP ( 'NONE', ( #1052, #2353, #6617, #6498 ) ) ;
#250 = ORIENTED_EDGE ( 'NONE', *, *, #1230, .T. ) ;
#251 = VECTOR ( 'NONE', #6913, 1000.000000000000000 ) ;
#252 = ORIENTED_EDGE ( 'NONE', *, *, #2745, .F. ) ;
#253 = DIRECTION ( 'NONE',  ( -2.659658226162767000E-015, 0.0000000000000000000, 1.000000000000000000 ) ) ;
#254 = CARTESIAN_POINT ( 'NONE',  ( 13.40000000000000600, 0.3000000000000083700, -4.445000000000021600 ) ) ;
#255 = VERTEX_POINT ( 'NONE', #397 ) ;
#256 = DIRECTION ( 'NONE',  ( 0.7183391368594559400, 0.0000000000000000000, -0.6956930964556222700 ) ) ;
#257 = DIRECTION ( 'NONE',  ( 0.0000000000000000000, 0.0000000000000000000, -1.000000000000000000 ) ) ;
#258 = VERTEX_POINT ( 'NONE', #4816 ) ;
#259 = AXIS2_PLACEMENT_3D ( 'NONE', #5963, #4888, #2287 ) ;
#260 = FACE_OUTER_BOUND ( 'NONE', #769, .T. ) ;
#261 = VERTEX_POINT ( 'NONE', #2045 ) ;
#262 = CARTESIAN_POINT ( 'NONE',  ( 6.104999999999997800, 5.720000000000000600, 3.927862566056165200 ) ) ;
#263 = DIRECTION ( 'NONE',  ( 0.0000000000000000000, -1.000000000000000000, 0.0000000000000000000 ) ) ;
#264 = CARTESIAN_POINT ( 'NONE',  ( 13.60000000000000700, 0.3000000000000077600, 0.6349999999999784700 ) ) ;
#265 = DIRECTION ( 'NONE',  ( 0.0000000000000000000, -1.000000000000000000, 0.0000000000000000000 ) ) ;
#266 = DIRECTION ( 'NONE',  ( -1.101411730778925200E-016, 0.0000000000000000000, -1.000000000000000000 ) ) ;
#267 = CIRCLE ( 'NONE', #376, 11.50000000000000000 ) ;
#268 = CARTESIAN_POINT ( 'NONE',  ( -13.60000000000000700, 0.3000000000000077600, -4.445000000000021600 ) ) ;
#269 = AXIS2_PLACEMENT_3D ( 'NONE', #4910, #5458, #2181 ) ;
#270 = EDGE_LOOP ( 'NONE', ( #5246, #2781, #6628, #4761 ) ) ;
#271 = EDGE_CURVE ( 'NONE', #3430, #6670, #2211, .T. ) ;
#272 = FACE_OUTER_BOUND ( 'NONE', #357, .T. ) ;
#273 = CARTESIAN_POINT ( 'NONE',  ( -12.83563822560218500, 0.1109879362419709500, -10.39063822560210900 ) ) ;
#274 = DIRECTION ( 'NONE',  ( 0.0000000000000000000, 1.000000000000000000, 4.034240641806527500E-015 ) ) ;
#275 = EDGE_LOOP ( 'NONE', ( #5298, #1518, #3321, #6561 ) ) ;
#276 = CARTESIAN_POINT ( 'NONE',  ( -6.660000000000001000, 5.400000000000000400, -12.18020133117153000 ) ) ;
#277 = AXIS2_PLACEMENT_3D ( 'NONE', #6813, #128, #6783 ) ;
#278 = DIRECTION ( 'NONE',  ( 1.000000000000000000, 3.649657616083114900E-016, 0.0000000000000000000 ) ) ;
#279 = FACE_OUTER_BOUND ( 'NONE', #3550, .T. ) ;
#280 = CARTESIAN_POINT ( 'NONE',  ( 13.33592814371259100, 4.105923505003997500, -6.895000000000020900 ) ) ;
#281 = EDGE_CURVE ( 'NONE', #2862, #1299, #2811, .T. ) ;
#282 = EDGE_LOOP ( 'NONE', ( #6875, #3376, #3979, #6805 ) ) ;
#283 = ORIENTED_EDGE ( 'NONE', *, *, #5398, .F. ) ;
#284 = CARTESIAN_POINT ( 'NONE',  ( 13.60000000000001600, 3.420000000000027500, -6.895000000000020900 ) ) ;
#285 = CARTESIAN_POINT ( 'NONE',  ( 2.219999999999998900, 3.879999999999999900, -15.10628448577629300 ) ) ;
#286 = DIRECTION ( 'NONE',  ( 0.0000000000000000000, 0.0000000000000000000, -1.000000000000000000 ) ) ;
#287 = CARTESIAN_POINT ( 'NONE',  ( 13.63043069035443200, -0.4131883529488403800, 6.616833913685941800 ) ) ;
#288 = FACE_OUTER_BOUND ( 'NONE', #858, .T. ) ;
#289 = CARTESIAN_POINT ( 'NONE',  ( 13.60000000000001000, 1.000000000000000000, -6.895000000000020900 ) ) ;
#290 = DIRECTION ( 'NONE',  ( 0.0000000000000000000, 1.000000000000000000, 0.0000000000000000000 ) ) ;
#291 = VECTOR ( 'NONE', #6454, 1000.000000000000000 ) ;
#292 = EDGE_CURVE ( 'NONE', #6183, #3712, #1494, .T. ) ;
#293 = FACE_OUTER_BOUND ( 'NONE', #693, .T. ) ;
#294 = LINE ( 'NONE', #2741, #5994 ) ;
#295 = TOROIDAL_SURFACE ( 'NONE', #3821, 50.85488151972597800, 1.000000000000000000 ) ;
#296 = DIRECTION ( 'NONE',  ( 1.000000000000000000, -0.0000000000000000000, -0.0000000000000000000 ) ) ;
#297 = CARTESIAN_POINT ( 'NONE',  ( -9.991930185743171900, 5.620000000000000100, -10.79499999999999800 ) ) ;
#298 = DIRECTION ( 'NONE',  ( -1.000000000000000000, -3.025680481354897600E-015, 0.0000000000000000000 ) ) ;
#299 = DIRECTION ( 'NONE',  ( 0.9706081822317430600, 0.0000000000000000000, -0.2406652375911231000 ) ) ;
#300 = AXIS2_PLACEMENT_3D ( 'NONE', #1914, #3001, #5268 ) ;
#301 = ORIENTED_EDGE ( 'NONE', *, *, #6173, .T. ) ;
#302 = VECTOR ( 'NONE', #6798, 1000.000000000000000 ) ;
#303 = CARTESIAN_POINT ( 'NONE',  ( -13.40000000000000900, 1.719999999999999300, 1.475891719243760800E-015 ) ) ;
#304 = VECTOR ( 'NONE', #3298, 1000.000000000000000 ) ;
#305 = DIRECTION ( 'NONE',  ( -0.0000000000000000000, -0.0000000000000000000, -1.000000000000000000 ) ) ;
#306 = CARTESIAN_POINT ( 'NONE',  ( 2.220000000000004200, 5.400000000000000400, -14.08868734058155400 ) ) ;
#307 = ORIENTED_EDGE ( 'NONE', *, *, #4698, .F. ) ;
#308 = ADVANCED_FACE ( 'NONE', ( #816 ), #1311, .T. ) ;
#309 = DIRECTION ( 'NONE',  ( 5.239278459556230500E-016, 0.0000000000000000000, -1.000000000000000000 ) ) ;
#310 = PLANE ( 'NONE',  #6672 ) ;
#311 = LINE ( 'NONE', #2715, #5564 ) ;
#312 = AXIS2_PLACEMENT_3D ( 'NONE', #2952, #6744, #651 ) ;
#313 = CARTESIAN_POINT ( 'NONE',  ( 13.70000000000000600, 7.546521107385085500E-015, 0.6349999999999784700 ) ) ;
#314 = CARTESIAN_POINT ( 'NONE',  ( 13.29999999999999500, 5.620000000000002800, -9.205000000000005400 ) ) ;
#315 = EDGE_CURVE ( 'NONE', #5416, #1378, #5024, .T. ) ;
#316 = DIRECTION ( 'NONE',  ( 0.0000000000000000000, 4.437822983238129900E-015, -1.000000000000000000 ) ) ;
#317 = CARTESIAN_POINT ( 'NONE',  ( 9.991930185743171900, 5.919999999999999900, -9.205000000000007200 ) ) ;
#318 = VECTOR ( 'NONE', #5096, 1000.000000000000000 ) ;
#319 = ORIENTED_EDGE ( 'NONE', *, *, #4219, .T. ) ;
#320 = DIRECTION ( 'NONE',  ( 0.0000000000000000000, -1.000000000000000000, -0.0000000000000000000 ) ) ;
#321 = DIRECTION ( 'NONE',  ( -0.5832407619048182200, 0.0000000000000000000, 0.8122993374690682400 ) ) ;
#322 = VERTEX_POINT ( 'NONE', #6473 ) ;
#323 = DIRECTION ( 'NONE',  ( 0.0000000000000000000, 0.0000000000000000000, -1.000000000000000000 ) ) ;
#324 = ORIENTED_EDGE ( 'NONE', *, *, #989, .F. ) ;
#325 = ORIENTED_EDGE ( 'NONE', *, *, #3998, .F. ) ;
#326 = ORIENTED_EDGE ( 'NONE', *, *, #6301, .F. ) ;
#327 = PLANE ( 'NONE',  #2131 ) ;
#328 = CIRCLE ( 'NONE', #4808, 50.85488151972597800 ) ;
#329 = CARTESIAN_POINT ( 'NONE',  ( -13.70000000000000600, 0.3000000000000074800, 0.6349999999999784700 ) ) ;
#330 = DIRECTION ( 'NONE',  ( -1.000000000000000000, 0.0000000000000000000, 0.0000000000000000000 ) ) ;
#331 = ORIENTED_EDGE ( 'NONE', *, *, #3671, .T. ) ;
#332 = ORIENTED_EDGE ( 'NONE', *, *, #6076, .T. ) ;
#333 = EDGE_CURVE ( 'NONE', #2941, #963, #6683, .T. ) ;
#334 = CARTESIAN_POINT ( 'NONE',  ( 13.50000000000001400, 2.792923449649105100, -6.895000000000020900 ) ) ;
#336 = CARTESIAN_POINT ( 'NONE',  ( 12.83188699548116100, 0.1200735897367172800, -7.949202021543182900 ) ) ;
#335 = AXIS2_PLACEMENT_3D ( 'NONE', #5407, #2669, #1046 ) ;
#337 = AXIS2_PLACEMENT_3D ( 'NONE', #709, #1817, #1294 ) ;
#338 = VERTEX_POINT ( 'NONE', #3675 ) ;
#339 = EDGE_LOOP ( 'NONE', ( #2767, #1323, #3385, #332 ) ) ;
#340 = CYLINDRICAL_SURFACE ( 'NONE', #1576, 0.2999999999999999300 ) ;
#341 = DIRECTION ( 'NONE',  ( 3.283444187973253400E-015, -1.000000000000000000, 0.0000000000000000000 ) ) ;
#342 = CARTESIAN_POINT ( 'NONE',  ( -13.40000000000000900, 1.720000000000006900, 0.6349999999999784700 ) ) ;
#343 = CARTESIAN_POINT ( 'NONE',  ( 13.60000000000001000, 5.400000000000000400, -6.895000000000020900 ) ) ;
#344 = EDGE_LOOP ( 'NONE', ( #2343, #2334, #1924, #5595 ) ) ;
#345 = VERTEX_POINT ( 'NONE', #4231 ) ;
#346 = ORIENTED_EDGE ( 'NONE', *, *, #2201, .F. ) ;
#347 = DIRECTION ( 'NONE',  ( 0.0000000000000000000, 0.0000000000000000000, -1.000000000000000000 ) ) ;
#348 = ORIENTED_EDGE ( 'NONE', *, *, #1815, .F. ) ;
#349 = ADVANCED_FACE ( 'NONE', ( #2899 ), #6429, .F. ) ;
#350 = EDGE_LOOP ( 'NONE', ( #5674, #4640, #4767, #4567 ) ) ;
#351 = FACE_OUTER_BOUND ( 'NONE', #1549, .T. ) ;
#352 = EDGE_CURVE ( 'NONE', #4314, #3893, #7125, .T. ) ;
#353 = ORIENTED_EDGE ( 'NONE', *, *, #444, .F. ) ;
#354 = EDGE_CURVE ( 'NONE', #6351, #1567, #3668, .T. ) ;
#355 = CARTESIAN_POINT ( 'NONE',  ( -6.104999999999997800, 5.720000000000000600, 3.927862566056165200 ) ) ;
#356 = DIRECTION ( 'NONE',  ( 0.0000000000000000000, 0.0000000000000000000, -1.000000000000000000 ) ) ;
#357 = EDGE_LOOP ( 'NONE', ( #6364, #138, #2234, #5408 ) ) ;
#358 = ADVANCED_FACE ( 'NONE', ( #4275 ), #1534, .T. ) ;
#359 = DIRECTION ( 'NONE',  ( 0.0000000000000000000, -1.000000000000000000, 0.0000000000000000000 ) ) ;
#360 = ORIENTED_EDGE ( 'NONE', *, *, #513, .F. ) ;
#361 = CIRCLE ( 'NONE', #2606, 0.7950000000000110300 ) ;
#362 = CARTESIAN_POINT ( 'NONE',  ( -8.673617379884035500E-015, 5.400000000000000400, 60.65107638281947500 ) ) ;
#363 = CARTESIAN_POINT ( 'NONE',  ( 9.991930185743170200, 5.620000000000000100, -10.79499999999999800 ) ) ;
#364 = ORIENTED_EDGE ( 'NONE', *, *, #1447, .T. ) ;
#365 = CARTESIAN_POINT ( 'NONE',  ( 2.220000000000003300, 5.400000000000000400, -15.30500000000002300 ) ) ;
#366 = CARTESIAN_POINT ( 'NONE',  ( 12.59999999999999800, 5.400000000000000400, 9.834999999999979500 ) ) ;
#367 = AXIS2_PLACEMENT_3D ( 'NONE', #5531, #6077, #2791 ) ;
#368 = ADVANCED_FACE ( 'NONE', ( #1670 ), #4771, .F. ) ;
#369 = FACE_OUTER_BOUND ( 'NONE', #1260, .T. ) ;
#370 = DIRECTION ( 'NONE',  ( 1.000000000000000000, 0.0000000000000000000, 0.0000000000000000000 ) ) ;
#371 = ORIENTED_EDGE ( 'NONE', *, *, #7102, .T. ) ;
#372 = CARTESIAN_POINT ( 'NONE',  ( -4.079999999999998300, 4.383326286608009600, -1.530520863929464100 ) ) ;
#373 = DIRECTION ( 'NONE',  ( -1.000000000000000000, 0.0000000000000000000, 0.0000000000000000000 ) ) ;
#374 = VECTOR ( 'NONE', #3589, 1000.000000000000000 ) ;
#375 = CARTESIAN_POINT ( 'NONE',  ( 6.104999999999997800, 5.919999999999999900, 3.927862566056165200 ) ) ;
#376 = AXIS2_PLACEMENT_3D ( 'NONE', #160, #2236, #6597 ) ;
#377 = EDGE_LOOP ( 'NONE', ( #4819, #2670, #6570, #106 ) ) ;
#378 = EDGE_LOOP ( 'NONE', ( #1616, #3144, #3555, #1621 ) ) ;
#379 = ORIENTED_EDGE ( 'NONE', *, *, #5307, .T. ) ;
#380 = EDGE_CURVE ( 'NONE', #2188, #6671, #29, .T. ) ;
#381 = CARTESIAN_POINT ( 'NONE',  ( -8.673617379884035500E-015, 5.200000000000001100, 60.65107638281947500 ) ) ;
#382 = CARTESIAN_POINT ( 'NONE',  ( 13.40000000000000900, 1.720000000000006900, -4.445000000000021600 ) ) ;
#383 = CARTESIAN_POINT ( 'NONE',  ( 12.84000000000000900, 1.000000000000000000, -10.39500000000000300 ) ) ;
#384 = ORIENTED_EDGE ( 'NONE', *, *, #3774, .T. ) ;
#385 = DIRECTION ( 'NONE',  ( 0.0000000000000000000, -3.491481338843133400E-015, 1.000000000000000000 ) ) ;
#386 = CARTESIAN_POINT ( 'NONE',  ( -13.60000000000001600, 3.420000000000027500, -6.895000000000020900 ) ) ;
#387 = EDGE_CURVE ( 'NONE', #1714, #3903, #2456, .T. ) ;
#388 = AXIS2_PLACEMENT_3D ( 'NONE', #1718, #5073, #4546 ) ;
#389 = DIRECTION ( 'NONE',  ( 3.025680481354897600E-015, -1.000000000000000000, 0.0000000000000000000 ) ) ;
#390 = ADVANCED_FACE ( 'NONE', ( #391 ), #2696, .T. ) ;
#391 = FACE_OUTER_BOUND ( 'NONE', #4569, .T. ) ;
#392 = LINE ( 'NONE', #38, #4687 ) ;
#393 = FACE_OUTER_BOUND ( 'NONE', #6489, .T. ) ;
#394 = ADVANCED_FACE ( 'NONE', ( #4096 ), #2672, .F. ) ;
#395 = DIRECTION ( 'NONE',  ( 0.0000000000000000000, -1.000000000000000000, -4.034240641806527500E-015 ) ) ;
#396 = CARTESIAN_POINT ( 'NONE',  ( -12.92578643762692000, 1.092332116235429500E-016, 6.712532488918583300 ) ) ;
#397 = CARTESIAN_POINT ( 'NONE',  ( -12.34000000000001200, 0.0000000000000000000, -8.173446322690201900 ) ) ;
#398 = PLANE ( 'NONE',  #810 ) ;
#399 = VECTOR ( 'NONE', #456, 1000.000000000000000 ) ;
#400 = VECTOR ( 'NONE', #5611, 1000.000000000000000 ) ;
#401 = EDGE_CURVE ( 'NONE', #2488, #2803, #731, .T. ) ;
#402 = AXIS2_PLACEMENT_3D ( 'NONE', #2467, #6328, #6373 ) ;
#403 = DIRECTION ( 'NONE',  ( 0.0000000000000000000, 0.0000000000000000000, -1.000000000000000000 ) ) ;
#404 = LINE ( 'NONE', #2296, #2402 ) ;
#405 = ADVANCED_FACE ( 'NONE', ( #1240 ), #5188, .T. ) ;
#406 = ORIENTED_EDGE ( 'NONE', *, *, #315, .T. ) ;
#407 = LINE ( 'NONE', #5735, #3941 ) ;
#408 = LINE ( 'NONE', #3043, #2994 ) ;
#409 = EDGE_CURVE ( 'NONE', #3920, #5475, #994, .T. ) ;
#410 = DIRECTION ( 'NONE',  ( -1.000000000000000000, 0.0000000000000000000, 0.0000000000000000000 ) ) ;
#411 = CARTESIAN_POINT ( 'NONE',  ( -1.499999999999999800, 5.400000000000000400, 9.818321446800455400 ) ) ;
#412 = VECTOR ( 'NONE', #3576, 1000.000000000000000 ) ;
#413 = DIRECTION ( 'NONE',  ( -1.000000000000000000, 3.025680481354897600E-015, -0.0000000000000000000 ) ) ;
#414 = CARTESIAN_POINT ( 'NONE',  ( -14.63074834367268000, 1.000000000000000900, 8.376898095237931900 ) ) ;
#415 = DIRECTION ( 'NONE',  ( 3.705389916733898200E-031, 1.224646799147353200E-016, -1.000000000000000000 ) ) ;
#416 = ORIENTED_EDGE ( 'NONE', *, *, #5704, .F. ) ;
#417 = AXIS2_PLACEMENT_3D ( 'NONE', #4465, #3944, #2335 ) ;
#418 = FACE_OUTER_BOUND ( 'NONE', #4228, .T. ) ;
#419 = DIRECTION ( 'NONE',  ( 0.0000000000000000000, 1.000000000000000000, 0.0000000000000000000 ) ) ;
#420 = EDGE_CURVE ( 'NONE', #1546, #6183, #6947, .T. ) ;
#421 = CARTESIAN_POINT ( 'NONE',  ( 13.60000000000001000, 1.720000000000006200, 0.6349999999999784700 ) ) ;
#422 = FACE_OUTER_BOUND ( 'NONE', #6, .T. ) ;
#423 = EDGE_LOOP ( 'NONE', ( #434, #1975, #718, #822 ) ) ;
#424 = ADVANCED_FACE ( 'NONE', ( #5544, #5464 ), #5462, .T. ) ;
#425 = ORIENTED_EDGE ( 'NONE', *, *, #2653, .T. ) ;
#426 = AXIS2_PLACEMENT_3D ( 'NONE', #4655, #1352, #3593 ) ;
#427 = ORIENTED_EDGE ( 'NONE', *, *, #5052, .T. ) ;
#428 = DIRECTION ( 'NONE',  ( -1.000000000000000000, 3.469446951953613400E-015, 1.101411730778925300E-016 ) ) ;
#429 = FACE_OUTER_BOUND ( 'NONE', #5037, .T. ) ;
#430 = LINE ( 'NONE', #3354, #2495 ) ;
#431 = ORIENTED_EDGE ( 'NONE', *, *, #1180, .T. ) ;
#432 = DIRECTION ( 'NONE',  ( -1.000000000000000000, -1.561960177346128800E-016, 0.0000000000000000000 ) ) ;
#433 = CARTESIAN_POINT ( 'NONE',  ( -13.40000000000000600, 0.3000000000000083700, 0.6349999999999784700 ) ) ;
#434 = ORIENTED_EDGE ( 'NONE', *, *, #5582, .F. ) ;
#435 =( BOUNDED_CURVE ( )  B_SPLINE_CURVE ( 3, ( #2870, #6623, #27, #4430 ),
 .UNSPECIFIED., .F., .F. ) 
 B_SPLINE_CURVE_WITH_KNOTS ( ( 4, 4 ),
 ( 0.0000000000000000000, 1.570796326794896600 ),
 .UNSPECIFIED. ) 
 CURVE ( )  GEOMETRIC_REPRESENTATION_ITEM ( )  RATIONAL_B_SPLINE_CURVE ( ( 1.000000000000000000, 0.8047378541243649400, 0.8047378541243649400, 1.000000000000000000 ) ) 
 REPRESENTATION_ITEM ( '' )  );
#436 = DIRECTION ( 'NONE',  ( 0.9706081822317425000, 0.0000000000000000000, 0.2406652375911247100 ) ) ;
#437 = ORIENTED_EDGE ( 'NONE', *, *, #292, .F. ) ;
#438 = CARTESIAN_POINT ( 'NONE',  ( -6.104999999999997800, 5.720000000000000600, 3.927862566056165200 ) ) ;
#439 = EDGE_LOOP ( 'NONE', ( #601, #4540 ) ) ;
#440 = ADVANCED_FACE ( 'NONE', ( #2550 ), #4322, .T. ) ;
#441 = LINE ( 'NONE', #6118, #6558 ) ;
#442 = ORIENTED_EDGE ( 'NONE', *, *, #6874, .T. ) ;
#443 = VERTEX_POINT ( 'NONE', #4885 ) ;
#444 = EDGE_CURVE ( 'NONE', #147, #2501, #6082, .T. ) ;
#445 = DIRECTION ( 'NONE',  ( 0.0000000000000000000, 0.0000000000000000000, -1.000000000000000000 ) ) ;
#447 = CARTESIAN_POINT ( 'NONE',  ( -4.079999999999998300, 4.586705258258603200, -1.544073054504602900 ) ) ;
#446 = AXIS2_PLACEMENT_3D ( 'NONE', #4863, #3245, #4254 ) ;
#448 = DIRECTION ( 'NONE',  ( 0.0000000000000000000, 0.0000000000000000000, 1.000000000000000000 ) ) ;
#449 = ORIENTED_EDGE ( 'NONE', *, *, #4476, .T. ) ;
#450 = DIRECTION ( 'NONE',  ( 1.000000000000000000, -3.614007241618327900E-015, 3.180326372624129100E-014 ) ) ;
#451 = FACE_OUTER_BOUND ( 'NONE', #7087, .T. ) ;
#452 = CARTESIAN_POINT ( 'NONE',  ( 2.500000000000002200, 3.000000000000000000, -12.73519967498293700 ) ) ;
#453 = EDGE_LOOP ( 'NONE', ( #1991, #6131, #1418, #360 ) ) ;
#454 = EDGE_CURVE ( 'NONE', #6299, #6284, #6761, .T. ) ;
#455 = FACE_OUTER_BOUND ( 'NONE', #936, .T. ) ;
#456 = DIRECTION ( 'NONE',  ( -0.0000000000000000000, -1.000000000000000000, -0.0000000000000000000 ) ) ;
#457 = ORIENTED_EDGE ( 'NONE', *, *, #3173, .T. ) ;
#458 = DIRECTION ( 'NONE',  ( 1.000000000000000000, 0.0000000000000000000, 0.0000000000000000000 ) ) ;
#459 = DIRECTION ( 'NONE',  ( -8.572527594031492900E-017, 1.000000000000000000, 0.0000000000000000000 ) ) ;
#460 = CYLINDRICAL_SURFACE ( 'NONE', #2785, 1.145000000000000200 ) ;
#461 = ORIENTED_EDGE ( 'NONE', *, *, #1275, .T. ) ;
#462 = ORIENTED_EDGE ( 'NONE', *, *, #763, .F. ) ;
#463 = DIRECTION ( 'NONE',  ( -0.0000000000000000000, -0.0000000000000000000, -1.000000000000000000 ) ) ;
#464 = ADVANCED_FACE ( 'NONE', ( #3160 ), #1083, .F. ) ;
#465 = CARTESIAN_POINT ( 'NONE',  ( 13.12550431994484500, 0.3679000465444455200, -6.002421173874641800 ) ) ;
#466 = EDGE_CURVE ( 'NONE', #6721, #5130, #3852, .T. ) ;
#467 = CARTESIAN_POINT ( 'NONE',  ( -13.29999999999999500, 5.620000000000002800, -9.205000000000005400 ) ) ;
#468 = CARTESIAN_POINT ( 'NONE',  ( -9.991930185743171900, 5.620000000000000100, -10.79499999999999800 ) ) ;
#469 = ORIENTED_EDGE ( 'NONE', *, *, #608, .F. ) ;
#470 = ORIENTED_EDGE ( 'NONE', *, *, #1656, .F. ) ;
#471 = DIRECTION ( 'NONE',  ( 0.0000000000000000000, 0.0000000000000000000, 1.000000000000000000 ) ) ;
#472 = CARTESIAN_POINT ( 'NONE',  ( -13.34000000000001200, 0.8595974392495598900, -7.646282237245134000 ) ) ;
#473 = AXIS2_PLACEMENT_3D ( 'NONE', #2938, #2342, #6283 ) ;
#474 = ADVANCED_FACE ( 'NONE', ( #2377 ), #2977, .F. ) ;
#475 = FACE_OUTER_BOUND ( 'NONE', #344, .T. ) ;
#476 = LINE ( 'NONE', #1850, #5987 ) ;
#477 = VECTOR ( 'NONE', #5957, 1000.000000000000000 ) ;
#478 = PLANE ( 'NONE',  #6237 ) ;
#479 = FACE_OUTER_BOUND ( 'NONE', #6801, .T. ) ;
#480 = CYLINDRICAL_SURFACE ( 'NONE', #2107, 1.145000000000000200 ) ;
#481 = DIRECTION ( 'NONE',  ( 0.0000000000000000000, 1.000000000000000000, 0.0000000000000000000 ) ) ;
#482 = VECTOR ( 'NONE', #3210, 1000.000000000000000 ) ;
#483 = EDGE_CURVE ( 'NONE', #2607, #1225, #911, .T. ) ;
#484 = AXIS2_PLACEMENT_3D ( 'NONE', #1706, #3896, #1092 ) ;
#485 = AXIS2_PLACEMENT_3D ( 'NONE', #5973, #7046, #2146 ) ;
#486 = CARTESIAN_POINT ( 'NONE',  ( -2.499999999999994700, 1.000000000000000000, -12.73519967498293700 ) ) ;
#487 = CARTESIAN_POINT ( 'NONE',  ( -12.60000000000000500, 5.400000000000000400, 9.834999999999976000 ) ) ;
#488 = EDGE_LOOP ( 'NONE', ( #1814, #1445, #5591, #1414 ) ) ;
#489 = FACE_OUTER_BOUND ( 'NONE', #5075, .T. ) ;
#490 = DIRECTION ( 'NONE',  ( 0.0000000000000000000, 0.0000000000000000000, 1.000000000000000000 ) ) ;
#491 = AXIS2_PLACEMENT_3D ( 'NONE', #3701, #4743, #925 ) ;
#492 = EDGE_LOOP ( 'NONE', ( #3936, #6715, #5435, #2597 ) ) ;
#493 = VECTOR ( 'NONE', #2796, 1000.000000000000000 ) ;
#494 = ADVANCED_FACE ( 'NONE', ( #204 ), #4079, .F. ) ;
#495 = ORIENTED_EDGE ( 'NONE', *, *, #6130, .T. ) ;
#496 = DIRECTION ( 'NONE',  ( 0.0000000000000000000, -1.000000000000000000, 0.0000000000000000000 ) ) ;
#497 = VECTOR ( 'NONE', #6202, 1000.000000000000000 ) ;
#498 = AXIS2_PLACEMENT_3D ( 'NONE', #2207, #6078, #6056 ) ;
#499 = DIRECTION ( 'NONE',  ( 0.0000000000000000000, -0.0000000000000000000, 1.000000000000000000 ) ) ;
#500 = DIRECTION ( 'NONE',  ( -1.363460477434492400E-016, -0.0000000000000000000, -1.000000000000000000 ) ) ;
#501 = DIRECTION ( 'NONE',  ( 0.0000000000000000000, -1.000000000000000000, 0.0000000000000000000 ) ) ;
#502 = ADVANCED_FACE ( 'NONE', ( #6600 ), #2995, .T. ) ;
#503 = VERTEX_POINT ( 'NONE', #136 ) ;
#504 = CARTESIAN_POINT ( 'NONE',  ( 1.500000000000000000, 5.200000000000001100, 10.81876546564532200 ) ) ;
#505 = ORIENTED_EDGE ( 'NONE', *, *, #2293, .F. ) ;
#506 = DIRECTION ( 'NONE',  ( 0.0000000000000000000, -1.000000000000000000, 0.0000000000000000000 ) ) ;
#507 = DIRECTION ( 'NONE',  ( -1.000000000000000000, 1.561960177346129100E-016, 0.0000000000000000000 ) ) ;
#508 = ORIENTED_EDGE ( 'NONE', *, *, #6374, .F. ) ;
#509 = AXIS2_PLACEMENT_3D ( 'NONE', #7017, #3141, #1008 ) ;
#510 = LINE ( 'NONE', #3822, #6027 ) ;
#511 = DIRECTION ( 'NONE',  ( -0.0000000000000000000, 0.0000000000000000000, 1.000000000000000000 ) ) ;
#512 = EDGE_CURVE ( 'NONE', #4543, #3903, #4946, .T. ) ;
#513 = EDGE_CURVE ( 'NONE', #2339, #930, #6255, .T. ) ;
#514 = ORIENTED_EDGE ( 'NONE', *, *, #3192, .F. ) ;
#515 = ORIENTED_EDGE ( 'NONE', *, *, #1987, .T. ) ;
#516 = EDGE_LOOP ( 'NONE', ( #6901, #1307, #3755, #4922 ) ) ;
#517 = FACE_OUTER_BOUND ( 'NONE', #2406, .T. ) ;
#518 = ORIENTED_EDGE ( 'NONE', *, *, #3939, .T. ) ;
#519 = VERTEX_POINT ( 'NONE', #1876 ) ;
#520 = VERTEX_POINT ( 'NONE', #5065 ) ;
#521 = CARTESIAN_POINT ( 'NONE',  ( -6.659999999999999300, 5.399999999999998600, -15.30500000000002300 ) ) ;
#522 = AXIS2_PLACEMENT_3D ( 'NONE', #4183, #6929, #2524 ) ;
#523 = DIRECTION ( 'NONE',  ( 0.0000000000000000000, 0.0000000000000000000, 1.000000000000000000 ) ) ;
#524 = EDGE_LOOP ( 'NONE', ( #1855, #5086, #1090, #4646 ) ) ;
#525 = VERTEX_POINT ( 'NONE', #6193 ) ;
#526 = LINE ( 'NONE', #2414, #6223 ) ;
#527 = DIRECTION ( 'NONE',  ( 1.000000000000000000, -0.0000000000000000000, -0.0000000000000000000 ) ) ;
#528 = DIRECTION ( 'NONE',  ( 0.0000000000000000000, 0.0000000000000000000, -1.000000000000000000 ) ) ;
#529 = ORIENTED_EDGE ( 'NONE', *, *, #744, .F. ) ;
#530 = ORIENTED_EDGE ( 'NONE', *, *, #2371, .F. ) ;
#531 = ADVANCED_FACE ( 'NONE', ( #5456 ), #6436, .T. ) ;
#532 = DIRECTION ( 'NONE',  ( 0.5832407619048172200, 0.0000000000000000000, 0.8122993374690689100 ) ) ;
#533 = CARTESIAN_POINT ( 'NONE',  ( 13.59999999999999600, 5.620000000000002800, 6.544999999999995500 ) ) ;
#534 = VERTEX_POINT ( 'NONE', #3505 ) ;
#535 = VECTOR ( 'NONE', #1919, 1000.000000000000000 ) ;
#536 = EDGE_CURVE ( 'NONE', #856, #338, #1397, .T. ) ;
#537 = DIRECTION ( 'NONE',  ( 0.0000000000000000000, 0.0000000000000000000, 1.000000000000000000 ) ) ;
#539 = CARTESIAN_POINT ( 'NONE',  ( -5.079999999999996500, 4.583326286608009800, -3.247895313489022900 ) ) ;
#538 = AXIS2_PLACEMENT_3D ( 'NONE', #5983, #7033, #5389 ) ;
#540 = VERTEX_POINT ( 'NONE', #3627 ) ;
#541 = VECTOR ( 'NONE', #5258, 1000.000000000000000 ) ;
#542 = CIRCLE ( 'NONE', #3605, 0.09999999999999939500 ) ;
#543 = DIRECTION ( 'NONE',  ( 1.000000000000000000, -0.0000000000000000000, -0.0000000000000000000 ) ) ;
#544 = ORIENTED_EDGE ( 'NONE', *, *, #3914, .T. ) ;
#545 = VERTEX_POINT ( 'NONE', #6905 ) ;
#546 = DIRECTION ( 'NONE',  ( 0.0000000000000000000, 0.0000000000000000000, 1.000000000000000000 ) ) ;
#547 = CARTESIAN_POINT ( 'NONE',  ( -13.49129207106330800, 5.620000000000002800, 6.760501741057834300 ) ) ;
#548 = CARTESIAN_POINT ( 'NONE',  ( -18.36499999999999800, 6.817866684653116900E-015, 0.6349999999999784700 ) ) ;
#549 = CARTESIAN_POINT ( 'NONE',  ( 4.054999999999997900, 5.720000000000000600, 3.927862566056165200 ) ) ;
#550 = DIRECTION ( 'NONE',  ( -0.0000000000000000000, -0.0000000000000000000, -1.000000000000000000 ) ) ;
#551 = VERTEX_POINT ( 'NONE', #5808 ) ;
#552 = CARTESIAN_POINT ( 'NONE',  ( 13.40000000000000900, 1.719999999999999300, 6.544999999999994600 ) ) ;
#553 = EDGE_CURVE ( 'NONE', #895, #1714, #558, .T. ) ;
#554 = EDGE_CURVE ( 'NONE', #3598, #4309, #1581, .T. ) ;
#555 = DIRECTION ( 'NONE',  ( 0.0000000000000000000, 0.0000000000000000000, 1.000000000000000000 ) ) ;
#556 = CARTESIAN_POINT ( 'NONE',  ( -13.63043069035443200, 5.620000000000002800, 6.616833913685941800 ) ) ;
#557 = DIRECTION ( 'NONE',  ( 1.000000000000000000, 0.0000000000000000000, -0.0000000000000000000 ) ) ;
#558 = LINE ( 'NONE', #5783, #638 ) ;
#559 = VECTOR ( 'NONE', #5954, 1000.000000000000000 ) ;
#560 = LINE ( 'NONE', #6045, #2125 ) ;
#561 = AXIS2_PLACEMENT_3D ( 'NONE', #6465, #7026, #4273 ) ;
#562 = ADVANCED_FACE ( 'NONE', ( #2290 ), #6309, .T. ) ;
#563 = CARTESIAN_POINT ( 'NONE',  ( -4.079999999999996500, 4.383326286608009600, -3.247895313489022900 ) ) ;
#564 = ORIENTED_EDGE ( 'NONE', *, *, #483, .T. ) ;
#565 = LINE ( 'NONE', #5730, #1502 ) ;
#566 = LINE ( 'NONE', #3089, #2987 ) ;
#567 = CARTESIAN_POINT ( 'NONE',  ( -16.03250000000000200, 1.108596721366428300E-014, -1.905000000000022000 ) ) ;
#568 = DIRECTION ( 'NONE',  ( 1.953517427901810700E-016, -1.000000000000000000, 0.0000000000000000000 ) ) ;
#569 = CARTESIAN_POINT ( 'NONE',  ( 12.36848664453580100, 5.620000000000002800, -11.09499999999999900 ) ) ;
#570 = DIRECTION ( 'NONE',  ( 0.0000000000000000000, -1.000000000000000000, -0.0000000000000000000 ) ) ;
#571 = VERTEX_POINT ( 'NONE', #6350 ) ;
#572 = CIRCLE ( 'NONE', #5823, 50.00000000000000000 ) ;
#573 = EDGE_CURVE ( 'NONE', #3812, #2411, #1078, .T. ) ;
#574 = FACE_OUTER_BOUND ( 'NONE', #199, .T. ) ;
#575 = DIRECTION ( 'NONE',  ( 0.0000000000000000000, 1.000000000000000000, 0.0000000000000000000 ) ) ;
#576 = DIRECTION ( 'NONE',  ( 0.0000000000000000000, 1.000000000000000000, 0.0000000000000000000 ) ) ;
#577 = DIRECTION ( 'NONE',  ( 0.0000000000000000000, 0.0000000000000000000, 1.000000000000000000 ) ) ;
#578 = CARTESIAN_POINT ( 'NONE',  ( -9.294972081687152600, 0.09543502228208171300, -10.39462847770841800 ) ) ;
#579 = FACE_OUTER_BOUND ( 'NONE', #2317, .T. ) ;
#580 = DIRECTION ( 'NONE',  ( -0.0000000000000000000, -1.000000000000000000, -4.034240641806527500E-015 ) ) ;
#581 = CARTESIAN_POINT ( 'NONE',  ( 12.59999999999999800, 1.000000000000000000, 9.834999999999979500 ) ) ;
#582 = CARTESIAN_POINT ( 'NONE',  ( 13.60000000000001000, 1.720000000000006200, 0.6349999999999784700 ) ) ;
#583 = CARTESIAN_POINT ( 'NONE',  ( -6.079999999999998300, 4.683326286608007600, -1.569848563824564300 ) ) ;
#584 = EDGE_CURVE ( 'NONE', #6707, #3920, #6937, .T. ) ;
#585 = EDGE_CURVE ( 'NONE', #1472, #3026, #6756, .T. ) ;
#586 = CARTESIAN_POINT ( 'NONE',  ( 12.47092326208952100, 1.084202172485504400E-016, -9.960461631044758200 ) ) ;
#587 = FACE_OUTER_BOUND ( 'NONE', #4820, .T. ) ;
#588 = ORIENTED_EDGE ( 'NONE', *, *, #6001, .T. ) ;
#589 = CARTESIAN_POINT ( 'NONE',  ( 13.60000000000001000, 3.420000000000027500, -6.895000000000020900 ) ) ;
#590 = LINE ( 'NONE', #2963, #6634 ) ;
#591 = ORIENTED_EDGE ( 'NONE', *, *, #6608, .T. ) ;
#592 = ORIENTED_EDGE ( 'NONE', *, *, #7091, .T. ) ;
#593 = DIRECTION ( 'NONE',  ( 1.000000000000000000, -0.0000000000000000000, -0.0000000000000000000 ) ) ;
#594 = EDGE_CURVE ( 'NONE', #3389, #5381, #2726, .T. ) ;
#595 = PLANE ( 'NONE',  #850 ) ;
#596 = ORIENTED_EDGE ( 'NONE', *, *, #4102, .T. ) ;
#597 = ADVANCED_FACE ( 'NONE', ( #5630 ), #5190, .F. ) ;
#598 = LINE ( 'NONE', #5383, #64 ) ;
#599 = DIRECTION ( 'NONE',  ( 0.0000000000000000000, 0.0000000000000000000, 1.000000000000000000 ) ) ;
#600 = LINE ( 'NONE', #382, #4466 ) ;
#601 = ORIENTED_EDGE ( 'NONE', *, *, #7119, .T. ) ;
#602 = EDGE_LOOP ( 'NONE', ( #5056, #1452, #3329, #1988 ) ) ;
#603 = DIRECTION ( 'NONE',  ( 0.0000000000000000000, 0.0000000000000000000, -1.000000000000000000 ) ) ;
#604 = AXIS2_PLACEMENT_3D ( 'NONE', #123, #2915, #6782 ) ;
#605 = DIRECTION ( 'NONE',  ( -1.000000000000000000, -0.0000000000000000000, -0.0000000000000000000 ) ) ;
#606 = CARTESIAN_POINT ( 'NONE',  ( -13.60000000000001000, 1.720000000000006200, 0.6349999999999784700 ) ) ;
#607 = VERTEX_POINT ( 'NONE', #1996 ) ;
#608 = EDGE_CURVE ( 'NONE', #4738, #3508, #7117, .T. ) ;
#609 = CARTESIAN_POINT ( 'NONE',  ( 12.34000000000000700, 5.400000000000000400, -5.616553677309846100 ) ) ;
#610 = ORIENTED_EDGE ( 'NONE', *, *, #6031, .F. ) ;
#611 = VECTOR ( 'NONE', #3952, 1000.000000000000000 ) ;
#612 = ORIENTED_EDGE ( 'NONE', *, *, #4278, .F. ) ;
#613 = ORIENTED_EDGE ( 'NONE', *, *, #4563, .F. ) ;
#614 = CARTESIAN_POINT ( 'NONE',  ( -13.30000000000001700, 4.199246430854877600, -6.895000000000020900 ) ) ;
#615 = CARTESIAN_POINT ( 'NONE',  ( 9.991930185743170200, 5.719999999999999800, -10.79499999999999800 ) ) ;
#616 = ORIENTED_EDGE ( 'NONE', *, *, #6173, .F. ) ;
#617 = LINE ( 'NONE', #2505, #6909 ) ;
#618 = ORIENTED_EDGE ( 'NONE', *, *, #6149, .F. ) ;
#619 = AXIS2_PLACEMENT_3D ( 'NONE', #4841, #1525, #5944 ) ;
#620 = DIRECTION ( 'NONE',  ( 0.0000000000000000000, -1.000000000000000000, 0.0000000000000000000 ) ) ;
#621 = DIRECTION ( 'NONE',  ( 0.0000000000000000000, 0.0000000000000000000, 1.000000000000000000 ) ) ;
#622 = FACE_OUTER_BOUND ( 'NONE', #3798, .T. ) ;
#623 = DIRECTION ( 'NONE',  ( -3.491481338843133400E-015, -1.000000000000000000, 3.845558504397534600E-031 ) ) ;
#624 = PLANE ( 'NONE',  #3902 ) ;
#625 = ORIENTED_EDGE ( 'NONE', *, *, #3969, .F. ) ;
#626 = CARTESIAN_POINT ( 'NONE',  ( -1.734723475976806700E-015, 5.200000000000001100, -2.805000000000021900 ) ) ;
#627 = EDGE_CURVE ( 'NONE', #832, #6717, #4007, .T. ) ;
#628 = CIRCLE ( 'NONE', #3518, 2.500000000000002200 ) ;
#629 = ORIENTED_EDGE ( 'NONE', *, *, #2405, .T. ) ;
#630 = VECTOR ( 'NONE', #1348, 1000.000000000000000 ) ;
#631 = ADVANCED_FACE ( 'NONE', ( #2542 ), #1232, .T. ) ;
#632 = VERTEX_POINT ( 'NONE', #4106 ) ;
#633 = CARTESIAN_POINT ( 'NONE',  ( -13.40000000000000900, 1.719999999999999300, 6.544999999999994600 ) ) ;
#634 = AXIS2_PLACEMENT_3D ( 'NONE', #4977, #2833, #5004 ) ;
#635 = DIRECTION ( 'NONE',  ( 0.0000000000000000000, -1.000000000000000000, 0.0000000000000000000 ) ) ;
#636 = CARTESIAN_POINT ( 'NONE',  ( -6.079999999999999200, 4.383326286608009600, -3.247895313489022900 ) ) ;
#637 = CARTESIAN_POINT ( 'NONE',  ( -6.747374629565455500, 5.720000000000000600, 11.09499999999999900 ) ) ;
#638 = VECTOR ( 'NONE', #4645, 1000.000000000000000 ) ;
#639 = LINE ( 'NONE', #1757, #3930 ) ;
#640 = CIRCLE ( 'NONE', #3497, 0.6270765503509231300 ) ;
#641 = DIRECTION ( 'NONE',  ( -0.0000000000000000000, 0.0000000000000000000, -1.000000000000000000 ) ) ;
#642 = DIRECTION ( 'NONE',  ( -1.000000000000000000, -0.0000000000000000000, -0.0000000000000000000 ) ) ;
#643 = AXIS2_PLACEMENT_3D ( 'NONE', #7142, #4344, #2204 ) ;
#644 = CARTESIAN_POINT ( 'NONE',  ( -8.673617379884035500E-015, 1.000000000000000000, 60.65107638281947500 ) ) ;
#645 = EDGE_CURVE ( 'NONE', #3447, #5656, #2890, .T. ) ;
#646 = EDGE_CURVE ( 'NONE', #3430, #3034, #2373, .T. ) ;
#647 = FACE_OUTER_BOUND ( 'NONE', #2863, .T. ) ;
#648 = LINE ( 'NONE', #6658, #4014 ) ;
#649 = DIRECTION ( 'NONE',  ( -1.000000000000000000, 0.0000000000000000000, 0.0000000000000000000 ) ) ;
#650 = LINE ( 'NONE', #5992, #733 ) ;
#651 = DIRECTION ( 'NONE',  ( 0.0000000000000000000, 3.491481338843133400E-015, -1.000000000000000000 ) ) ;
#652 = ORIENTED_EDGE ( 'NONE', *, *, #5273, .T. ) ;
#653 = VECTOR ( 'NONE', #931, 1000.000000000000000 ) ;
#654 = AXIS2_PLACEMENT_3D ( 'NONE', #2873, #5664, #2386 ) ;
#655 = EDGE_CURVE ( 'NONE', #1662, #6725, #3056, .T. ) ;
#656 = FACE_OUTER_BOUND ( 'NONE', #782, .T. ) ;
#657 = EDGE_CURVE ( 'NONE', #6749, #2678, #111, .T. ) ;
#658 = DIRECTION ( 'NONE',  ( -1.000000000000000000, 0.0000000000000000000, 0.0000000000000000000 ) ) ;
#659 = DIRECTION ( 'NONE',  ( 0.0000000000000000000, 0.0000000000000000000, 1.000000000000000000 ) ) ;
#660 = ORIENTED_EDGE ( 'NONE', *, *, #5928, .T. ) ;
#661 = CARTESIAN_POINT ( 'NONE',  ( -4.079999999999998300, 4.583326286608009800, -1.569848563824564300 ) ) ;
#662 = DIRECTION ( 'NONE',  ( 1.000000000000000000, 1.953517427901810700E-016, 0.0000000000000000000 ) ) ;
#663 = VECTOR ( 'NONE', #1143, 1000.000000000000000 ) ;
#664 = CARTESIAN_POINT ( 'NONE',  ( -13.60000000000001600, 3.420000000000027500, -6.895000000000020900 ) ) ;
#665 = EDGE_CURVE ( 'NONE', #3349, #3107, #4855, .T. ) ;
#666 = ORIENTED_EDGE ( 'NONE', *, *, #2762, .F. ) ;
#667 = ADVANCED_FACE ( 'NONE', ( #5275 ), #4235, .F. ) ;
#668 = FACE_OUTER_BOUND ( 'NONE', #6461, .T. ) ;
#669 = ORIENTED_EDGE ( 'NONE', *, *, #2878, .F. ) ;
#670 = CARTESIAN_POINT ( 'NONE',  ( 4.079999999999996500, 4.383326286608009600, -3.247895313489022900 ) ) ;
#671 = ORIENTED_EDGE ( 'NONE', *, *, #1815, .T. ) ;
#672 = DIRECTION ( 'NONE',  ( -1.000000000000000000, 0.0000000000000000000, 0.0000000000000000000 ) ) ;
#673 = VERTEX_POINT ( 'NONE', #6408 ) ;
#674 = ORIENTED_EDGE ( 'NONE', *, *, #231, .T. ) ;
#675 = VERTEX_POINT ( 'NONE', #4769 ) ;
#676 = LINE ( 'NONE', #1064, #5846 ) ;
#677 = CARTESIAN_POINT ( 'NONE',  ( -13.60000000000001000, 1.720000000000006200, -4.445000000000021600 ) ) ;
#678 = DIRECTION ( 'NONE',  ( 1.000000000000000000, 0.0000000000000000000, 0.0000000000000000000 ) ) ;
#679 = VERTEX_POINT ( 'NONE', #1470 ) ;
#680 = VERTEX_POINT ( 'NONE', #5903 ) ;
#681 = DIRECTION ( 'NONE',  ( -1.101411730778925300E-016, 3.821289572196896500E-031, -1.000000000000000000 ) ) ;
#682 = VERTEX_POINT ( 'NONE', #1490 ) ;
#683 = ORIENTED_EDGE ( 'NONE', *, *, #5367, .T. ) ;
#684 = LINE ( 'NONE', #5666, #4909 ) ;
#685 = EDGE_CURVE ( 'NONE', #1721, #856, #6337, .T. ) ;
#686 = CARTESIAN_POINT ( 'NONE',  ( 13.70000000000000600, 7.546521107385085500E-015, -4.445000000000021600 ) ) ;
#687 = EDGE_CURVE ( 'NONE', #6679, #6883, #4678, .T. ) ;
#688 = ORIENTED_EDGE ( 'NONE', *, *, #4153, .T. ) ;
#689 = ORIENTED_EDGE ( 'NONE', *, *, #4413, .T. ) ;
#690 = VERTEX_POINT ( 'NONE', #2632 ) ;
#691 = CARTESIAN_POINT ( 'NONE',  ( 12.36848664453580100, 5.919999999999999900, -11.09499999999999900 ) ) ;
#692 = DIRECTION ( 'NONE',  ( 1.000000000000000000, 0.0000000000000000000, 0.0000000000000000000 ) ) ;
#693 = EDGE_LOOP ( 'NONE', ( #3699, #2238, #514, #1250 ) ) ;
#694 = CARTESIAN_POINT ( 'NONE',  ( 12.92578643762691600, 5.412880918677598500E-016, -10.18789321881345700 ) ) ;
#695 = ORIENTED_EDGE ( 'NONE', *, *, #6239, .T. ) ;
#696 = VECTOR ( 'NONE', #3493, 1000.000000000000000 ) ;
#697 = ORIENTED_EDGE ( 'NONE', *, *, #420, .T. ) ;
#698 = DIRECTION ( 'NONE',  ( 0.0000000000000000000, -0.0000000000000000000, 1.000000000000000000 ) ) ;
#699 = ORIENTED_EDGE ( 'NONE', *, *, #6140, .F. ) ;
#700 = CARTESIAN_POINT ( 'NONE',  ( 12.59999999999999600, 5.919999999999999900, 6.544999999999995500 ) ) ;
#701 = ORIENTED_EDGE ( 'NONE', *, *, #4164, .T. ) ;
#702 = LINE ( 'NONE', #6165, #6487 ) ;
#703 = ORIENTED_EDGE ( 'NONE', *, *, #4890, .T. ) ;
#704 = CARTESIAN_POINT ( 'NONE',  ( 12.73533255410653300, 0.06750116944101558500, -10.29033255410660400 ) ) ;
#705 = LINE ( 'NONE', #5087, #2798 ) ;
#706 = PLANE ( 'NONE',  #1237 ) ;
#707 = EDGE_CURVE ( 'NONE', #1507, #3807, #4352, .T. ) ;
#708 = AXIS2_PLACEMENT_3D ( 'NONE', #2321, #3482, #2352 ) ;
#709 = CARTESIAN_POINT ( 'NONE',  ( -8.673617379884035500E-015, 5.720000000000000600, 60.65107638281947500 ) ) ;
#710 = AXIS2_PLACEMENT_3D ( 'NONE', #5689, #735, #4551 ) ;
#711 = EDGE_LOOP ( 'NONE', ( #4382, #3715, #7000, #4037 ) ) ;
#712 = DIRECTION ( 'NONE',  ( 0.5832407619048193300, 0.0000000000000000000, -0.8122993374690675700 ) ) ;
#713 = DIRECTION ( 'NONE',  ( 0.0000000000000000000, -1.000000000000000000, 0.0000000000000000000 ) ) ;
#714 = VECTOR ( 'NONE', #6387, 1000.000000000000000 ) ;
#715 = CARTESIAN_POINT ( 'NONE',  ( -1.734723475976806700E-015, 5.400000000000000400, -2.805000000000021900 ) ) ;
#716 = CARTESIAN_POINT ( 'NONE',  ( -6.747374629565455500, 5.720000000000000600, 9.594999999999997100 ) ) ;
#717 = ADVANCED_FACE ( 'NONE', ( #475 ), #929, .T. ) ;
#718 = ORIENTED_EDGE ( 'NONE', *, *, #6530, .T. ) ;
#719 = ORIENTED_EDGE ( 'NONE', *, *, #2062, .F. ) ;
#720 = ORIENTED_EDGE ( 'NONE', *, *, #808, .F. ) ;
#721 = CARTESIAN_POINT ( 'NONE',  ( -13.40000000000001600, 4.199246430854876700, -6.895000000000020900 ) ) ;
#722 = EDGE_CURVE ( 'NONE', #5840, #3893, #6622, .T. ) ;
#723 = EDGE_CURVE ( 'NONE', #682, #6023, #6459, .T. ) ;
#725 = DIRECTION ( 'NONE',  ( 0.0000000000000000000, 0.0000000000000000000, 1.000000000000000000 ) ) ;
#724 =( GEOMETRIC_REPRESENTATION_CONTEXT ( 3 ) GLOBAL_UNCERTAINTY_ASSIGNED_CONTEXT ( ( #3615 ) ) GLOBAL_UNIT_ASSIGNED_CONTEXT ( ( #4976, #1612, #3344 ) ) REPRESENTATION_CONTEXT ( 'NONE', 'WORKASPACE' ) );
#726 = CARTESIAN_POINT ( 'NONE',  ( -4.079999999999998300, 2.304219872357979000, 3.927862566056164400 ) ) ;
#727 = EDGE_LOOP ( 'NONE', ( #5758, #1190, #6312, #1712 ) ) ;
#728 = CARTESIAN_POINT ( 'NONE',  ( 13.70000000000000600, 0.2000000000000075600, 0.6349999999999784700 ) ) ;
#729 = DIRECTION ( 'NONE',  ( 1.561960177346129100E-016, -1.000000000000000000, 0.0000000000000000000 ) ) ;
#730 = AXIS2_PLACEMENT_3D ( 'NONE', #4059, #3465, #755 ) ;
#731 = LINE ( 'NONE', #1094, #4184 ) ;
#732 = VECTOR ( 'NONE', #4279, 1000.000000000000000 ) ;
#733 = VECTOR ( 'NONE', #4838, 1000.000000000000000 ) ;
#734 = DIRECTION ( 'NONE',  ( 0.5832407619048173300, 0.0000000000000000000, 0.8122993374690687900 ) ) ;
#735 = DIRECTION ( 'NONE',  ( 1.101411730778925300E-016, 3.821289572196896500E-031, -1.000000000000000000 ) ) ;
#736 = DIRECTION ( 'NONE',  ( -1.472359708348122600E-030, -4.034240641806527500E-015, 1.000000000000000000 ) ) ;
#737 = CARTESIAN_POINT ( 'NONE',  ( 9.515411768708499800, 0.7237865548333096700, -10.86558132636015200 ) ) ;
#738 = LINE ( 'NONE', #4831, #5993 ) ;
#739 = LINE ( 'NONE', #802, #5382 ) ;
#740 = CIRCLE ( 'NONE', #3004, 0.2999999999999999300 ) ;
#741 = AXIS2_PLACEMENT_3D ( 'NONE', #6650, #4452, #2823 ) ;
#742 = EDGE_CURVE ( 'NONE', #866, #3137, #3877, .T. ) ;
#743 = CARTESIAN_POINT ( 'NONE',  ( 4.079999999999998300, 5.919999999999999900, 3.927862566056165200 ) ) ;
#744 = EDGE_CURVE ( 'NONE', #4253, #4311, #4120, .T. ) ;
#745 = DIRECTION ( 'NONE',  ( 0.0000000000000000000, 0.0000000000000000000, -1.000000000000000000 ) ) ;
#746 = ORIENTED_EDGE ( 'NONE', *, *, #5553, .T. ) ;
#747 = VECTOR ( 'NONE', #6957, 1000.000000000000000 ) ;
#748 = VECTOR ( 'NONE', #5390, 1000.000000000000000 ) ;
#749 = DIRECTION ( 'NONE',  ( 0.0000000000000000000, 1.000000000000000000, 0.0000000000000000000 ) ) ;
#750 = FILL_AREA_STYLE ('',( #4052 ) ) ;
#751 = DIRECTION ( 'NONE',  ( 0.0000000000000000000, 0.0000000000000000000, -1.000000000000000000 ) ) ;
#752 = EDGE_LOOP ( 'NONE', ( #5665, #5701 ) ) ;
#753 = EDGE_CURVE ( 'NONE', #2991, #525, #6540, .T. ) ;
#754 = ADVANCED_FACE ( 'NONE', ( #587 ), #5011, .T. ) ;
#755 = DIRECTION ( 'NONE',  ( 0.0000000000000000000, -1.000000000000000000, 0.0000000000000000000 ) ) ;
#756 = AXIS2_PLACEMENT_3D ( 'NONE', #5906, #2635, #5292 ) ;
#757 = LINE ( 'NONE', #5880, #224 ) ;
#758 = CARTESIAN_POINT ( 'NONE',  ( 12.43816849026806200, 9.255405423085209000E-005, -9.993168490268059800 ) ) ;
#759 = PLANE ( 'NONE',  #2933 ) ;
#760 = VERTEX_POINT ( 'NONE', #563 ) ;
#761 = LINE ( 'NONE', #2546, #6282 ) ;
#762 = VERTEX_POINT ( 'NONE', #1121 ) ;
#763 = EDGE_CURVE ( 'NONE', #4092, #534, #6793, .T. ) ;
#764 = AXIS2_PLACEMENT_3D ( 'NONE', #342, #880, #1468 ) ;
#765 = DIRECTION ( 'NONE',  ( -1.000000000000000000, 3.025680481354897600E-015, 0.0000000000000000000 ) ) ;
#766 = CARTESIAN_POINT ( 'NONE',  ( -8.673617379884035500E-015, 3.879999999999999900, 60.65107638281947500 ) ) ;
#767 = VECTOR ( 'NONE', #1870, 1000.000000000000000 ) ;
#768 = VERTEX_POINT ( 'NONE', #3352 ) ;
#769 = EDGE_LOOP ( 'NONE', ( #4339, #2302, #4467, #1627 ) ) ;
#770 = CARTESIAN_POINT ( 'NONE',  ( 13.34000000000001100, 5.400000000000000400, -10.39500000000000300 ) ) ;
#771 = ORIENTED_EDGE ( 'NONE', *, *, #5856, .T. ) ;
#772 = DIRECTION ( 'NONE',  ( 0.5832407619048182200, 0.0000000000000000000, -0.8122993374690682400 ) ) ;
#773 = LINE ( 'NONE', #1931, #2079 ) ;
#774 = CARTESIAN_POINT ( 'NONE',  ( -12.84000000000000900, 0.4142135623730964200, -10.89500000000001000 ) ) ;
#775 = AXIS2_PLACEMENT_3D ( 'NONE', #6834, #785, #4617 ) ;
#776 = VECTOR ( 'NONE', #1747, 1000.000000000000100 ) ;
#777 = ORIENTED_EDGE ( 'NONE', *, *, #4413, .F. ) ;
#778 = EDGE_CURVE ( 'NONE', #3725, #5870, #1183, .T. ) ;
#779 = ORIENTED_EDGE ( 'NONE', *, *, #959, .F. ) ;
#780 = DIRECTION ( 'NONE',  ( 0.0000000000000000000, 0.0000000000000000000, -1.000000000000000000 ) ) ;
#781 = DIRECTION ( 'NONE',  ( -0.0000000000000000000, -0.0000000000000000000, 1.000000000000000000 ) ) ;
#782 = EDGE_LOOP ( 'NONE', ( #4409, #5798, #162, #1392 ) ) ;
#783 = VECTOR ( 'NONE', #6935, 1000.000000000000000 ) ;
#784 = VERTEX_POINT ( 'NONE', #2232 ) ;
#785 = DIRECTION ( 'NONE',  ( 0.0000000000000000000, -1.000000000000000000, 0.0000000000000000000 ) ) ;
#786 = VERTEX_POINT ( 'NONE', #2766 ) ;
#787 = DIRECTION ( 'NONE',  ( -1.000000000000000000, 3.649657616083114900E-016, -0.0000000000000000000 ) ) ;
#788 = AXIS2_PLACEMENT_3D ( 'NONE', #4017, #3439, #3400 ) ;
#789 = VERTEX_POINT ( 'NONE', #3346 ) ;
#790 = CARTESIAN_POINT ( 'NONE',  ( 12.36848664453580100, 5.720000000000000600, -11.09499999999999900 ) ) ;
#791 = EDGE_CURVE ( 'NONE', #6034, #6410, #5396, .T. ) ;
#792 = VECTOR ( 'NONE', #6235, 1000.000000000000000 ) ;
#793 = DIRECTION ( 'NONE',  ( -0.0000000000000000000, 1.000000000000000000, -0.0000000000000000000 ) ) ;
#794 = DIRECTION ( 'NONE',  ( -1.000000000000000000, 0.0000000000000000000, -5.239278459556230500E-016 ) ) ;
#795 = VERTEX_POINT ( 'NONE', #3850 ) ;
#796 = LINE ( 'NONE', #2587, #5526 ) ;
#797 = DIRECTION ( 'NONE',  ( 0.0000000000000000000, 1.000000000000000000, 0.0000000000000000000 ) ) ;
#798 = AXIS2_PLACEMENT_3D ( 'NONE', #5838, #4701, #2555 ) ;
#799 = CARTESIAN_POINT ( 'NONE',  ( -6.747374629565455500, 5.919999999999999900, 9.594999999999997100 ) ) ;
#800 = EDGE_LOOP ( 'NONE', ( #3230, #5215, #2846, #5576 ) ) ;
#801 = DIRECTION ( 'NONE',  ( -1.000000000000000000, 3.252606517456504600E-015, 0.0000000000000000000 ) ) ;
#802 = CARTESIAN_POINT ( 'NONE',  ( -14.79703923862027700, 5.620000000000002800, 8.025084503675147500 ) ) ;
#803 = FACE_OUTER_BOUND ( 'NONE', #1206, .T. ) ;
#804 = ORIENTED_EDGE ( 'NONE', *, *, #1893, .T. ) ;
#805 = CARTESIAN_POINT ( 'NONE',  ( 5.079999999999996500, 5.720000000000000600, -3.247895313489022900 ) ) ;
#806 = ORIENTED_EDGE ( 'NONE', *, *, #791, .T. ) ;
#807 = DIRECTION ( 'NONE',  ( 1.000000000000000000, 0.0000000000000000000, 0.0000000000000000000 ) ) ;
#808 = EDGE_CURVE ( 'NONE', #2339, #4192, #5572, .T. ) ;
#809 = FACE_OUTER_BOUND ( 'NONE', #377, .T. ) ;
#810 = AXIS2_PLACEMENT_3D ( 'NONE', #3702, #419, #5927 ) ;
#811 = ORIENTED_EDGE ( 'NONE', *, *, #3656, .F. ) ;
#812 = DIRECTION ( 'NONE',  ( -1.000000000000000000, 8.572527594031490400E-017, 0.0000000000000000000 ) ) ;
#813 = DIRECTION ( 'NONE',  ( -0.0000000000000000000, -1.000000000000000000, -0.0000000000000000000 ) ) ;
#814 = FILL_AREA_STYLE_COLOUR ( '', #3404 ) ;
#815 = ORIENTED_EDGE ( 'NONE', *, *, #5596, .T. ) ;
#816 = FACE_OUTER_BOUND ( 'NONE', #7169, .T. ) ;
#817 = LINE ( 'NONE', #770, #3411 ) ;
#818 = AXIS2_PLACEMENT_3D ( 'NONE', #1388, #217, #5731 ) ;
#819 = CARTESIAN_POINT ( 'NONE',  ( 12.36848664453580100, 4.430000000000000600, -11.09500000000000400 ) ) ;
#820 = DIRECTION ( 'NONE',  ( 1.000000000000000000, -3.491481338843133400E-015, 0.0000000000000000000 ) ) ;
#821 = PLANE ( 'NONE',  #2014 ) ;
#822 = ORIENTED_EDGE ( 'NONE', *, *, #4836, .F. ) ;
#823 = FACE_BOUND ( 'NONE', #752, .T. ) ;
#824 = LINE ( 'NONE', #892, #2379 ) ;
#825 = CARTESIAN_POINT ( 'NONE',  ( -13.70000000000000600, 0.3000000000000074800, -4.445000000000021600 ) ) ;
#826 = CARTESIAN_POINT ( 'NONE',  ( -13.70000000000000600, 0.3000000000000074800, 0.6349999999999784700 ) ) ;
#827 = DIRECTION ( 'NONE',  ( 0.0000000000000000000, 0.0000000000000000000, -1.000000000000000000 ) ) ;
#828 = EDGE_CURVE ( 'NONE', #6777, #4359, #4971, .T. ) ;
#829 = DIRECTION ( 'NONE',  ( 0.0000000000000000000, -1.000000000000000000, 0.0000000000000000000 ) ) ;
#830 = ORIENTED_EDGE ( 'NONE', *, *, #3560, .F. ) ;
#831 = VECTOR ( 'NONE', #5171, 1000.000000000000000 ) ;
#832 = VERTEX_POINT ( 'NONE', #2797 ) ;
#833 = CARTESIAN_POINT ( 'NONE',  ( -12.34000000000001100, 1.000000000000000000, -5.616553677309848800 ) ) ;
#834 = CIRCLE ( 'NONE', #634, 0.7792464308548482400 ) ;
#835 = VERTEX_POINT ( 'NONE', #6029 ) ;
#836 = CARTESIAN_POINT ( 'NONE',  ( -13.31397264753881300, 0.7382520453158493100, -10.38198632376939100 ) ) ;
#837 = AXIS2_PLACEMENT_3D ( 'NONE', #2452, #6313, #3006 ) ;
#838 = VECTOR ( 'NONE', #6606, 1000.000000000000000 ) ;
#839 = EDGE_CURVE ( 'NONE', #2188, #6183, #1703, .T. ) ;
#840 = DIRECTION ( 'NONE',  ( 0.0000000000000000000, 0.0000000000000000000, 1.000000000000000000 ) ) ;
#841 = ORIENTED_EDGE ( 'NONE', *, *, #5118, .F. ) ;
#842 = ORIENTED_EDGE ( 'NONE', *, *, #1432, .F. ) ;
#843 = CARTESIAN_POINT ( 'NONE',  ( -13.60000000000001200, 1.720000000000000000, -9.205000000000005400 ) ) ;
#844 = VECTOR ( 'NONE', #2771, 1000.000000000000200 ) ;
#845 = CARTESIAN_POINT ( 'NONE',  ( -4.079999999999998300, 5.604581757840326100, 3.047427840906390200 ) ) ;
#846 = ORIENTED_EDGE ( 'NONE', *, *, #61, .F. ) ;
#847 = EDGE_CURVE ( 'NONE', #3478, #4987, #2237, .T. ) ;
#848 = CIRCLE ( 'NONE', #6304, 0.5000000000000004400 ) ;
#849 = CARTESIAN_POINT ( 'NONE',  ( 12.84000000000001100, 5.400000000000000400, -9.895000000000004900 ) ) ;
#850 = AXIS2_PLACEMENT_3D ( 'NONE', #2247, #3316, #5548 ) ;
#851 = ORIENTED_EDGE ( 'NONE', *, *, #1341, .T. ) ;
#852 = ORIENTED_EDGE ( 'NONE', *, *, #5005, .T. ) ;
#853 = DIRECTION ( 'NONE',  ( 0.0000000000000000000, 1.000000000000000000, 0.0000000000000000000 ) ) ;
#854 = CARTESIAN_POINT ( 'NONE',  ( 13.34000000000000900, 5.400000000000000400, 6.579228774286547400 ) ) ;
#855 = CARTESIAN_POINT ( 'NONE',  ( 6.079999999999998300, 4.586705258258603200, -1.544073054504602900 ) ) ;
#856 = VERTEX_POINT ( 'NONE', #4440 ) ;
#857 = CARTESIAN_POINT ( 'NONE',  ( -4.054999999999997900, 5.720000000000000600, -1.530520863929464100 ) ) ;
#858 = EDGE_LOOP ( 'NONE', ( #3623, #3679, #2935, #4169 ) ) ;
#859 = CIRCLE ( 'NONE', #235, 1.795000000000010100 ) ;
#860 = VERTEX_POINT ( 'NONE', #4978 ) ;
#861 = EDGE_LOOP ( 'NONE', ( #4923, #3487, #1594, #591 ) ) ;
#862 = AXIS2_PLACEMENT_3D ( 'NONE', #3559, #1863, #6924 ) ;
#863 = CARTESIAN_POINT ( 'NONE',  ( -13.28763736329622500, 0.6197113693868064900, -10.84263736329634900 ) ) ;
#864 = ORIENTED_EDGE ( 'NONE', *, *, #51, .T. ) ;
#865 = CARTESIAN_POINT ( 'NONE',  ( 12.84000000000000900, 5.400000000000000400, -10.39500000000000300 ) ) ;
#866 = VERTEX_POINT ( 'NONE', #1144 ) ;
#867 = LINE ( 'NONE', #6074, #6648 ) ;
#868 = EDGE_LOOP ( 'NONE', ( #2430, #4304, #6811, #1481 ) ) ;
#869 = DIRECTION ( 'NONE',  ( -1.000000000000000000, 0.0000000000000000000, 0.0000000000000000000 ) ) ;
#870 = ORIENTED_EDGE ( 'NONE', *, *, #4186, .T. ) ;
#871 = CARTESIAN_POINT ( 'NONE',  ( 9.991930185743170200, 5.620000000000000100, -10.79499999999999800 ) ) ;
#872 = ORIENTED_EDGE ( 'NONE', *, *, #6787, .F. ) ;
#873 = DIRECTION ( 'NONE',  ( 0.0000000000000000000, 0.0000000000000000000, -1.000000000000000000 ) ) ;
#874 = AXIS2_PLACEMENT_3D ( 'NONE', #3221, #5439, #6564 ) ;
#875 = ORIENTED_EDGE ( 'NONE', *, *, #4688, .T. ) ;
#876 = CYLINDRICAL_SURFACE ( 'NONE', #4980, 0.2999999999999999300 ) ;
#877 = EDGE_CURVE ( 'NONE', #835, #4428, #6701, .T. ) ;
#878 = ORIENTED_EDGE ( 'NONE', *, *, #1825, .F. ) ;
#879 = ORIENTED_EDGE ( 'NONE', *, *, #970, .F. ) ;
#880 = DIRECTION ( 'NONE',  ( 1.000000000000000000, 3.025680481354897600E-015, -0.0000000000000000000 ) ) ;
#881 = ORIENTED_EDGE ( 'NONE', *, *, #2213, .T. ) ;
#882 = DIRECTION ( 'NONE',  ( 0.0000000000000000000, 1.000000000000000000, 0.0000000000000000000 ) ) ;
#883 = VECTOR ( 'NONE', #5498, 1000.000000000000000 ) ;
#884 = DIRECTION ( 'NONE',  ( -1.000000000000000000, 0.0000000000000000000, 0.0000000000000000000 ) ) ;
#885 = AXIS2_PLACEMENT_3D ( 'NONE', #5942, #459, #3839 ) ;
#886 = EDGE_LOOP ( 'NONE', ( #3229, #588, #78, #4558 ) ) ;
#887 = EDGE_CURVE ( 'NONE', #5754, #5139, #5492, .T. ) ;
#888 = EDGE_CURVE ( 'NONE', #1132, #2443, #5925, .T. ) ;
#889 = LINE ( 'NONE', #2362, #1381 ) ;
#890 = CARTESIAN_POINT ( 'NONE',  ( -9.991930185743171900, 5.620000000000000100, -10.89499999999999800 ) ) ;
#891 = CARTESIAN_POINT ( 'NONE',  ( 12.36848664453580100, 5.719999999999999800, -10.79499999999999800 ) ) ;
#892 = CARTESIAN_POINT ( 'NONE',  ( -13.49129207106330600, -0.4131883529488403800, 6.760501741057831600 ) ) ;
#893 = LINE ( 'NONE', #2100, #5612 ) ;
#894 = CARTESIAN_POINT ( 'NONE',  ( 13.20270053065698200, 0.4768288836969770700, -6.050846264443440400 ) ) ;
#895 = VERTEX_POINT ( 'NONE', #3602 ) ;
#896 = ORIENTED_EDGE ( 'NONE', *, *, #1138, .T. ) ;
#897 = ORIENTED_EDGE ( 'NONE', *, *, #5669, .F. ) ;
#898 = CARTESIAN_POINT ( 'NONE',  ( -9.991930185743171900, 4.430000000000000600, -10.89500000000000300 ) ) ;
#899 = ADVANCED_FACE ( 'NONE', ( #3362 ), #1994, .T. ) ;
#900 = ADVANCED_FACE ( 'NONE', ( #418 ), #952, .F. ) ;
#901 = DIRECTION ( 'NONE',  ( -0.0000000000000000000, -0.0000000000000000000, 1.000000000000000000 ) ) ;
#902 = CARTESIAN_POINT ( 'NONE',  ( -4.054999999999997900, 5.720000000000000600, 3.927862566056165200 ) ) ;
#903 = CARTESIAN_POINT ( 'NONE',  ( 13.70000000000000600, 0.3000000000000074800, -4.445000000000021600 ) ) ;
#904 = FACE_OUTER_BOUND ( 'NONE', #2905, .T. ) ;
#905 = DIRECTION ( 'NONE',  ( 0.0000000000000000000, 0.0000000000000000000, -1.000000000000000000 ) ) ;
#906 = CARTESIAN_POINT ( 'NONE',  ( -1.734723475976806700E-015, 1.000000000000000000, -2.805000000000021900 ) ) ;
#907 = FACE_OUTER_BOUND ( 'NONE', #339, .T. ) ;
#908 = EDGE_CURVE ( 'NONE', #7154, #680, #230, .T. ) ;
#909 = DIRECTION ( 'NONE',  ( 1.000000000000000000, -1.561960177346129100E-016, 0.0000000000000000000 ) ) ;
#910 = ADVANCED_FACE ( 'NONE', ( #4462 ), #6629, .T. ) ;
#911 = LINE ( 'NONE', #1800, #5898 ) ;
#912 = LINE ( 'NONE', #2695, #6601 ) ;
#913 = VECTOR ( 'NONE', #2937, 1000.000000000000000 ) ;
#914 = DIRECTION ( 'NONE',  ( 0.0000000000000000000, -0.9662102834940516900, 0.2577550931996187600 ) ) ;
#915 = AXIS2_PLACEMENT_3D ( 'NONE', #6431, #373, #5885 ) ;
#916 = ORIENTED_EDGE ( 'NONE', *, *, #6376, .T. ) ;
#917 = FACE_OUTER_BOUND ( 'NONE', #2356, .T. ) ;
#918 = CARTESIAN_POINT ( 'NONE',  ( -13.60000000000001000, 3.420000000000027500, -6.895000000000020900 ) ) ;
#919 = VECTOR ( 'NONE', #4613, 1000.000000000000000 ) ;
#920 = DIRECTION ( 'NONE',  ( 0.0000000000000000000, -1.000000000000000000, 0.0000000000000000000 ) ) ;
#921 = EDGE_LOOP ( 'NONE', ( #1005, #596, #1907, #2316 ) ) ;
#922 = LINE ( 'NONE', #239, #6451 ) ;
#923 = CARTESIAN_POINT ( 'NONE',  ( -13.34000000000001100, 5.400000000000000400, -10.39500000000000700 ) ) ;
#924 = CIRCLE ( 'NONE', #5937, 0.09999999999999939500 ) ;
#925 = DIRECTION ( 'NONE',  ( 2.529033432039580700E-015, -1.000000000000000000, 0.0000000000000000000 ) ) ;
#926 = DIRECTION ( 'NONE',  ( 0.0000000000000000000, -0.0000000000000000000, 1.000000000000000000 ) ) ;
#927 = EDGE_CURVE ( 'NONE', #3908, #3349, #761, .T. ) ;
#928 = EDGE_CURVE ( 'NONE', #4644, #4309, #3005, .T. ) ;
#929 = PLANE ( 'NONE',  #1055 ) ;
#930 = VERTEX_POINT ( 'NONE', #4792 ) ;
#931 = DIRECTION ( 'NONE',  ( 0.0000000000000000000, -0.0000000000000000000, -1.000000000000000000 ) ) ;
#932 = CIRCLE ( 'NONE', #3837, 3.415780127642022100 ) ;
#933 = ADVANCED_FACE ( 'NONE', ( #3606 ), #7008, .T. ) ;
#934 = AXIS2_PLACEMENT_3D ( 'NONE', #4969, #4023, #6244 ) ;
#935 = ADVANCED_FACE ( 'NONE', ( #3953 ), #1387, .F. ) ;
#936 = EDGE_LOOP ( 'NONE', ( #379, #2746, #6305, #5491 ) ) ;
#937 = LINE ( 'NONE', #728, #5132 ) ;
#938 = DIRECTION ( 'NONE',  ( 0.0000000000000000000, 1.000000000000000000, 0.0000000000000000000 ) ) ;
#939 = DIRECTION ( 'NONE',  ( 1.000000000000000000, 3.025680481354897600E-015, -0.0000000000000000000 ) ) ;
#940 = VECTOR ( 'NONE', #3498, 1000.000000000000000 ) ;
#941 = ORIENTED_EDGE ( 'NONE', *, *, #7150, .T. ) ;
#942 = DIRECTION ( 'NONE',  ( 0.0000000000000000000, 0.9662102834940529100, -0.2577550931996145400 ) ) ;
#943 = DIRECTION ( 'NONE',  ( 0.0000000000000000000, 0.0000000000000000000, -1.000000000000000000 ) ) ;
#944 = ADVANCED_FACE ( 'NONE', ( #4621 ), #2021, .T. ) ;
#945 = ORIENTED_EDGE ( 'NONE', *, *, #1360, .F. ) ;
#946 = EDGE_CURVE ( 'NONE', #5361, #1618, #4215, .T. ) ;
#947 = DIRECTION ( 'NONE',  ( 0.0000000000000000000, -1.000000000000000000, 0.0000000000000000000 ) ) ;
#948 = AXIS2_PLACEMENT_3D ( 'NONE', #5940, #985, #5427 ) ;
#949 = ORIENTED_EDGE ( 'NONE', *, *, #4474, .F. ) ;
#950 = CYLINDRICAL_SURFACE ( 'NONE', #3395, 0.9999999999999991100 ) ;
#951 = CARTESIAN_POINT ( 'NONE',  ( -12.86500000000000000, 3.420000000000027500, -6.895000000000020900 ) ) ;
#952 = PLANE ( 'NONE',  #5606 ) ;
#953 = ORIENTED_EDGE ( 'NONE', *, *, #4285, .F. ) ;
#954 = CARTESIAN_POINT ( 'NONE',  ( -13.70000000000000600, 7.546521107385085500E-015, 0.6349999999999784700 ) ) ;
#955 = ORIENTED_EDGE ( 'NONE', *, *, #1893, .F. ) ;
#956 = ORIENTED_EDGE ( 'NONE', *, *, #3795, .F. ) ;
#957 = ORIENTED_EDGE ( 'NONE', *, *, #828, .T. ) ;
#958 = LINE ( 'NONE', #5621, #4828 ) ;
#959 = EDGE_CURVE ( 'NONE', #4428, #1074, #6976, .T. ) ;
#960 = ORIENTED_EDGE ( 'NONE', *, *, #4032, .T. ) ;
#961 = ORIENTED_EDGE ( 'NONE', *, *, #5377, .F. ) ;
#962 = DIRECTION ( 'NONE',  ( 0.0000000000000000000, 4.437822983238129900E-015, -1.000000000000000000 ) ) ;
#963 = VERTEX_POINT ( 'NONE', #6616 ) ;
#964 = VECTOR ( 'NONE', #2365, 1000.000000000000000 ) ;
#965 = CARTESIAN_POINT ( 'NONE',  ( 13.30000000000001300, 2.640753569145180400, -6.895000000000020900 ) ) ;
#966 = ORIENTED_EDGE ( 'NONE', *, *, #1951, .T. ) ;
#967 = CARTESIAN_POINT ( 'NONE',  ( 6.747374629565455500, 5.720000000000000600, 11.09499999999999900 ) ) ;
#968 = ADVANCED_FACE ( 'NONE', ( #3182 ), #6517, .F. ) ;
#969 = DIRECTION ( 'NONE',  ( 0.6956930964556291600, 0.0000000000000000000, -0.7183391368594493900 ) ) ;
#970 = EDGE_CURVE ( 'NONE', #322, #1456, #4039, .T. ) ;
#971 = LINE ( 'NONE', #5658, #6142 ) ;
#972 = CARTESIAN_POINT ( 'NONE',  ( -6.659999999999999300, 3.879999999999998100, -12.18020133117153000 ) ) ;
#973 = DIRECTION ( 'NONE',  ( 0.0000000000000000000, 0.0000000000000000000, 1.000000000000000000 ) ) ;
#974 = CARTESIAN_POINT ( 'NONE',  ( 5.079999999999996500, 4.583326286608009800, -3.247895313489022900 ) ) ;
#975 = CIRCLE ( 'NONE', #5346, 2.500000000000002200 ) ;
#976 = PLANE ( 'NONE',  #3578 ) ;
#977 = AXIS2_PLACEMENT_3D ( 'NONE', #5618, #6807, #4069 ) ;
#978 = EDGE_LOOP ( 'NONE', ( #3651, #6395, #2866, #5242 ) ) ;
#979 = ORIENTED_EDGE ( 'NONE', *, *, #6411, .T. ) ;
#980 = VERTEX_POINT ( 'NONE', #2793 ) ;
#981 = ADVANCED_FACE ( 'NONE', ( #1520 ), #1635, .T. ) ;
#982 = CARTESIAN_POINT ( 'NONE',  ( 13.29999999999999500, 5.620000000000002800, 6.544999999999995500 ) ) ;
#983 = PLANE ( 'NONE',  #2400 ) ;
#984 = ORIENTED_EDGE ( 'NONE', *, *, #2448, .F. ) ;
#985 = DIRECTION ( 'NONE',  ( 1.000000000000000000, -0.0000000000000000000, 0.0000000000000000000 ) ) ;
#986 = CARTESIAN_POINT ( 'NONE',  ( 6.079999999999998300, 5.604581757840326100, 3.047427840906390600 ) ) ;
#987 = EDGE_CURVE ( 'NONE', #3882, #2168, #2143, .T. ) ;
#988 = CARTESIAN_POINT ( 'NONE',  ( 13.69999999999999800, 5.620000000000002800, 6.544999999999995500 ) ) ;
#989 = EDGE_CURVE ( 'NONE', #762, #5863, #4297, .T. ) ;
#990 = AXIS2_PLACEMENT_3D ( 'NONE', #5709, #1265, #6872 ) ;
#991 = AXIS2_PLACEMENT_3D ( 'NONE', #5528, #5598, #6050 ) ;
#992 = PLANE ( 'NONE',  #619 ) ;
#993 = CARTESIAN_POINT ( 'NONE',  ( 13.49129207106330600, 5.620000000000002800, 6.760501741057831600 ) ) ;
#994 = LINE ( 'NONE', #4371, #3761 ) ;
#995 = CIRCLE ( 'NONE', #1675, 1.000000000000000000 ) ;
#996 = CIRCLE ( 'NONE', #2024, 12.50000000000000000 ) ;
#997 = DIRECTION ( 'NONE',  ( 3.491481338843133400E-015, -1.000000000000000000, 3.845558504397534600E-031 ) ) ;
#998 = CARTESIAN_POINT ( 'NONE',  ( 12.84000000000001100, 1.000000000000000000, -9.895000000000004900 ) ) ;
#999 = ORIENTED_EDGE ( 'NONE', *, *, #2789, .T. ) ;
#1000 = LINE ( 'NONE', #1140, #1241 ) ;
#1001 = EDGE_CURVE ( 'NONE', #2411, #5290, #54, .T. ) ;
#1002 = DIRECTION ( 'NONE',  ( -3.025680481354897600E-015, 1.000000000000000000, 0.0000000000000000000 ) ) ;
#1003 = PRODUCT_DEFINITION_CONTEXT ( 'detailed design', #1685, 'design' ) ;
#1004 = ADVANCED_FACE ( 'NONE', ( #5216 ), #4623, .T. ) ;
#1005 = ORIENTED_EDGE ( 'NONE', *, *, #2711, .F. ) ;
#1006 = VECTOR ( 'NONE', #1854, 1000.000000000000000 ) ;
#1007 = VECTOR ( 'NONE', #5702, 1000.000000000000000 ) ;
#1008 = DIRECTION ( 'NONE',  ( 3.025680481354897600E-015, 1.000000000000000000, 0.0000000000000000000 ) ) ;
#1009 = AXIS2_PLACEMENT_3D ( 'NONE', #1607, #997, #2112 ) ;
#1010 = CARTESIAN_POINT ( 'NONE',  ( -5.079999999999996500, 4.383326286608009600, -3.247895313489022900 ) ) ;
#1011 = DIRECTION ( 'NONE',  ( 3.025680481354897600E-015, 1.000000000000000000, 0.0000000000000000000 ) ) ;
#1012 = VECTOR ( 'NONE', #4545, 1000.000000000000000 ) ;
#1013 = DIRECTION ( 'NONE',  ( 0.0000000000000000000, 0.0000000000000000000, -1.000000000000000000 ) ) ;
#1014 = CARTESIAN_POINT ( 'NONE',  ( 4.315801865891753400, 1.000000000000000000, -4.274522504775854200 ) ) ;
#1015 = ADVANCED_FACE ( 'NONE', ( #3525 ), #6732, .T. ) ;
#1016 = DIRECTION ( 'NONE',  ( 1.000000000000000000, -0.0000000000000000000, 5.239278459556229500E-016 ) ) ;
#1017 = DIRECTION ( 'NONE',  ( -1.000000000000000000, 2.891205793294679000E-015, 0.0000000000000000000 ) ) ;
#1018 = CARTESIAN_POINT ( 'NONE',  ( 11.99833690602219600, 5.400000000000000400, 12.26152045557934900 ) ) ;
#1019 = EDGE_LOOP ( 'NONE', ( #6372, #2076, #4137, #2497, #3205, #6049, #4917, #6306 ) ) ;
#1020 = VECTOR ( 'NONE', #6081, 1000.000000000000000 ) ;
#1021 = CARTESIAN_POINT ( 'NONE',  ( -14.79703923862027700, 1.720000000000002400, 8.025084503675147500 ) ) ;
#1022 = EDGE_CURVE ( 'NONE', #6458, #4314, #3785, .T. ) ;
#1023 = ORIENTED_EDGE ( 'NONE', *, *, #1116, .T. ) ;
#1024 = LINE ( 'NONE', #4357, #3956 ) ;
#1025 = ORIENTED_EDGE ( 'NONE', *, *, #5141, .T. ) ;
#1026 = ORIENTED_EDGE ( 'NONE', *, *, #6933, .T. ) ;
#1027 = ORIENTED_EDGE ( 'NONE', *, *, #1044, .F. ) ;
#1028 = CARTESIAN_POINT ( 'NONE',  ( 13.70000000000000600, 7.546521107385085500E-015, 0.6349999999999784700 ) ) ;
#1029 = EDGE_CURVE ( 'NONE', #443, #6008, #2320, .T. ) ;
#1030 = FACE_OUTER_BOUND ( 'NONE', #5797, .T. ) ;
#1031 = CARTESIAN_POINT ( 'NONE',  ( 12.34000000000000900, 0.0000000000000000000, 6.901052410065908300 ) ) ;
#1032 = LINE ( 'NONE', #6260, #4800 ) ;
#1033 = ORIENTED_EDGE ( 'NONE', *, *, #3081, .F. ) ;
#1034 = CARTESIAN_POINT ( 'NONE',  ( 4.079999999999998300, 4.393463201559789900, -1.492522035864679400 ) ) ;
#1035 = CARTESIAN_POINT ( 'NONE',  ( 13.50000000000001600, 3.420000000000027900, -6.895000000000020900 ) ) ;
#1036 = ORIENTED_EDGE ( 'NONE', *, *, #6301, .T. ) ;
#1037 = ORIENTED_EDGE ( 'NONE', *, *, #4805, .F. ) ;
#1038 = ADVANCED_FACE ( 'NONE', ( #5746 ), #4693, .T. ) ;
#1039 = B_SPLINE_CURVE_WITH_KNOTS ( 'NONE', 3,
 ( #3805, #1164, #3373, #6521, #6544, #1540, #472, #5372 ),
 .UNSPECIFIED., .F., .F.,
 ( 4, 2, 2, 4 ),
 ( -7.494164378460523700E-006, 0.0008319171734022273100, 0.001251622842292571200, 0.001671328511182915100 ),
 .UNSPECIFIED. ) ;
#1040 = ORIENTED_EDGE ( 'NONE', *, *, #7150, .F. ) ;
#1041 = VECTOR ( 'NONE', #5549, 1000.000000000000100 ) ;
#1042 = ORIENTED_EDGE ( 'NONE', *, *, #753, .T. ) ;
#1043 = ORIENTED_EDGE ( 'NONE', *, *, #4563, .T. ) ;
#1044 = EDGE_CURVE ( 'NONE', #3604, #2339, #5662, .T. ) ;
#1045 = DIRECTION ( 'NONE',  ( 1.000000000000000000, -0.0000000000000000000, -0.0000000000000000000 ) ) ;
#1046 = DIRECTION ( 'NONE',  ( 0.0000000000000000000, -1.000000000000000000, 0.0000000000000000000 ) ) ;
#1047 = CARTESIAN_POINT ( 'NONE',  ( 13.40000000000000400, 7.593379912705469000E-015, 0.6349999999999784700 ) ) ;
#1048 = VERTEX_POINT ( 'NONE', #2395 ) ;
#1049 = ORIENTED_EDGE ( 'NONE', *, *, #847, .T. ) ;
#1050 = LINE ( 'NONE', #1891, #4919 ) ;
#1051 = DIRECTION ( 'NONE',  ( -1.000000000000000000, 0.0000000000000000000, 0.0000000000000000000 ) ) ;
#1052 = ORIENTED_EDGE ( 'NONE', *, *, #5006, .T. ) ;
#1053 = ADVANCED_FACE ( 'NONE', ( #2838 ), #6254, .T. ) ;
#1054 = ORIENTED_EDGE ( 'NONE', *, *, #2662, .T. ) ;
#1055 = AXIS2_PLACEMENT_3D ( 'NONE', #954, #4793, #3678 ) ;
#1056 = LINE ( 'NONE', #5121, #2357 ) ;
#1057 = PLANE ( 'NONE',  #2278 ) ;
#1058 = VERTEX_POINT ( 'NONE', #1782 ) ;
#1059 = CARTESIAN_POINT ( 'NONE',  ( 4.079999999999998300, 4.583326286608009800, -1.569848563824564300 ) ) ;
#1060 = DIRECTION ( 'NONE',  ( 3.469446951953613400E-015, 1.000000000000000000, 4.379057701015053300E-047 ) ) ;
#1061 = DIRECTION ( 'NONE',  ( 1.000000000000000000, 0.0000000000000000000, 0.0000000000000000000 ) ) ;
#1062 = LINE ( 'NONE', #120, #6740 ) ;
#1063 = ORIENTED_EDGE ( 'NONE', *, *, #5173, .F. ) ;
#1064 = CARTESIAN_POINT ( 'NONE',  ( -14.93617785791140100, 1.720000000000002400, 7.881416676303254900 ) ) ;
#1065 = CARTESIAN_POINT ( 'NONE',  ( 9.991930185743171900, 5.719999999999999800, -10.79499999999999800 ) ) ;
#1066 = AXIS2_PLACEMENT_3D ( 'NONE', #4568, #672, #5090 ) ;
#1067 = PLANE ( 'NONE',  #269 ) ;
#1068 = EDGE_CURVE ( 'NONE', #72, #4506, #1339, .T. ) ;
#1069 = EDGE_CURVE ( 'NONE', #7154, #5786, #7062, .T. ) ;
#1070 = DIRECTION ( 'NONE',  ( 0.0000000000000000000, 0.9662102834940516900, -0.2577550931996187600 ) ) ;
#1071 = LINE ( 'NONE', #4163, #630 ) ;
#1072 = ORIENTED_EDGE ( 'NONE', *, *, #1939, .T. ) ;
#1073 = ORIENTED_EDGE ( 'NONE', *, *, #1473, .F. ) ;
#1074 = VERTEX_POINT ( 'NONE', #2359 ) ;
#1075 = DIRECTION ( 'NONE',  ( 0.0000000000000000000, 0.0000000000000000000, -1.000000000000000000 ) ) ;
#1076 = AXIS2_PLACEMENT_3D ( 'NONE', #5205, #1460, #6891 ) ;
#1077 = EDGE_CURVE ( 'NONE', #930, #3013, #937, .T. ) ;
#1078 = LINE ( 'NONE', #4090, #1759 ) ;
#1079 = CYLINDRICAL_SURFACE ( 'NONE', #2808, 49.85488151972597100 ) ;
#1080 = LINE ( 'NONE', #4886, #5900 ) ;
#1081 = DIRECTION ( 'NONE',  ( 1.000000000000000000, 0.0000000000000000000, 0.0000000000000000000 ) ) ;
#1082 = PLANE ( 'NONE',  #4902 ) ;
#1083 = SPHERICAL_SURFACE ( 'NONE', #5467, 0.5350000000000099100 ) ;
#1084 = VECTOR ( 'NONE', #7073, 1000.000000000000000 ) ;
#1085 = FACE_OUTER_BOUND ( 'NONE', #4399, .T. ) ;
#1086 = EDGE_CURVE ( 'NONE', #4470, #5754, #2068, .T. ) ;
#1087 = AXIS2_PLACEMENT_3D ( 'NONE', #2619, #6419, #6460 ) ;
#1088 = AXIS2_PLACEMENT_3D ( 'NONE', #6779, #4067, #173 ) ;
#1089 = DIRECTION ( 'NONE',  ( 1.000000000000000000, -2.981555974335129700E-015, 0.0000000000000000000 ) ) ;
#1090 = ORIENTED_EDGE ( 'NONE', *, *, #3867, .F. ) ;
#1091 = LINE ( 'NONE', #6370, #6770 ) ;
#1092 = DIRECTION ( 'NONE',  ( 0.0000000000000000000, 0.0000000000000000000, -1.000000000000000000 ) ) ;
#1093 = FACE_OUTER_BOUND ( 'NONE', #3449, .T. ) ;
#1094 = CARTESIAN_POINT ( 'NONE',  ( -12.59999999999999600, 5.919999999999999900, 6.544999999999995500 ) ) ;
#1095 = CARTESIAN_POINT ( 'NONE',  ( 13.59999999999999600, 5.720000000000000600, 6.544999999999995500 ) ) ;
#1096 = CARTESIAN_POINT ( 'NONE',  ( 6.079999999999998300, 4.583326286608009800, -1.530520863929464100 ) ) ;
#1097 = EDGE_CURVE ( 'NONE', #167, #3604, #1109, .T. ) ;
#1098 = ORIENTED_EDGE ( 'NONE', *, *, #6607, .F. ) ;
#1099 = FACE_OUTER_BOUND ( 'NONE', #3113, .T. ) ;
#1100 = FACE_OUTER_BOUND ( 'NONE', #727, .T. ) ;
#1101 = DIRECTION ( 'NONE',  ( -1.000000000000000000, 8.572527594031490400E-017, 0.0000000000000000000 ) ) ;
#1102 = CARTESIAN_POINT ( 'NONE',  ( 13.81844900620360400, 5.400000000000000400, 8.960138857142753800 ) ) ;
#1103 = VECTOR ( 'NONE', #901, 1000.000000000000000 ) ;
#1104 = AXIS2_PLACEMENT_3D ( 'NONE', #2740, #1633, #3827 ) ;
#1105 = CARTESIAN_POINT ( 'NONE',  ( -8.673617379884035500E-015, 1.000000000000000000, 60.65107638281947500 ) ) ;
#1106 = ORIENTED_EDGE ( 'NONE', *, *, #2567, .T. ) ;
#1107 = ORIENTED_EDGE ( 'NONE', *, *, #1949, .F. ) ;
#1108 = ORIENTED_EDGE ( 'NONE', *, *, #5811, .F. ) ;
#1109 = LINE ( 'NONE', #2927, #5315 ) ;
#1110 = CARTESIAN_POINT ( 'NONE',  ( 12.84000000000000900, 5.400000000000000400, -9.895000000000004900 ) ) ;
#1111 = PLANE ( 'NONE',  #1461 ) ;
#1112 = AXIS2_PLACEMENT_3D ( 'NONE', #1841, #6758, #4556 ) ;
#1113 = SPHERICAL_SURFACE ( 'NONE', #4666, 0.7350000000000100900 ) ;
#1114 = EDGE_CURVE ( 'NONE', #1538, #6675, #5483, .T. ) ;
#1115 = CARTESIAN_POINT ( 'NONE',  ( -1.734723475976806700E-015, 5.200000000000001100, -14.30500000000016500 ) ) ;
#1116 = EDGE_CURVE ( 'NONE', #2168, #3029, #6967, .T. ) ;
#1117 = ORIENTED_EDGE ( 'NONE', *, *, #2428, .F. ) ;
#1118 = ORIENTED_EDGE ( 'NONE', *, *, #5442, .F. ) ;
#1119 = VERTEX_POINT ( 'NONE', #1762 ) ;
#1120 = VECTOR ( 'NONE', #2624, 1000.000000000000000 ) ;
#1121 = CARTESIAN_POINT ( 'NONE',  ( 14.88750000000000100, 1.098781177271262200E-014, -1.905000000000022200 ) ) ;
#1122 = ORIENTED_EDGE ( 'NONE', *, *, #4537, .T. ) ;
#1123 = ORIENTED_EDGE ( 'NONE', *, *, #1590, .F. ) ;
#1124 = ORIENTED_EDGE ( 'NONE', *, *, #959, .T. ) ;
#1125 = CARTESIAN_POINT ( 'NONE',  ( -9.991930185743171900, 5.720000000000000600, -11.09499999999999900 ) ) ;
#1126 = EDGE_CURVE ( 'NONE', #52, #2951, #6366, .T. ) ;
#1127 = EDGE_LOOP ( 'NONE', ( #134, #6578, #5313, #4741 ) ) ;
#1128 = EDGE_LOOP ( 'NONE', ( #804, #4134, #2943, #77 ) ) ;
#1129 = LINE ( 'NONE', #1822, #5592 ) ;
#1130 = DIRECTION ( 'NONE',  ( 0.0000000000000000000, 0.0000000000000000000, -1.000000000000000000 ) ) ;
#1131 = VERTEX_POINT ( 'NONE', #4011 ) ;
#1132 = VERTEX_POINT ( 'NONE', #3964 ) ;
#1133 = DIRECTION ( 'NONE',  ( 0.0000000000000000000, 0.0000000000000000000, 1.000000000000000000 ) ) ;
#1134 = PLANE ( 'NONE',  #934 ) ;
#1135 = CARTESIAN_POINT ( 'NONE',  ( -6.659999999999999300, 3.879999999999998100, -15.30500000000002300 ) ) ;
#1136 = ORIENTED_EDGE ( 'NONE', *, *, #2062, .T. ) ;
#1137 = FACE_BOUND ( 'NONE', #3375, .T. ) ;
#1138 = EDGE_CURVE ( 'NONE', #4253, #520, #3437, .T. ) ;
#1140 = CARTESIAN_POINT ( 'NONE',  ( 14.79703923862027700, 5.620000000000002800, 8.025084503675147500 ) ) ;
#1139 = AXIS2_PLACEMENT_3D ( 'NONE', #974, #4298, #4817 ) ;
#1141 = ORIENTED_EDGE ( 'NONE', *, *, #2118, .T. ) ;
#1142 = CARTESIAN_POINT ( 'NONE',  ( 0.0000000000000000000, 0.0000000000000000000, 0.0000000000000000000 ) ) ;
#1143 = DIRECTION ( 'NONE',  ( 0.0000000000000000000, 1.000000000000000000, 0.0000000000000000000 ) ) ;
#1144 = CARTESIAN_POINT ( 'NONE',  ( 6.079999999999998300, 5.604581757840326100, 3.047427840906390600 ) ) ;
#1145 = LINE ( 'NONE', #2036, #5966 ) ;
#1146 = ADVANCED_FACE ( 'NONE', ( #5308 ), #5048, .F. ) ;
#1147 = VECTOR ( 'NONE', #5935, 1000.000000000000000 ) ;
#1148 = CARTESIAN_POINT ( 'NONE',  ( -12.59999999999999600, 5.919999999999999900, 7.644999999999995100 ) ) ;
#1149 = ORIENTED_EDGE ( 'NONE', *, *, #3485, .F. ) ;
#1150 = ORIENTED_EDGE ( 'NONE', *, *, #5742, .T. ) ;
#1151 = CARTESIAN_POINT ( 'NONE',  ( -12.23900214361332300, 1.000000000000000000, 11.29091227334760100 ) ) ;
#1152 = ORIENTED_EDGE ( 'NONE', *, *, #5320, .T. ) ;
#1153 = DIRECTION ( 'NONE',  ( -0.0000000000000000000, -1.000000000000000000, -4.034240641806527500E-015 ) ) ;
#1154 = DIRECTION ( 'NONE',  ( -1.000000000000000000, 8.572527594031490400E-017, 0.0000000000000000000 ) ) ;
#1155 = AXIS2_PLACEMENT_3D ( 'NONE', #6511, #7070, #3266 ) ;
#1156 = ORIENTED_EDGE ( 'NONE', *, *, #387, .F. ) ;
#1157 = EDGE_CURVE ( 'NONE', #1662, #7081, #6457, .T. ) ;
#1158 = EDGE_CURVE ( 'NONE', #3262, #5319, #1970, .T. ) ;
#1159 = CARTESIAN_POINT ( 'NONE',  ( 6.659999999999999300, 3.879999999999999900, -13.38301493665047000 ) ) ;
#1160 = CIRCLE ( 'NONE', #3549, 49.85488151972596400 ) ;
#1161 = FACE_OUTER_BOUND ( 'NONE', #2778, .T. ) ;
#1162 = FACE_OUTER_BOUND ( 'NONE', #1784, .T. ) ;
#1163 = AXIS2_PLACEMENT_3D ( 'NONE', #3596, #5773, #4659 ) ;
#1164 = CARTESIAN_POINT ( 'NONE',  ( -12.59807192054940500, -4.573977915173220600E-017, -8.065326786014875200 ) ) ;
#1165 = ORIENTED_EDGE ( 'NONE', *, *, #3858, .F. ) ;
#1166 = FACE_OUTER_BOUND ( 'NONE', #4561, .T. ) ;
#1167 = CARTESIAN_POINT ( 'NONE',  ( 13.63043069035443200, 5.620000000000002800, 6.616833913685941800 ) ) ;
#1168 = CARTESIAN_POINT ( 'NONE',  ( -12.60000000000000500, 5.400000000000000400, 9.834999999999976000 ) ) ;
#1169 = CARTESIAN_POINT ( 'NONE',  ( -12.34000000000001200, 5.400000000000000400, -10.39500000000000700 ) ) ;
#1170 = EDGE_LOOP ( 'NONE', ( #771, #1141, #3727, #5836 ) ) ;
#1171 = LINE ( 'NONE', #6981, #653 ) ;
#1172 = EDGE_CURVE ( 'NONE', #2443, #6825, #4206, .T. ) ;
#1173 = CIRCLE ( 'NONE', #5058, 12.50000000000000000 ) ;
#1174 = DIRECTION ( 'NONE',  ( 0.0000000000000000000, -1.000000000000000000, 0.0000000000000000000 ) ) ;
#1175 = DIRECTION ( 'NONE',  ( -1.000000000000000000, 0.0000000000000000000, 0.0000000000000000000 ) ) ;
#1176 = DIRECTION ( 'NONE',  ( 1.000000000000000000, 0.0000000000000000000, 5.239278459556230500E-016 ) ) ;
#1177 =( BOUNDED_CURVE ( )  B_SPLINE_CURVE ( 3, ( #4227, #396, #2043, #1487 ),
 .UNSPECIFIED., .F., .T. ) 
 B_SPLINE_CURVE_WITH_KNOTS ( ( 4, 4 ),
 ( 4.712388980384689700, 6.283185307179586200 ),
 .UNSPECIFIED. ) 
 CURVE ( )  GEOMETRIC_REPRESENTATION_ITEM ( )  RATIONAL_B_SPLINE_CURVE ( ( 1.000000000000000000, 0.8047378541243649400, 0.8047378541243649400, 1.000000000000000000 ) ) 
 REPRESENTATION_ITEM ( '' )  );
#1178 = LINE ( 'NONE', #2160, #1012 ) ;
#1179 = CARTESIAN_POINT ( 'NONE',  ( -4.079999999999998300, 4.583326286608009800, -1.530520863929464100 ) ) ;
#1180 = EDGE_CURVE ( 'NONE', #789, #6214, #2396, .T. ) ;
#1181 = DIRECTION ( 'NONE',  ( 0.0000000000000000000, 0.0000000000000000000, -1.000000000000000000 ) ) ;
#1182 = CARTESIAN_POINT ( 'NONE',  ( -8.673617379884035500E-015, 3.879999999999999400, 60.65107638281947500 ) ) ;
#1183 = CIRCLE ( 'NONE', #5331, 0.2999999999999999300 ) ;
#1184 = LINE ( 'NONE', #636, #6880 ) ;
#1185 = EDGE_LOOP ( 'NONE', ( #6769, #841, #2620, #697 ) ) ;
#1186 = CARTESIAN_POINT ( 'NONE',  ( -13.29999999999999700, 5.720000000000002400, 6.544999999999995500 ) ) ;
#1187 = EDGE_CURVE ( 'NONE', #4385, #6777, #4795, .T. ) ;
#1188 = PLANE ( 'NONE',  #6784 ) ;
#1189 = VERTEX_POINT ( 'NONE', #3049 ) ;
#1190 = ORIENTED_EDGE ( 'NONE', *, *, #5538, .F. ) ;
#1191 = DIRECTION ( 'NONE',  ( 0.0000000000000000000, 0.0000000000000000000, -1.000000000000000000 ) ) ;
#1192 = VECTOR ( 'NONE', #942, 1000.000000000000000 ) ;
#1193 = LINE ( 'NONE', #3636, #57 ) ;
#1194 = ORIENTED_EDGE ( 'NONE', *, *, #2522, .F. ) ;
#1195 = ORIENTED_EDGE ( 'NONE', *, *, #206, .F. ) ;
#1196 = AXIS2_PLACEMENT_3D ( 'NONE', #48, #5562, #1723 ) ;
#1197 = ORIENTED_EDGE ( 'NONE', *, *, #1756, .T. ) ;
#1198 = DIRECTION ( 'NONE',  ( 0.0000000000000000000, -1.000000000000000000, -4.034240641806527500E-015 ) ) ;
#1199 = EDGE_LOOP ( 'NONE', ( #6048, #3816, #2514, #4159 ) ) ;
#1200 = LINE ( 'NONE', #248, #6902 ) ;
#1201 = ORIENTED_EDGE ( 'NONE', *, *, #3420, .F. ) ;
#1202 = ORIENTED_EDGE ( 'NONE', *, *, #1293, .T. ) ;
#1203 = ADVANCED_FACE ( 'NONE', ( #2230 ), #3621, .F. ) ;
#1204 = DIRECTION ( 'NONE',  ( -1.000000000000000000, 0.0000000000000000000, 0.0000000000000000000 ) ) ;
#1205 = ORIENTED_EDGE ( 'NONE', *, *, #1114, .F. ) ;
#1206 = EDGE_LOOP ( 'NONE', ( #3271, #4832, #961, #5642, #371, #1026, #2026, #6656, #457, #6593, #4001, #3541, #5513, #618, #2333, #4064, #3803, #5861, #4118, #779, #3037, #6730 ) ) ;
#1207 = VECTOR ( 'NONE', #6094, 1000.000000000000000 ) ;
#1208 = DIRECTION ( 'NONE',  ( -0.0000000000000000000, 1.000000000000000000, -0.0000000000000000000 ) ) ;
#1209 = VERTEX_POINT ( 'NONE', #1911 ) ;
#1210 = EDGE_CURVE ( 'NONE', #5074, #1709, #3090, .T. ) ;
#1211 = AXIS2_PLACEMENT_3D ( 'NONE', #4530, #712, #2889 ) ;
#1212 = CARTESIAN_POINT ( 'NONE',  ( -9.991930185743171900, 5.919999999999999900, -11.09499999999999900 ) ) ;
#1213 = AXIS2_PLACEMENT_3D ( 'NONE', #5694, #2895, #3981 ) ;
#1214 = ORIENTED_EDGE ( 'NONE', *, *, #216, .F. ) ;
#1215 = DIRECTION ( 'NONE',  ( 0.0000000000000000000, 1.000000000000000000, 0.0000000000000000000 ) ) ;
#1216 = LINE ( 'NONE', #4361, #5001 ) ;
#1217 = CARTESIAN_POINT ( 'NONE',  ( -1.500000000000000000, 5.400000000000000400, 9.280814232050447600 ) ) ;
#1218 = ORIENTED_EDGE ( 'NONE', *, *, #927, .F. ) ;
#1219 = DIRECTION ( 'NONE',  ( 0.0000000000000000000, 0.0000000000000000000, -1.000000000000000000 ) ) ;
#1220 = FACE_BOUND ( 'NONE', #4590, .T. ) ;
#1221 = DIRECTION ( 'NONE',  ( 0.0000000000000000000, 0.0000000000000000000, 1.000000000000000000 ) ) ;
#1222 = VERTEX_POINT ( 'NONE', #3068 ) ;
#1223 = ORIENTED_EDGE ( 'NONE', *, *, #2668, .F. ) ;
#1224 = ORIENTED_EDGE ( 'NONE', *, *, #4367, .F. ) ;
#1225 = VERTEX_POINT ( 'NONE', #3024 ) ;
#1226 = CARTESIAN_POINT ( 'NONE',  ( -4.054999999999997900, 5.919999999999999900, 3.927862566056165200 ) ) ;
#1227 = CARTESIAN_POINT ( 'NONE',  ( -13.59999999999999600, 5.620000000000003700, 2.116913346557088500E-015 ) ) ;
#1228 = VERTEX_POINT ( 'NONE', #4638 ) ;
#1229 = AXIS2_PLACEMENT_3D ( 'NONE', #2648, #6971, #2569 ) ;
#1230 = EDGE_CURVE ( 'NONE', #6068, #860, #6190, .T. ) ;
#1231 = PLANE ( 'NONE',  #2843 ) ;
#1232 = CYLINDRICAL_SURFACE ( 'NONE', #3641, 1.795000000000010100 ) ;
#1233 = LINE ( 'NONE', #5182, #5375 ) ;
#1234 = CARTESIAN_POINT ( 'NONE',  ( -13.29999999999999500, 5.620000000000002800, -9.205000000000005400 ) ) ;
#1235 = FACE_OUTER_BOUND ( 'NONE', #524, .T. ) ;
#1236 = CARTESIAN_POINT ( 'NONE',  ( 4.054999999999997900, 5.720000000000000600, 3.927862566056165200 ) ) ;
#1237 = AXIS2_PLACEMENT_3D ( 'NONE', #1251, #6234, #2931 ) ;
#1238 = EDGE_CURVE ( 'NONE', #5089, #2434, #4029, .T. ) ;
#1239 = EDGE_CURVE ( 'NONE', #2346, #3370, #5918, .T. ) ;
#1240 = FACE_OUTER_BOUND ( 'NONE', #3369, .T. ) ;
#1241 = VECTOR ( 'NONE', #5555, 1000.000000000000100 ) ;
#1242 = CARTESIAN_POINT ( 'NONE',  ( 4.079999999999998300, 4.683326286608007600, -1.569848563824564300 ) ) ;
#1243 = CYLINDRICAL_SURFACE ( 'NONE', #4495, 11.50000000000000000 ) ;
#1244 = CARTESIAN_POINT ( 'NONE',  ( -2.499999999999994700, 3.000000000000000000, -12.73519967498293700 ) ) ;
#1245 = CARTESIAN_POINT ( 'NONE',  ( -9.991930185743170200, 5.620000000000000100, -10.79499999999999800 ) ) ;
#1246 = VERTEX_POINT ( 'NONE', #285 ) ;
#1247 = VECTOR ( 'NONE', #4615, 1000.000000000000000 ) ;
#1248 = EDGE_CURVE ( 'NONE', #1074, #963, #1872, .T. ) ;
#1249 = AXIS2_PLACEMENT_3D ( 'NONE', #3398, #6204, #678 ) ;
#1250 = ORIENTED_EDGE ( 'NONE', *, *, #3136, .T. ) ;
#1251 = CARTESIAN_POINT ( 'NONE',  ( 2.500000000000001800, 3.000000000000000000, -12.73519967498293700 ) ) ;
#1252 = DIRECTION ( 'NONE',  ( 1.000000000000000000, 0.0000000000000000000, -0.0000000000000000000 ) ) ;
#1253 = LINE ( 'NONE', #3846, #2312 ) ;
#1254 = CARTESIAN_POINT ( 'NONE',  ( 9.529003095812292700, 1.000000000000001800, -10.89500000000000500 ) ) ;
#1255 = EDGE_CURVE ( 'NONE', #5840, #1630, #4459, .T. ) ;
#1256 = DIRECTION ( 'NONE',  ( 1.000000000000000000, 0.0000000000000000000, 0.0000000000000000000 ) ) ;
#1257 = LINE ( 'NONE', #923, #1696 ) ;
#1258 = ORIENTED_EDGE ( 'NONE', *, *, #380, .F. ) ;
#1259 = ORIENTED_EDGE ( 'NONE', *, *, #5910, .F. ) ;
#1260 = EDGE_LOOP ( 'NONE', ( #7109, #4249, #5931, #3815 ) ) ;
#1261 = AXIS2_PLACEMENT_3D ( 'NONE', #2601, #3154, #4255 ) ;
#1262 = ORIENTED_EDGE ( 'NONE', *, *, #6865, .F. ) ;
#1263 = VECTOR ( 'NONE', #2827, 1000.000000000000000 ) ;
#1264 = CARTESIAN_POINT ( 'NONE',  ( -4.079999999999998300, 5.604581757840326100, 3.047427840906390600 ) ) ;
#1265 = DIRECTION ( 'NONE',  ( 0.0000000000000000000, -1.000000000000000000, 0.0000000000000000000 ) ) ;
#1266 = ORIENTED_EDGE ( 'NONE', *, *, #1791, .T. ) ;
#1267 = DIRECTION ( 'NONE',  ( 1.561960177346128600E-016, -1.000000000000000000, 0.0000000000000000000 ) ) ;
#1268 = DIRECTION ( 'NONE',  ( 0.0000000000000000000, 0.0000000000000000000, -1.000000000000000000 ) ) ;
#1269 = ORIENTED_EDGE ( 'NONE', *, *, #5468, .F. ) ;
#1270 = AXIS2_PLACEMENT_3D ( 'NONE', #15, #1775, #4003 ) ;
#1271 = ORIENTED_EDGE ( 'NONE', *, *, #5241, .T. ) ;
#1272 = CYLINDRICAL_SURFACE ( 'NONE', #3214, 0.2999999999999999300 ) ;
#1273 = EDGE_CURVE ( 'NONE', #2195, #4883, #5124, .T. ) ;
#1274 = DIRECTION ( 'NONE',  ( 0.0000000000000000000, 0.0000000000000000000, -1.000000000000000000 ) ) ;
#1275 = EDGE_CURVE ( 'NONE', #4883, #5522, #4290, .T. ) ;
#1276 = EDGE_LOOP ( 'NONE', ( #2254, #4216, #1550, #2682 ) ) ;
#1277 = ORIENTED_EDGE ( 'NONE', *, *, #6001, .F. ) ;
#1278 = DIRECTION ( 'NONE',  ( 0.0000000000000000000, -0.0000000000000000000, 1.000000000000000000 ) ) ;
#1279 = EDGE_LOOP ( 'NONE', ( #1469, #955, #2922, #4261 ) ) ;
#1280 = ORIENTED_EDGE ( 'NONE', *, *, #2496, .F. ) ;
#1281 = LINE ( 'NONE', #1014, #3035 ) ;
#1282 = ORIENTED_EDGE ( 'NONE', *, *, #2970, .F. ) ;
#1283 = AXIS2_PLACEMENT_3D ( 'NONE', #6878, #6357, #3588 ) ;
#1284 = PLANE ( 'NONE',  #4889 ) ;
#1285 = ORIENTED_EDGE ( 'NONE', *, *, #4611, .T. ) ;
#1286 = EDGE_LOOP ( 'NONE', ( #4391, #1864, #6575, #2584, #2721, #6822, #4699, #3315, #4824, #610 ) ) ;
#1287 = CIRCLE ( 'NONE', #5022, 1.500000000000003100 ) ;
#1288 = ORIENTED_EDGE ( 'NONE', *, *, #2403, .T. ) ;
#1289 = CARTESIAN_POINT ( 'NONE',  ( -4.079999999999998300, 4.683326286608007600, -1.569848563824564300 ) ) ;
#1290 = DIRECTION ( 'NONE',  ( -1.000000000000000000, 0.0000000000000000000, -0.0000000000000000000 ) ) ;
#1291 = CARTESIAN_POINT ( 'NONE',  ( 12.59180946843699500, 0.1262135936287851800, -10.39861893687412200 ) ) ;
#1292 = VECTOR ( 'NONE', #6444, 1000.000000000000000 ) ;
#1293 = EDGE_CURVE ( 'NONE', #3547, #1884, #6099, .T. ) ;
#1294 = DIRECTION ( 'NONE',  ( 0.0000000000000000000, 0.0000000000000000000, 1.000000000000000000 ) ) ;
#1295 = DIRECTION ( 'NONE',  ( -0.5832407619048173300, -0.0000000000000000000, -0.8122993374690687900 ) ) ;
#1296 = FACE_OUTER_BOUND ( 'NONE', #3886, .T. ) ;
#1297 = DIRECTION ( 'NONE',  ( 0.0000000000000000000, -1.000000000000000000, 0.0000000000000000000 ) ) ;
#1298 = DIRECTION ( 'NONE',  ( 0.0000000000000000000, -1.000000000000000000, 0.0000000000000000000 ) ) ;
#1299 = VERTEX_POINT ( 'NONE', #5186 ) ;
#1300 = VERTEX_POINT ( 'NONE', #1383 ) ;
#1301 = ORIENTED_EDGE ( 'NONE', *, *, #5723, .T. ) ;
#1302 = DIRECTION ( 'NONE',  ( -0.8433914458128890500, 0.0000000000000000000, 0.5372996083468185600 ) ) ;
#1303 = EDGE_CURVE ( 'NONE', #795, #2198, #4616, .T. ) ;
#1304 = EDGE_CURVE ( 'NONE', #1225, #835, #3178, .T. ) ;
#1305 = DIRECTION ( 'NONE',  ( 0.0000000000000000000, 0.0000000000000000000, 1.000000000000000000 ) ) ;
#1306 = CARTESIAN_POINT ( 'NONE',  ( 14.63074834367267300, 1.000000000000001800, 8.376898095237935500 ) ) ;
#1307 = ORIENTED_EDGE ( 'NONE', *, *, #6076, .F. ) ;
#1308 = CARTESIAN_POINT ( 'NONE',  ( 6.659999999999999300, 5.400000000000000400, -15.30500000000002300 ) ) ;
#1309 = ADVANCED_FACE ( 'NONE', ( #1332 ), #6327, .T. ) ;
#1310 = DIRECTION ( 'NONE',  ( 0.0000000000000000000, 1.000000000000000000, 0.0000000000000000000 ) ) ;
#1311 = SPHERICAL_SURFACE ( 'NONE', #3455, 0.7350000000000100900 ) ;
#1312 = CARTESIAN_POINT ( 'NONE',  ( -9.991930185743171900, 4.430000000000001500, -11.09500000000000400 ) ) ;
#1313 = FACE_OUTER_BOUND ( 'NONE', #6033, .T. ) ;
#1314 = EDGE_CURVE ( 'NONE', #345, #3818, #3272, .T. ) ;
#1315 = ADVANCED_FACE ( 'NONE', ( #2577 ), #3697, .F. ) ;
#1316 = ORIENTED_EDGE ( 'NONE', *, *, #1512, .T. ) ;
#1317 = CYLINDRICAL_SURFACE ( 'NONE', #140, 1.999999999999999600 ) ;
#1318 = CARTESIAN_POINT ( 'NONE',  ( -12.95454676111277200, 0.2003331987396622700, -10.20227338055639700 ) ) ;
#1319 = DIRECTION ( 'NONE',  ( 8.572527594031491700E-017, -1.000000000000000000, -0.0000000000000000000 ) ) ;
#1320 = AXIS2_PLACEMENT_3D ( 'NONE', #6739, #4627, #5061 ) ;
#1321 = DIRECTION ( 'NONE',  ( 3.025680481354897600E-015, -1.000000000000000000, 0.0000000000000000000 ) ) ;
#1322 = DIRECTION ( 'NONE',  ( 0.0000000000000000000, -0.0000000000000000000, -1.000000000000000000 ) ) ;
#1323 = ORIENTED_EDGE ( 'NONE', *, *, #2088, .F. ) ;
#1324 = CIRCLE ( 'NONE', #756, 11.50000000000000000 ) ;
#1325 = CARTESIAN_POINT ( 'NONE',  ( -2.500000000000000000, 3.000000000000000000, 8.925199674982893700 ) ) ;
#1326 = LINE ( 'NONE', #3921, #4790 ) ;
#1327 = CARTESIAN_POINT ( 'NONE',  ( 1.987236715034471000E-015, 3.000000000000000000, -1.905000000000022900 ) ) ;
#1328 = CARTESIAN_POINT ( 'NONE',  ( 6.659999999999999300, 3.879999999999999900, -12.18020133117153000 ) ) ;
#1329 = EDGE_CURVE ( 'NONE', #3031, #3893, #1257, .T. ) ;
#1330 = CARTESIAN_POINT ( 'NONE',  ( 12.84000000000000900, 0.0000000000000000000, -9.895000000000008500 ) ) ;
#1331 = PLANE ( 'NONE',  #2508 ) ;
#1332 = FACE_OUTER_BOUND ( 'NONE', #2920, .T. ) ;
#1333 = AXIS2_PLACEMENT_3D ( 'NONE', #4209, #7113, #5496 ) ;
#1334 = CARTESIAN_POINT ( 'NONE',  ( -4.079999999999998300, 4.393463201559789900, -1.492522035864679400 ) ) ;
#1335 = CARTESIAN_POINT ( 'NONE',  ( 12.59999999999999600, 5.720000000000000600, 7.644999999999995100 ) ) ;
#1336 = DIRECTION ( 'NONE',  ( -1.801643180557463600E-015, -1.000000000000000000, 1.744845378284609700E-015 ) ) ;
#1337 = ORIENTED_EDGE ( 'NONE', *, *, #4994, .T. ) ;
#1338 = UNCERTAINTY_MEASURE_WITH_UNIT (LENGTH_MEASURE( 1.000000000000000100E-005 ), #40, 'distance_accuracy_value', 'NONE');
#1339 = CIRCLE ( 'NONE', #2360, 0.5000000000000004400 ) ;
#1340 = ORIENTED_EDGE ( 'NONE', *, *, #2034, .T. ) ;
#1341 = EDGE_CURVE ( 'NONE', #2074, #2884, #142, .T. ) ;
#1342 = DIRECTION ( 'NONE',  ( -0.0000000000000000000, 0.0000000000000000000, -1.000000000000000000 ) ) ;
#1343 = AXIS2_PLACEMENT_3D ( 'NONE', #4323, #7106, #4350 ) ;
#1344 = DIRECTION ( 'NONE',  ( 0.0000000000000000000, -1.000000000000000000, 0.0000000000000000000 ) ) ;
#1345 = CARTESIAN_POINT ( 'NONE',  ( 2.500000000000000400, 1.000000000000000000, -13.38743516107378900 ) ) ;
#1346 = ADVANCED_FACE ( 'NONE', ( #668 ), #3130, .F. ) ;
#1347 = FACE_OUTER_BOUND ( 'NONE', #5071, .T. ) ;
#1348 = DIRECTION ( 'NONE',  ( 1.000000000000000000, 3.469446951953613400E-015, 1.101411730778925300E-016 ) ) ;
#1349 = ORIENTED_EDGE ( 'NONE', *, *, #2947, .T. ) ;
#1350 = DIRECTION ( 'NONE',  ( 8.572527594031491700E-017, 1.000000000000000000, 0.0000000000000000000 ) ) ;
#1351 = ORIENTED_EDGE ( 'NONE', *, *, #6002, .F. ) ;
#1352 = DIRECTION ( 'NONE',  ( -0.0000000000000000000, 1.000000000000000000, -0.0000000000000000000 ) ) ;
#1353 = VERTEX_POINT ( 'NONE', #2539 ) ;
#1354 = VECTOR ( 'NONE', #3169, 1000.000000000000000 ) ;
#1355 = CARTESIAN_POINT ( 'NONE',  ( 12.36848664453580100, 5.720000000000000600, -9.205000000000005400 ) ) ;
#1356 = PLANE ( 'NONE',  #2191 ) ;
#1357 = AXIS2_PLACEMENT_3D ( 'NONE', #4823, #4299, #65 ) ;
#1358 = VECTOR ( 'NONE', #2820, 1000.000000000000000 ) ;
#1359 = ORIENTED_EDGE ( 'NONE', *, *, #2375, .F. ) ;
#1360 = EDGE_CURVE ( 'NONE', #6008, #5249, #1783, .T. ) ;
#1361 = ORIENTED_EDGE ( 'NONE', *, *, #1126, .F. ) ;
#1362 = DIRECTION ( 'NONE',  ( -0.0000000000000000000, 1.000000000000000000, -0.0000000000000000000 ) ) ;
#1363 = ORIENTED_EDGE ( 'NONE', *, *, #3328, .F. ) ;
#1364 = VERTEX_POINT ( 'NONE', #5285 ) ;
#1365 = VECTOR ( 'NONE', #6814, 1000.000000000000000 ) ;
#1366 = VERTEX_POINT ( 'NONE', #2042 ) ;
#1367 = DIRECTION ( 'NONE',  ( 0.0000000000000000000, 0.0000000000000000000, 1.000000000000000000 ) ) ;
#1368 = VERTEX_POINT ( 'NONE', #5901 ) ;
#1369 = CARTESIAN_POINT ( 'NONE',  ( -6.079999999999998300, 5.797823814539136800, 2.995876822266466900 ) ) ;
#1370 = ORIENTED_EDGE ( 'NONE', *, *, #1687, .F. ) ;
#1371 = EDGE_CURVE ( 'NONE', #2419, #2411, #1428, .T. ) ;
#1372 = EDGE_LOOP ( 'NONE', ( #4928, #1266, #4608, #6021 ) ) ;
#1373 = LINE ( 'NONE', #3361, #4147 ) ;
#1374 = CARTESIAN_POINT ( 'NONE',  ( -12.47087396392811900, 0.02602734134864131600, -10.15674792785606900 ) ) ;
#1375 = CARTESIAN_POINT ( 'NONE',  ( 12.34000000000001100, 0.0000000000000000000, -8.173446322690198300 ) ) ;
#1376 = ORIENTED_EDGE ( 'NONE', *, *, #4981, .T. ) ;
#1377 = FACE_OUTER_BOUND ( 'NONE', #1902, .T. ) ;
#1378 = VERTEX_POINT ( 'NONE', #3649 ) ;
#1379 = EDGE_CURVE ( 'NONE', #2610, #1721, #4379, .T. ) ;
#1380 = CARTESIAN_POINT ( 'NONE',  ( 13.60000000000001000, 5.400000000000000400, -6.895000000000020900 ) ) ;
#1381 = VECTOR ( 'NONE', #6137, 1000.000000000000000 ) ;
#1382 = ORIENTED_EDGE ( 'NONE', *, *, #6910, .F. ) ;
#1383 = CARTESIAN_POINT ( 'NONE',  ( -12.36848664453580100, 5.620000000000000100, -10.89499999999999800 ) ) ;
#1384 = DIRECTION ( 'NONE',  ( 1.000000000000000000, 8.572527594031490400E-017, 0.0000000000000000000 ) ) ;
#1385 = EDGE_LOOP ( 'NONE', ( #2114, #2596, #2070, #6004 ) ) ;
#1386 = DIRECTION ( 'NONE',  ( 0.0000000000000000000, -1.000000000000000000, 0.0000000000000000000 ) ) ;
#1387 = PLANE ( 'NONE',  #915 ) ;
#1388 = CARTESIAN_POINT ( 'NONE',  ( -13.69999999999999800, 5.620000000000002800, 6.544999999999995500 ) ) ;
#1389 = EDGE_CURVE ( 'NONE', #3812, #2195, #5654, .T. ) ;
#1390 = DIRECTION ( 'NONE',  ( -0.0000000000000000000, -1.000000000000000000, -0.0000000000000000000 ) ) ;
#1391 = CARTESIAN_POINT ( 'NONE',  ( 12.86500000000000000, 3.420000000000027500, -6.895000000000020900 ) ) ;
#1392 = ORIENTED_EDGE ( 'NONE', *, *, #206, .T. ) ;
#1393 = ORIENTED_EDGE ( 'NONE', *, *, #1632, .T. ) ;
#1394 = VERTEX_POINT ( 'NONE', #6950 ) ;
#1395 = CARTESIAN_POINT ( 'NONE',  ( -12.52770066253094500, 5.400000000000000400, 7.162469536191362200 ) ) ;
#1396 = FILL_AREA_STYLE ('',( #814 ) ) ;
#1397 = LINE ( 'NONE', #3533, #4177 ) ;
#1398 = VECTOR ( 'NONE', #385, 1000.000000000000000 ) ;
#1399 = AXIS2_PLACEMENT_3D ( 'NONE', #2547, #3134, #5289 ) ;
#1400 = DIRECTION ( 'NONE',  ( 3.025680481354897600E-015, 1.000000000000000000, 0.0000000000000000000 ) ) ;
#1401 = CIRCLE ( 'NONE', #5832, 3.415780127642022100 ) ;
#1402 = CARTESIAN_POINT ( 'NONE',  ( -12.34000000000001200, 0.0000000000000000000, -5.616553677309847000 ) ) ;
#1403 = DIRECTION ( 'NONE',  ( 0.0000000000000000000, 0.0000000000000000000, -1.000000000000000000 ) ) ;
#1404 = DIRECTION ( 'NONE',  ( 1.000000000000000000, 0.0000000000000000000, 0.0000000000000000000 ) ) ;
#1405 = CARTESIAN_POINT ( 'NONE',  ( -1.633583096412245100E-029, 4.475989992084350900E-014, -10.89500000000002100 ) ) ;
#1406 = VECTOR ( 'NONE', #5902, 1000.000000000000000 ) ;
#1407 = CIRCLE ( 'NONE', #6302, 0.6270765503509231300 ) ;
#1408 = CYLINDRICAL_SURFACE ( 'NONE', #2336, 1.000000000000000900 ) ;
#1409 = DIRECTION ( 'NONE',  ( 0.0000000000000000000, 0.0000000000000000000, -1.000000000000000000 ) ) ;
#1410 = AXIS2_PLACEMENT_3D ( 'NONE', #2860, #2394, #3460 ) ;
#1411 = EDGE_CURVE ( 'NONE', #4309, #980, #5834, .T. ) ;
#1412 = EDGE_CURVE ( 'NONE', #3107, #5600, #757, .T. ) ;
#1413 = CARTESIAN_POINT ( 'NONE',  ( 13.40000000000000600, 0.3000000000000083700, -4.445000000000021600 ) ) ;
#1414 = ORIENTED_EDGE ( 'NONE', *, *, #2255, .F. ) ;
#1415 = LINE ( 'NONE', #4683, #4446 ) ;
#1416 = CARTESIAN_POINT ( 'NONE',  ( -6.079999999999999200, 4.383326286608009600, -3.247895313489022900 ) ) ;
#1417 = FACE_OUTER_BOUND ( 'NONE', #4935, .T. ) ;
#1418 = ORIENTED_EDGE ( 'NONE', *, *, #4256, .F. ) ;
#1419 = CARTESIAN_POINT ( 'NONE',  ( -13.03141545561488000, 0.2449410381431378300, -10.58641545561494200 ) ) ;
#1420 = PLANE ( 'NONE',  #44 ) ;
#1421 = AXIS2_PLACEMENT_3D ( 'NONE', #1751, #6189, #1794 ) ;
#1422 = ADVANCED_FACE ( 'NONE', ( #4966 ), #3751, .F. ) ;
#1423 = FACE_OUTER_BOUND ( 'NONE', #3994, .T. ) ;
#1424 = CARTESIAN_POINT ( 'NONE',  ( 1.500000000000000000, 5.400000000000000400, 10.81876546564532200 ) ) ;
#1425 = CARTESIAN_POINT ( 'NONE',  ( 12.84000000000000900, 0.0000000000000000000, -10.39500000000000300 ) ) ;
#1426 = DIRECTION ( 'NONE',  ( 0.0000000000000000000, -0.0000000000000000000, 1.000000000000000000 ) ) ;
#1427 = PLANE ( 'NONE',  #643 ) ;
#1428 = LINE ( 'NONE', #3150, #7144 ) ;
#1429 = CARTESIAN_POINT ( 'NONE',  ( 13.34000000000001100, 5.400000000000000400, -10.39500000000000300 ) ) ;
#1430 = ADVANCED_FACE ( 'NONE', ( #579 ), #3174, .T. ) ;
#1431 = ORIENTED_EDGE ( 'NONE', *, *, #6788, .F. ) ;
#1432 = EDGE_CURVE ( 'NONE', #1364, #6675, #932, .T. ) ;
#1433 = DIRECTION ( 'NONE',  ( 1.000000000000000000, 0.0000000000000000000, -0.0000000000000000000 ) ) ;
#1435 = DIRECTION ( 'NONE',  ( 0.8433914458128890500, 0.0000000000000000000, 0.5372996083468185600 ) ) ;
#1434 = AXIS2_PLACEMENT_3D ( 'NONE', #5358, #6939, #3088 ) ;
#1436 = VERTEX_POINT ( 'NONE', #4226 ) ;
#1437 = VECTOR ( 'NONE', #3907, 1000.000000000000000 ) ;
#1438 = CARTESIAN_POINT ( 'NONE',  ( -12.34000000000001100, 5.400000000000000400, -10.39500000000000700 ) ) ;
#1439 = DIRECTION ( 'NONE',  ( 1.000000000000000000, 0.0000000000000000000, 0.0000000000000000000 ) ) ;
#1440 = DIRECTION ( 'NONE',  ( -1.000000000000000000, 0.0000000000000000000, 0.0000000000000000000 ) ) ;
#1441 = DIRECTION ( 'NONE',  ( 0.0000000000000000000, 1.000000000000000000, 0.0000000000000000000 ) ) ;
#1442 = DIRECTION ( 'NONE',  ( 0.0000000000000000000, 0.0000000000000000000, -1.000000000000000000 ) ) ;
#1443 = ORIENTED_EDGE ( 'NONE', *, *, #5082, .T. ) ;
#1444 = VECTOR ( 'NONE', #1174, 1000.000000000000000 ) ;
#1445 = ORIENTED_EDGE ( 'NONE', *, *, #3211, .T. ) ;
#1446 = EDGE_CURVE ( 'NONE', #2223, #5833, #6786, .T. ) ;
#1447 = EDGE_CURVE ( 'NONE', #72, #503, #6278, .T. ) ;
#1448 = ORIENTED_EDGE ( 'NONE', *, *, #2545, .T. ) ;
#1449 = DIRECTION ( 'NONE',  ( 1.000000000000000000, 0.0000000000000000000, 0.0000000000000000000 ) ) ;
#1450 = ORIENTED_EDGE ( 'NONE', *, *, #6979, .F. ) ;
#1451 = FACE_OUTER_BOUND ( 'NONE', #1127, .T. ) ;
#1452 = ORIENTED_EDGE ( 'NONE', *, *, #179, .T. ) ;
#1453 = DIRECTION ( 'NONE',  ( 0.0000000000000000000, -0.0000000000000000000, -1.000000000000000000 ) ) ;
#1454 = CARTESIAN_POINT ( 'NONE',  ( -4.054999999999997900, 5.720000000000000600, 3.927862566056165200 ) ) ;
#1455 = ORIENTED_EDGE ( 'NONE', *, *, #3496, .F. ) ;
#1456 = VERTEX_POINT ( 'NONE', #6611 ) ;
#1457 = DIRECTION ( 'NONE',  ( -0.0000000000000000000, -0.0000000000000000000, 1.000000000000000000 ) ) ;
#1458 = ORIENTED_EDGE ( 'NONE', *, *, #5350, .F. ) ;
#1459 = ADVANCED_FACE ( 'NONE', ( #4960 ), #5977, .T. ) ;
#1460 = DIRECTION ( 'NONE',  ( 0.5832407619048174400, 0.0000000000000000000, 0.8122993374690689100 ) ) ;
#1461 = AXIS2_PLACEMENT_3D ( 'NONE', #3251, #1514, #2701 ) ;
#1462 = EDGE_LOOP ( 'NONE', ( #1156, #2409, #6643, #4417, #3961, #4286, #3011, #5759 ) ) ;
#1463 = TOROIDAL_SURFACE ( 'NONE', #561, 1.500000000000002700, 1.000000000000000000 ) ;
#1464 = EDGE_LOOP ( 'NONE', ( #613, #3351, #6379, #2101 ) ) ;
#1465 = EDGE_LOOP ( 'NONE', ( #5097, #6900, #6893, #6486 ) ) ;
#1466 = ADVANCED_FACE ( 'NONE', ( #1423 ), #6010, .T. ) ;
#1467 = DIRECTION ( 'NONE',  ( 0.0000000000000000000, 0.0000000000000000000, 1.000000000000000000 ) ) ;
#1468 = DIRECTION ( 'NONE',  ( -3.025680481354897600E-015, 1.000000000000000000, 0.0000000000000000000 ) ) ;
#1469 = ORIENTED_EDGE ( 'NONE', *, *, #5376, .T. ) ;
#1470 = CARTESIAN_POINT ( 'NONE',  ( -13.34000000000001100, 1.000000000000002700, -7.646282237245133100 ) ) ;
#1471 = VECTOR ( 'NONE', #6141, 1000.000000000000000 ) ;
#1472 = VERTEX_POINT ( 'NONE', #2763 ) ;
#1473 = EDGE_CURVE ( 'NONE', #2803, #1394, #3086, .T. ) ;
#1474 = EDGE_CURVE ( 'NONE', #6675, #5381, #311, .T. ) ;
#1475 = ADVANCED_FACE ( 'NONE', ( #6873 ), #4026, .F. ) ;
#1476 = LINE ( 'NONE', #2989, #6664 ) ;
#1477 = ORIENTED_EDGE ( 'NONE', *, *, #3709, .T. ) ;
#1478 = DIRECTION ( 'NONE',  ( 0.0000000000000000000, 0.0000000000000000000, 1.000000000000000000 ) ) ;
#1479 = LINE ( 'NONE', #5379, #1147 ) ;
#1480 = EDGE_CURVE ( 'NONE', #1048, #3053, #1253, .T. ) ;
#1481 = ORIENTED_EDGE ( 'NONE', *, *, #3954, .T. ) ;
#1482 = ORIENTED_EDGE ( 'NONE', *, *, #3051, .F. ) ;
#1483 = AXIS2_PLACEMENT_3D ( 'NONE', #2466, #729, #4574 ) ;
#1484 = ORIENTED_EDGE ( 'NONE', *, *, #3984, .F. ) ;
#1485 = DIRECTION ( 'NONE',  ( 0.0000000000000000000, -0.0000000000000000000, -1.000000000000000000 ) ) ;
#1486 = DIRECTION ( 'NONE',  ( 0.0000000000000000000, 0.0000000000000000000, -1.000000000000000000 ) ) ;
#1487 = CARTESIAN_POINT ( 'NONE',  ( -13.34000000000001200, 1.000000000000001800, 6.579228774286543800 ) ) ;
#1488 = ORIENTED_EDGE ( 'NONE', *, *, #6455, .T. ) ;
#1489 = CARTESIAN_POINT ( 'NONE',  ( 2.500000000000000000, 3.000000000000000000, 9.577435161073747600 ) ) ;
#1490 = CARTESIAN_POINT ( 'NONE',  ( 13.40000000000000900, 1.720000000000006900, -4.445000000000021600 ) ) ;
#1491 = EDGE_CURVE ( 'NONE', #5329, #6089, #1604, .T. ) ;
#1492 = DIRECTION ( 'NONE',  ( -0.0000000000000000000, 1.000000000000000000, -0.0000000000000000000 ) ) ;
#1493 = ADVANCED_FACE ( 'NONE', ( #5392 ), #5953, .T. ) ;
#1494 = LINE ( 'NONE', #2599, #1848 ) ;
#1495 = LINE ( 'NONE', #6488, #5719 ) ;
#1496 = VECTOR ( 'NONE', #2795, 1000.000000000000000 ) ;
#1497 = CARTESIAN_POINT ( 'NONE',  ( -12.34000000000001200, 1.000000000000000000, 6.901052410065903000 ) ) ;
#1498 = ADVANCED_FACE ( 'NONE', ( #4702 ), #3244, .T. ) ;
#1499 = CARTESIAN_POINT ( 'NONE',  ( -4.079999999999998300, 4.583326286608009800, -1.569848563824564300 ) ) ;
#1500 = EDGE_CURVE ( 'NONE', #4260, #2610, #6700, .T. ) ;
#1501 = ORIENTED_EDGE ( 'NONE', *, *, #1303, .T. ) ;
#1502 = VECTOR ( 'NONE', #781, 1000.000000000000000 ) ;
#1503 = DIRECTION ( 'NONE',  ( -2.766366363095582400E-015, 1.000000000000000000, 0.0000000000000000000 ) ) ;
#1504 = FACE_OUTER_BOUND ( 'NONE', #2809, .T. ) ;
#1505 = DIRECTION ( 'NONE',  ( 0.0000000000000000000, 1.000000000000000000, 0.0000000000000000000 ) ) ;
#1506 = ADVANCED_FACE ( 'NONE', ( #2572 ), #5386, .T. ) ;
#1507 = VERTEX_POINT ( 'NONE', #6536 ) ;
#1508 = VECTOR ( 'NONE', #909, 1000.000000000000000 ) ;
#1509 = DIRECTION ( 'NONE',  ( 1.101411730778921300E-016, 1.101411730778925300E-016, -1.000000000000000000 ) ) ;
#1510 = VECTOR ( 'NONE', #305, 1000.000000000000000 ) ;
#1511 = AXIS2_PLACEMENT_3D ( 'NONE', #589, #6066, #1570 ) ;
#1512 = EDGE_CURVE ( 'NONE', #1456, #3389, #3947, .T. ) ;
#1513 = DIRECTION ( 'NONE',  ( -1.000000000000000000, 3.252606517456504600E-015, 0.0000000000000000000 ) ) ;
#1514 = DIRECTION ( 'NONE',  ( -0.6956930964556223800, 0.0000000000000000000, 0.7183391368594560500 ) ) ;
#1515 = VECTOR ( 'NONE', #6850, 1000.000000000000000 ) ;
#1516 = CARTESIAN_POINT ( 'NONE',  ( -4.079999999999998300, 5.720000000000001500, 3.927862566056164400 ) ) ;
#1517 = AXIS2_PLACEMENT_3D ( 'NONE', #366, #920, #3124 ) ;
#1518 = ORIENTED_EDGE ( 'NONE', *, *, #585, .F. ) ;
#1519 = DIRECTION ( 'NONE',  ( 0.0000000000000000000, 0.0000000000000000000, 1.000000000000000000 ) ) ;
#1520 = FACE_OUTER_BOUND ( 'NONE', #5232, .T. ) ;
#1521 = DIRECTION ( 'NONE',  ( 0.0000000000000000000, 0.0000000000000000000, -1.000000000000000000 ) ) ;
#1522 = DIRECTION ( 'NONE',  ( 0.0000000000000000000, 0.0000000000000000000, 1.000000000000000000 ) ) ;
#1523 = LINE ( 'NONE', #1102, #66 ) ;
#1524 = EDGE_LOOP ( 'NONE', ( #4062, #2582, #6497, #1282 ) ) ;
#1525 = DIRECTION ( 'NONE',  ( -1.000000000000000000, 0.0000000000000000000, -0.0000000000000000000 ) ) ;
#1526 = ADVANCED_FACE ( 'NONE', ( #3263 ), #4115, .T. ) ;
#1527 = ORIENTED_EDGE ( 'NONE', *, *, #6315, .T. ) ;
#1528 = ORIENTED_EDGE ( 'NONE', *, *, #2581, .T. ) ;
#1529 = EDGE_CURVE ( 'NONE', #7152, #6848, #6963, .T. ) ;
#1530 = DIRECTION ( 'NONE',  ( 0.0000000000000000000, -1.000000000000000000, 0.0000000000000000000 ) ) ;
#1531 = PLANE ( 'NONE',  #6944 ) ;
#1532 = EDGE_LOOP ( 'NONE', ( #4657, #3234 ) ) ;
#1533 = FACE_OUTER_BOUND ( 'NONE', #3736, .T. ) ;
#1534 = PLANE ( 'NONE',  #2531 ) ;
#1535 = DIRECTION ( 'NONE',  ( -0.0000000000000000000, 0.0000000000000000000, -1.000000000000000000 ) ) ;
#1537 = CARTESIAN_POINT ( 'NONE',  ( 13.30000000000000100, 5.920000000000001700, -9.205000000000005400 ) ) ;
#1536 = LINE ( 'NONE', #5451, #243 ) ;
#1538 = VERTEX_POINT ( 'NONE', #1682 ) ;
#1539 = ORIENTED_EDGE ( 'NONE', *, *, #6097, .F. ) ;
#1540 = CARTESIAN_POINT ( 'NONE',  ( -13.31001425603441000, 0.7224558619476780800, -7.668155617417185400 ) ) ;
#1541 = EDGE_LOOP ( 'NONE', ( #5981, #1571, #6220, #6660 ) ) ;
#1542 = ORIENTED_EDGE ( 'NONE', *, *, #5167, .F. ) ;
#1543 = ADVANCED_FACE ( 'NONE', ( #1100 ), #2256, .T. ) ;
#1544 = LINE ( 'NONE', #2475, #4135 ) ;
#1545 = AXIS2_PLACEMENT_3D ( 'NONE', #4936, #1611, #1636 ) ;
#1546 = VERTEX_POINT ( 'NONE', #6632 ) ;
#1547 = ORIENTED_EDGE ( 'NONE', *, *, #4387, .F. ) ;
#1548 = DIRECTION ( 'NONE',  ( 1.000000000000000000, 3.025680481354897600E-015, -0.0000000000000000000 ) ) ;
#1549 = EDGE_LOOP ( 'NONE', ( #6428, #2498, #4325, #777 ) ) ;
#1550 = ORIENTED_EDGE ( 'NONE', *, *, #2621, .T. ) ;
#1551 = VECTOR ( 'NONE', #5920, 1000.000000000000000 ) ;
#1552 = CARTESIAN_POINT ( 'NONE',  ( -1.500000000000000000, 5.200000000000001100, 9.280814232050447600 ) ) ;
#1553 = DIRECTION ( 'NONE',  ( 0.0000000000000000000, 0.9662102834940516900, -0.2577550931996187600 ) ) ;
#1554 = ORIENTED_EDGE ( 'NONE', *, *, #1736, .T. ) ;
#1555 = CARTESIAN_POINT ( 'NONE',  ( -4.054999999999997900, 5.720000000000000600, 3.927862566056165200 ) ) ;
#1556 = CARTESIAN_POINT ( 'NONE',  ( -1.734723475976806700E-015, 5.200000000000001100, -2.805000000000021900 ) ) ;
#1557 = FACE_OUTER_BOUND ( 'NONE', #868, .T. ) ;
#1558 = CARTESIAN_POINT ( 'NONE',  ( -4.054999999999997900, 5.919999999999999900, 3.927862566056165200 ) ) ;
#1559 = CARTESIAN_POINT ( 'NONE',  ( -13.60000000000001000, 1.720000000000006200, 0.6349999999999784700 ) ) ;
#1560 = ORIENTED_EDGE ( 'NONE', *, *, #2325, .T. ) ;
#1561 = DIRECTION ( 'NONE',  ( 0.0000000000000000000, 1.000000000000000000, 0.0000000000000000000 ) ) ;
#1562 = CARTESIAN_POINT ( 'NONE',  ( 13.40000000000000900, 1.719999999999999300, 0.6349999999999784700 ) ) ;
#1563 = CIRCLE ( 'NONE', #5955, 1.145000000000000200 ) ;
#1564 = DIRECTION ( 'NONE',  ( -0.0000000000000000000, 0.0000000000000000000, -1.000000000000000000 ) ) ;
#1565 = ORIENTED_EDGE ( 'NONE', *, *, #4773, .T. ) ;
#1566 = AXIS2_PLACEMENT_3D ( 'NONE', #3335, #570, #31 ) ;
#1567 = VERTEX_POINT ( 'NONE', #3341 ) ;
#1568 = ADVANCED_FACE ( 'NONE', ( #6185 ), #4374, .T. ) ;
#1569 = LINE ( 'NONE', #1424, #6928 ) ;
#1570 = DIRECTION ( 'NONE',  ( 0.0000000000000000000, -1.000000000000000000, 0.0000000000000000000 ) ) ;
#1571 = ORIENTED_EDGE ( 'NONE', *, *, #5126, .T. ) ;
#1572 = ORIENTED_EDGE ( 'NONE', *, *, #3969, .T. ) ;
#1573 = DIRECTION ( 'NONE',  ( 1.000000000000000000, 0.0000000000000000000, 0.0000000000000000000 ) ) ;
#1574 = EDGE_CURVE ( 'NONE', #4464, #503, #5827, .T. ) ;
#1575 = EDGE_CURVE ( 'NONE', #3029, #3010, #7139, .T. ) ;
#1576 = AXIS2_PLACEMENT_3D ( 'NONE', #5897, #3146, #2589 ) ;
#1577 = DIRECTION ( 'NONE',  ( 0.2406652375911247100, 0.0000000000000000000, -0.9706081822317425000 ) ) ;
#1578 = B_SPLINE_CURVE_WITH_KNOTS ( 'NONE', 3,
 ( #5771, #1982, #4080, #3061, #2996, #2480, #6296, #5745 ),
 .UNSPECIFIED., .F., .F.,
 ( 4, 2, 2, 4 ),
 ( -7.494164378460707500E-006, 0.0008319171734022272000, 0.001251622842292571200, 0.001671328511182915100 ),
 .UNSPECIFIED. ) ;
#1579 = ADVANCED_FACE ( 'NONE', ( #4200 ), #1111, .F. ) ;
#1580 = ORIENTED_EDGE ( 'NONE', *, *, #4424, .F. ) ;
#1581 = CIRCLE ( 'NONE', #818, 0.3000000000000016500 ) ;
#1582 = FACE_BOUND ( 'NONE', #1637, .T. ) ;
#1583 = CARTESIAN_POINT ( 'NONE',  ( -6.079999999999998300, 4.683326286608007600, -1.569848563824564300 ) ) ;
#1584 = VECTOR ( 'NONE', #5782, 1000.000000000000000 ) ;
#1585 = DIRECTION ( 'NONE',  ( 0.8433914458128890500, 0.0000000000000000000, 0.5372996083468185600 ) ) ;
#1586 = DIRECTION ( 'NONE',  ( 0.0000000000000000000, 0.0000000000000000000, -1.000000000000000000 ) ) ;
#1587 = DIRECTION ( 'NONE',  ( -0.0000000000000000000, -0.0000000000000000000, -1.000000000000000000 ) ) ;
#1588 = ORIENTED_EDGE ( 'NONE', *, *, #2722, .F. ) ;
#1589 = LINE ( 'NONE', #5626, #118 ) ;
#1590 = EDGE_CURVE ( 'NONE', #1058, #7148, #2393, .T. ) ;
#1591 = EDGE_CURVE ( 'NONE', #5594, #5074, #1779, .T. ) ;
#1592 = VECTOR ( 'NONE', #2144, 1000.000000000000200 ) ;
#1593 = CARTESIAN_POINT ( 'NONE',  ( 4.079999999999998300, 4.583326286608009800, -1.530520863929464100 ) ) ;
#1594 = ORIENTED_EDGE ( 'NONE', *, *, #3480, .T. ) ;
#1595 = ORIENTED_EDGE ( 'NONE', *, *, #5941, .F. ) ;
#1596 = CYLINDRICAL_SURFACE ( 'NONE', #388, 0.09999999999999939500 ) ;
#1597 = COLOUR_RGB ( '',1.000000000000000000, 1.000000000000000000, 1.000000000000000000 ) ;
#1598 = CARTESIAN_POINT ( 'NONE',  ( -4.079999999999998300, 4.393463201559789900, -1.492522035864679400 ) ) ;
#1599 = AXIS2_PLACEMENT_3D ( 'NONE', #1967, #1390, #3077 ) ;
#1600 = DIRECTION ( 'NONE',  ( 1.000000000000000000, 0.0000000000000000000, 0.0000000000000000000 ) ) ;
#1601 = EDGE_CURVE ( 'NONE', #255, #679, #1039, .T. ) ;
#1602 = PLANE ( 'NONE',  #87 ) ;
#1603 = ORIENTED_EDGE ( 'NONE', *, *, #1389, .F. ) ;
#1604 = LINE ( 'NONE', #6024, #135 ) ;
#1605 = DIRECTION ( 'NONE',  ( 0.0000000000000000000, -1.000000000000000000, 0.0000000000000000000 ) ) ;
#1606 = CARTESIAN_POINT ( 'NONE',  ( -4.079999999999998300, 5.797823814539136800, 2.995876822266466900 ) ) ;
#1607 = CARTESIAN_POINT ( 'NONE',  ( 13.60000000000001200, 1.720000000000000000, -9.205000000000005400 ) ) ;
#1608 = CARTESIAN_POINT ( 'NONE',  ( -16.03250000000000200, 0.2000000000000110900, -1.905000000000022000 ) ) ;
#1609 = AXIS2_PLACEMENT_3D ( 'NONE', #799, #1904, #210 ) ;
#1610 = VECTOR ( 'NONE', #6155, 1000.000000000000000 ) ;
#1611 = DIRECTION ( 'NONE',  ( 1.000000000000000000, -0.0000000000000000000, 0.0000000000000000000 ) ) ;
#1612 =( NAMED_UNIT ( * ) PLANE_ANGLE_UNIT ( ) SI_UNIT ( $, .RADIAN. ) );
#1613 = EDGE_CURVE ( 'NONE', #3635, #1709, #2476, .T. ) ;
#1614 = ORIENTED_EDGE ( 'NONE', *, *, #4112, .T. ) ;
#1615 = VERTEX_POINT ( 'NONE', #7056 ) ;
#1616 = ORIENTED_EDGE ( 'NONE', *, *, #3858, .T. ) ;
#1617 = ORIENTED_EDGE ( 'NONE', *, *, #2135, .F. ) ;
#1618 = VERTEX_POINT ( 'NONE', #633 ) ;
#1619 = LINE ( 'NONE', #1750, #4392 ) ;
#1620 = AXIS2_PLACEMENT_3D ( 'NONE', #3563, #1942, #2491 ) ;
#1621 = ORIENTED_EDGE ( 'NONE', *, *, #3225, .T. ) ;
#1622 = DIRECTION ( 'NONE',  ( -0.0000000000000000000, 1.000000000000000000, -0.0000000000000000000 ) ) ;
#1623 = ORIENTED_EDGE ( 'NONE', *, *, #6291, .F. ) ;
#1624 = DIRECTION ( 'NONE',  ( -0.0000000000000000000, 1.000000000000000000, -0.0000000000000000000 ) ) ;
#1625 = ORIENTED_EDGE ( 'NONE', *, *, #3289, .T. ) ;
#1626 = CARTESIAN_POINT ( 'NONE',  ( -13.33592814371259100, 4.105923505003997500, -6.895000000000020900 ) ) ;
#1627 = ORIENTED_EDGE ( 'NONE', *, *, #4901, .T. ) ;
#1628 = FACE_OUTER_BOUND ( 'NONE', #5770, .T. ) ;
#1629 = CARTESIAN_POINT ( 'NONE',  ( 13.31001096836418900, 0.7224410985344543700, -6.121841956061127900 ) ) ;
#1630 = VERTEX_POINT ( 'NONE', #2836 ) ;
#1631 = EDGE_LOOP ( 'NONE', ( #3728, #3988, #3960 ) ) ;
#1632 = EDGE_CURVE ( 'NONE', #105, #3478, #6453, .T. ) ;
#1633 = DIRECTION ( 'NONE',  ( 1.801643180557463600E-015, -1.000000000000000000, 1.744845378284609700E-015 ) ) ;
#1634 = CARTESIAN_POINT ( 'NONE',  ( -9.529003095812298000, 1.000000000000001800, -10.89500000000000100 ) ) ;
#1635 = PLANE ( 'NONE',  #498 ) ;
#1636 = DIRECTION ( 'NONE',  ( 0.0000000000000000000, 0.0000000000000000000, -1.000000000000000000 ) ) ;
#1637 = EDGE_LOOP ( 'NONE', ( #2, #6057 ) ) ;
#1638 = DIRECTION ( 'NONE',  ( -0.5832407619048173300, 0.0000000000000000000, -0.8122993374690687900 ) ) ;
#1639 = DIRECTION ( 'NONE',  ( 0.0000000000000000000, 0.0000000000000000000, -1.000000000000000000 ) ) ;
#1640 = ORIENTED_EDGE ( 'NONE', *, *, #4278, .T. ) ;
#1641 = FACE_OUTER_BOUND ( 'NONE', #2248, .T. ) ;
#1642 = ORIENTED_EDGE ( 'NONE', *, *, #2545, .F. ) ;
#1643 = EDGE_LOOP ( 'NONE', ( #4041, #2954, #5623, #6209 ) ) ;
#1644 = ADVANCED_FACE ( 'NONE', ( #574 ), #5301, .F. ) ;
#1645 = ORIENTED_EDGE ( 'NONE', *, *, #4119, .T. ) ;
#1646 = AXIS2_PLACEMENT_3D ( 'NONE', #1965, #5829, #2519 ) ;
#1647 = VECTOR ( 'NONE', #6858, 1000.000000000000000 ) ;
#1648 = CARTESIAN_POINT ( 'NONE',  ( 2.220000000000003300, 5.399999999999994100, -15.10628448577629300 ) ) ;
#1649 = ORIENTED_EDGE ( 'NONE', *, *, #1172, .F. ) ;
#1650 = PLANE ( 'NONE',  #1725 ) ;
#1651 = DIRECTION ( 'NONE',  ( -0.0000000000000000000, 1.000000000000000000, -0.0000000000000000000 ) ) ;
#1652 = CIRCLE ( 'NONE', #6147, 0.09999999999999939500 ) ;
#1653 = ORIENTED_EDGE ( 'NONE', *, *, #2841, .T. ) ;
#1654 = CARTESIAN_POINT ( 'NONE',  ( -6.104999999999997800, 5.919999999999999900, 3.927862566056165200 ) ) ;
#1655 = CARTESIAN_POINT ( 'NONE',  ( -13.63043069035443200, 1.720000000000000200, 6.616833913685941800 ) ) ;
#1656 = EDGE_CURVE ( 'NONE', #632, #6038, #5120, .T. ) ;
#1657 = EDGE_CURVE ( 'NONE', #3882, #3010, #924, .T. ) ;
#1658 = LINE ( 'NONE', #3452, #2716 ) ;
#1659 = CARTESIAN_POINT ( 'NONE',  ( -8.673617379884035500E-015, 5.400000000000000400, 60.65107638281947500 ) ) ;
#1660 = ORIENTED_EDGE ( 'NONE', *, *, #6626, .F. ) ;
#1661 = ORIENTED_EDGE ( 'NONE', *, *, #6198, .F. ) ;
#1662 = VERTEX_POINT ( 'NONE', #5984 ) ;
#1663 = CARTESIAN_POINT ( 'NONE',  ( -2.500000000000000000, 0.0000000000000000000, 8.925199674982893700 ) ) ;
#1664 = DIRECTION ( 'NONE',  ( 1.000000000000000000, -1.561960177346128800E-016, 0.0000000000000000000 ) ) ;
#1665 = AXIS2_PLACEMENT_3D ( 'NONE', #4043, #813, #3519 ) ;
#1666 = EDGE_CURVE ( 'NONE', #3212, #4428, #7057, .T. ) ;
#1667 = ORIENTED_EDGE ( 'NONE', *, *, #4847, .T. ) ;
#1668 = CARTESIAN_POINT ( 'NONE',  ( -4.079999999999998300, 5.604581757840326100, 3.047427840906390200 ) ) ;
#1669 = DIRECTION ( 'NONE',  ( -1.000000000000000000, 0.0000000000000000000, 0.0000000000000000000 ) ) ;
#1670 = FACE_OUTER_BOUND ( 'NONE', #3619, .T. ) ;
#1671 = SPHERICAL_SURFACE ( 'NONE', #335, 0.5350000000000099100 ) ;
#1672 = DIRECTION ( 'NONE',  ( 0.0000000000000000000, 1.000000000000000000, 0.0000000000000000000 ) ) ;
#1673 = LINE ( 'NONE', #28, #4689 ) ;
#1674 = EDGE_CURVE ( 'NONE', #4412, #1567, #3690, .T. ) ;
#1675 = AXIS2_PLACEMENT_3D ( 'NONE', #6766, #2950, #6790 ) ;
#1676 = CARTESIAN_POINT ( 'NONE',  ( 12.23900214361331800, 1.000000000000000000, 11.29091227334759800 ) ) ;
#1677 = ADVANCED_FACE ( 'NONE', ( #2664 ), #5209, .F. ) ;
#1678 = DIRECTION ( 'NONE',  ( 0.0000000000000000000, 0.2577550931996183700, 0.9662102834940518000 ) ) ;
#1679 = CARTESIAN_POINT ( 'NONE',  ( -6.079999999999998300, 4.586705258258603200, -1.544073054504602900 ) ) ;
#1680 = LINE ( 'NONE', #4692, #4519 ) ;
#1681 = CYLINDRICAL_SURFACE ( 'NONE', #1862, 12.50000000000000000 ) ;
#1682 = CARTESIAN_POINT ( 'NONE',  ( -4.079999999999998300, 5.604581757840326100, 3.047427840906390600 ) ) ;
#1683 = DIRECTION ( 'NONE',  ( -0.0000000000000000000, 1.000000000000000000, -0.0000000000000000000 ) ) ;
#1684 = CIRCLE ( 'NONE', #2874, 11.50000000000014200 ) ;
#1685 = APPLICATION_CONTEXT ( 'automotive_design' ) ;
#1686 = EDGE_CURVE ( 'NONE', #6023, #3686, #1178, .T. ) ;
#1687 = EDGE_CURVE ( 'NONE', #3911, #4487, #6619, .T. ) ;
#1688 = ORIENTED_EDGE ( 'NONE', *, *, #5681, .F. ) ;
#1689 = ORIENTED_EDGE ( 'NONE', *, *, #6158, .F. ) ;
#1690 = CIRCLE ( 'NONE', #6447, 0.2999999999999999300 ) ;
#1691 = ORIENTED_EDGE ( 'NONE', *, *, #6426, .F. ) ;
#1692 = LINE ( 'NONE', #2973, #2660 ) ;
#1693 = CARTESIAN_POINT ( 'NONE',  ( 13.31397264753881300, 0.7382520453158525300, -10.38198632376938800 ) ) ;
#1694 = CARTESIAN_POINT ( 'NONE',  ( -13.60000000000001400, 5.400000000000000400, -6.895000000000024400 ) ) ;
#1695 = CARTESIAN_POINT ( 'NONE',  ( 6.079999999999999200, 4.583326286608009800, -3.247895313489022900 ) ) ;
#1696 = VECTOR ( 'NONE', #947, 1000.000000000000000 ) ;
#1697 = CARTESIAN_POINT ( 'NONE',  ( 12.84000000000000900, 1.000000000000000000, -9.895000000000008500 ) ) ;
#1698 = EDGE_CURVE ( 'NONE', #6331, #2941, #5045, .T. ) ;
#1699 = CARTESIAN_POINT ( 'NONE',  ( -12.60000000000000500, 1.000000000000000000, 9.834999999999976000 ) ) ;
#1700 = ORIENTED_EDGE ( 'NONE', *, *, #5102, .T. ) ;
#1701 = DIRECTION ( 'NONE',  ( -0.7183391368594559400, -2.508067691305474600E-015, -0.6956930964556222700 ) ) ;
#1702 = DIRECTION ( 'NONE',  ( -1.000000000000000000, -0.0000000000000000000, -0.0000000000000000000 ) ) ;
#1703 = CIRCLE ( 'NONE', #6826, 0.1000000000000000500 ) ;
#1704 = PLANE ( 'NONE',  #6095 ) ;
#1705 = ORIENTED_EDGE ( 'NONE', *, *, #6663, .F. ) ;
#1706 = CARTESIAN_POINT ( 'NONE',  ( -1.734723475976806700E-015, 0.0000000000000000000, -2.805000000000021900 ) ) ;
#1707 = UNCERTAINTY_MEASURE_WITH_UNIT (LENGTH_MEASURE( 1.000000000000000100E-005 ), #3087, 'distance_accuracy_value', 'NONE');
#1708 = FACE_OUTER_BOUND ( 'NONE', #1385, .T. ) ;
#1709 = VERTEX_POINT ( 'NONE', #1711 ) ;
#1710 = EDGE_CURVE ( 'NONE', #1353, #2419, #3601, .T. ) ;
#1711 = CARTESIAN_POINT ( 'NONE',  ( 13.81844900620360400, 0.0000000000000000000, 8.960138857142755600 ) ) ;
#1712 = ORIENTED_EDGE ( 'NONE', *, *, #2240, .T. ) ;
#1713 = ORIENTED_EDGE ( 'NONE', *, *, #6252, .F. ) ;
#1714 = VERTEX_POINT ( 'NONE', #1663 ) ;
#1715 = ADVANCED_FACE ( 'NONE', ( #6531 ), #6080, .F. ) ;
#1716 = FACE_OUTER_BOUND ( 'NONE', #3282, .T. ) ;
#1717 = CARTESIAN_POINT ( 'NONE',  ( 2.220000000000003300, 5.399999999999994100, -14.08868734058155400 ) ) ;
#1718 = CARTESIAN_POINT ( 'NONE',  ( 13.29999999999999500, 5.620000000000002800, -9.205000000000005400 ) ) ;
#1719 = LINE ( 'NONE', #4490, #5410 ) ;
#1720 = ORIENTED_EDGE ( 'NONE', *, *, #6698, .F. ) ;
#1721 = VERTEX_POINT ( 'NONE', #609 ) ;
#1722 = EDGE_CURVE ( 'NONE', #3208, #167, #4876, .T. ) ;
#1723 = DIRECTION ( 'NONE',  ( 1.000000000000000000, 2.081668171172168500E-016, 1.769417945496343200E-015 ) ) ;
#1724 = CARTESIAN_POINT ( 'NONE',  ( -6.079999999999998300, 4.683326286608007600, -1.569848563824564300 ) ) ;
#1725 = AXIS2_PLACEMENT_3D ( 'NONE', #3139, #6438, #546 ) ;
#1726 = ORIENTED_EDGE ( 'NONE', *, *, #5127, .F. ) ;
#1727 = ORIENTED_EDGE ( 'NONE', *, *, #2023, .F. ) ;
#1728 = FACE_OUTER_BOUND ( 'NONE', #4437, .T. ) ;
#1729 = DIRECTION ( 'NONE',  ( 0.0000000000000000000, 0.0000000000000000000, -1.000000000000000000 ) ) ;
#1730 = CARTESIAN_POINT ( 'NONE',  ( 9.174920571607586300, -6.098637220230960000E-017, -10.14251870484121900 ) ) ;
#1731 = EDGE_LOOP ( 'NONE', ( #6026, #1580, #7105, #3275, #5506, #3222, #6037, #3567, #4234 ) ) ;
#1732 = ORIENTED_EDGE ( 'NONE', *, *, #1238, .T. ) ;
#1733 = VERTEX_POINT ( 'NONE', #5512 ) ;
#1734 = ORIENTED_EDGE ( 'NONE', *, *, #6734, .F. ) ;
#1735 = CIRCLE ( 'NONE', #5109, 0.3000000000000016500 ) ;
#1736 = EDGE_CURVE ( 'NONE', #7112, #3604, #1962, .T. ) ;
#1737 = DIRECTION ( 'NONE',  ( 0.0000000000000000000, 1.000000000000000000, 0.0000000000000000000 ) ) ;
#1738 = VERTEX_POINT ( 'NONE', #1159 ) ;
#1739 = FACE_OUTER_BOUND ( 'NONE', #2940, .T. ) ;
#1740 = ORIENTED_EDGE ( 'NONE', *, *, #744, .T. ) ;
#1741 = DIRECTION ( 'NONE',  ( -1.000000000000000000, 0.0000000000000000000, 0.0000000000000000000 ) ) ;
#1742 = CARTESIAN_POINT ( 'NONE',  ( 9.991930185743171900, 5.719999999999999800, -10.79499999999999800 ) ) ;
#1743 = AXIS2_PLACEMENT_3D ( 'NONE', #4461, #4394, #1638 ) ;
#1744 = EDGE_CURVE ( 'NONE', #4060, #6331, #4370, .T. ) ;
#1745 = FACE_OUTER_BOUND ( 'NONE', #5772, .T. ) ;
#1746 = ORIENTED_EDGE ( 'NONE', *, *, #6455, .F. ) ;
#1747 = DIRECTION ( 'NONE',  ( -0.7183391368594559400, 0.0000000000000000000, -0.6956930964556222700 ) ) ;
#1748 = DIRECTION ( 'NONE',  ( -0.0000000000000000000, 1.000000000000000000, -0.0000000000000000000 ) ) ;
#1749 = FACE_OUTER_BOUND ( 'NONE', #2140, .T. ) ;
#1750 = CARTESIAN_POINT ( 'NONE',  ( 4.054999999999997900, 5.919999999999999900, 3.927862566056165200 ) ) ;
#1751 = CARTESIAN_POINT ( 'NONE',  ( 12.36848664453580100, 4.430000000000000600, -11.09500000000000400 ) ) ;
#1752 =( GEOMETRIC_REPRESENTATION_CONTEXT ( 3 ) GLOBAL_UNCERTAINTY_ASSIGNED_CONTEXT ( ( #1707 ) ) GLOBAL_UNIT_ASSIGNED_CONTEXT ( ( #3087, #2530, #1925 ) ) REPRESENTATION_CONTEXT ( 'NONE', 'WORKASPACE' ) );
#1753 = ORIENTED_EDGE ( 'NONE', *, *, #1480, .F. ) ;
#1754 = EDGE_LOOP ( 'NONE', ( #2344, #5340, #4086 ) ) ;
#1755 = CARTESIAN_POINT ( 'NONE',  ( -4.079999999999998300, 4.583326286608009800, -1.530520863929464100 ) ) ;
#1756 = EDGE_CURVE ( 'NONE', #4333, #3746, #7052, .T. ) ;
#1757 = CARTESIAN_POINT ( 'NONE',  ( 12.36848664453580100, 5.720000000000000600, -9.205000000000005400 ) ) ;
#1758 = SURFACE_SIDE_STYLE ('',( #3425 ) ) ;
#1759 = VECTOR ( 'NONE', #290, 1000.000000000000000 ) ;
#1760 = SPHERICAL_SURFACE ( 'NONE', #197, 0.5350000000000099100 ) ;
#1761 = VECTOR ( 'NONE', #3676, 1000.000000000000000 ) ;
#1762 = CARTESIAN_POINT ( 'NONE',  ( -9.991930185743171900, 4.430000000000001500, -11.09500000000000400 ) ) ;
#1763 = ORIENTED_EDGE ( 'NONE', *, *, #5704, .T. ) ;
#1764 = LINE ( 'NONE', #4320, #5635 ) ;
#1765 = LINE ( 'NONE', #4038, #913 ) ;
#1766 = CARTESIAN_POINT ( 'NONE',  ( -13.34000000000001200, 5.400000000000000400, 6.579228774286543800 ) ) ;
#1767 = DIRECTION ( 'NONE',  ( 0.0000000000000000000, 0.0000000000000000000, 1.000000000000000000 ) ) ;
#1768 = DIRECTION ( 'NONE',  ( 0.0000000000000000000, 1.000000000000000000, 0.0000000000000000000 ) ) ;
#1769 = ORIENTED_EDGE ( 'NONE', *, *, #6333, .F. ) ;
#1770 = FACE_OUTER_BOUND ( 'NONE', #3897, .T. ) ;
#1771 = EDGE_CURVE ( 'NONE', #2718, #2639, #834, .T. ) ;
#1772 = AXIS2_PLACEMENT_3D ( 'NONE', #372, #1913, #926 ) ;
#1773 = LINE ( 'NONE', #5131, #2471 ) ;
#1774 = DIRECTION ( 'NONE',  ( 1.000000000000000000, 0.0000000000000000000, -0.0000000000000000000 ) ) ;
#1775 = DIRECTION ( 'NONE',  ( 0.0000000000000000000, -1.000000000000000000, 0.0000000000000000000 ) ) ;
#1776 = CARTESIAN_POINT ( 'NONE',  ( -13.60000000000001400, 1.000000000000000000, -6.895000000000024400 ) ) ;
#1777 = CARTESIAN_POINT ( 'NONE',  ( 1.499999999999998700, 5.200000000000001100, -13.09081423205049400 ) ) ;
#1778 = ORIENTED_EDGE ( 'NONE', *, *, #1916, .T. ) ;
#1779 = LINE ( 'NONE', #2815, #3517 ) ;
#1780 = DIRECTION ( 'NONE',  ( 1.000000000000000000, -3.025680481354897600E-015, 0.0000000000000000000 ) ) ;
#1781 = AXIS2_PLACEMENT_3D ( 'NONE', #3776, #2132, #6566 ) ;
#1782 = CARTESIAN_POINT ( 'NONE',  ( 4.079999999999998300, 5.797823814539136800, 2.995876822266466900 ) ) ;
#1783 = CIRCLE ( 'NONE', #5424, 0.09999999999999982500 ) ;
#1784 = EDGE_LOOP ( 'NONE', ( #6843, #6931, #6423, #5155 ) ) ;
#1785 = DIRECTION ( 'NONE',  ( -1.000000000000000000, 2.853163611803958200E-015, 0.0000000000000000000 ) ) ;
#1786 = ORIENTED_EDGE ( 'NONE', *, *, #4351, .F. ) ;
#1787 = PRESENTATION_LAYER_ASSIGNMENT (  '', '', ( #5615 ) ) ;
#1788 = ORIENTED_EDGE ( 'NONE', *, *, #3106, .F. ) ;
#1789 = CARTESIAN_POINT ( 'NONE',  ( 4.079999999999998300, 4.383326286608009600, -1.569848563824564300 ) ) ;
#1790 = EDGE_CURVE ( 'NONE', #5381, #2188, #3942, .T. ) ;
#1791 = EDGE_CURVE ( 'NONE', #7178, #5411, #1326, .T. ) ;
#1792 = ORIENTED_EDGE ( 'NONE', *, *, #4661, .T. ) ;
#1793 = EDGE_LOOP ( 'NONE', ( #5440, #3494, #2923, #2013 ) ) ;
#1794 = DIRECTION ( 'NONE',  ( 0.0000000000000000000, 3.491481338843133400E-015, -1.000000000000000000 ) ) ;
#1795 = ADVANCED_FACE ( 'NONE', ( #2742 ), #5577, .F. ) ;
#1796 = FACE_OUTER_BOUND ( 'NONE', #4073, .T. ) ;
#1797 = ORIENTED_EDGE ( 'NONE', *, *, #6569, .T. ) ;
#1798 = CARTESIAN_POINT ( 'NONE',  ( 13.29999999999999700, 5.720000000000000600, 6.544999999999995500 ) ) ;
#1799 = VERTEX_POINT ( 'NONE', #3345 ) ;
#1800 = CARTESIAN_POINT ( 'NONE',  ( 13.60000000000001000, 1.720000000000000000, -9.205000000000005400 ) ) ;
#1801 = EDGE_LOOP ( 'NONE', ( #1136, #156, #1259, #3359 ) ) ;
#1802 = DIRECTION ( 'NONE',  ( -2.529033432039580700E-015, -1.000000000000000000, 0.0000000000000000000 ) ) ;
#1803 = ORIENTED_EDGE ( 'NONE', *, *, #2058, .F. ) ;
#1804 = VECTOR ( 'NONE', #389, 1000.000000000000000 ) ;
#1805 = ORIENTED_EDGE ( 'NONE', *, *, #1869, .F. ) ;
#1806 = ORIENTED_EDGE ( 'NONE', *, *, #3327, .T. ) ;
#1807 = ORIENTED_EDGE ( 'NONE', *, *, #281, .T. ) ;
#1808 = VERTEX_POINT ( 'NONE', #7175 ) ;
#1809 = VERTEX_POINT ( 'NONE', #6662 ) ;
#1810 = VECTOR ( 'NONE', #228, 1000.000000000000000 ) ;
#1811 = EDGE_LOOP ( 'NONE', ( #4057, #449, #4730, #6224 ) ) ;
#1812 = CARTESIAN_POINT ( 'NONE',  ( 13.28763736329628000, 0.6197113693868595600, -10.84263736329627300 ) ) ;
#1813 = DIRECTION ( 'NONE',  ( 1.000000000000000000, 1.561960177346128600E-016, 0.0000000000000000000 ) ) ;
#1814 = ORIENTED_EDGE ( 'NONE', *, *, #6512, .F. ) ;
#1815 = EDGE_CURVE ( 'NONE', #3454, #4408, #2305, .T. ) ;
#1816 = AXIS2_PLACEMENT_3D ( 'NONE', #1242, #133, #745 ) ;
#1817 = DIRECTION ( 'NONE',  ( 0.0000000000000000000, 1.000000000000000000, 0.0000000000000000000 ) ) ;
#1818 = ORIENTED_EDGE ( 'NONE', *, *, #6241, .T. ) ;
#1819 = CARTESIAN_POINT ( 'NONE',  ( -13.60000000000001000, 3.420000000000027500, -6.895000000000020900 ) ) ;
#1820 = LINE ( 'NONE', #986, #7101 ) ;
#1821 = DIRECTION ( 'NONE',  ( 0.0000000000000000000, -1.000000000000000000, 0.0000000000000000000 ) ) ;
#1822 = CARTESIAN_POINT ( 'NONE',  ( 9.991930185743171900, 4.430000000000001500, -11.09500000000000400 ) ) ;
#1823 = ORIENTED_EDGE ( 'NONE', *, *, #4448, .T. ) ;
#1824 = AXIS2_PLACEMENT_3D ( 'NONE', #988, #4289, #4804 ) ;
#1825 = EDGE_CURVE ( 'NONE', #4157, #2154, #3079, .T. ) ;
#1826 = TOROIDAL_SURFACE ( 'NONE', #2322, 0.6270765503509230200, 0.1000000000000000100 ) ;
#1827 = CARTESIAN_POINT ( 'NONE',  ( 16.03250000000000200, 1.108596721366428300E-014, -1.905000000000022000 ) ) ;
#1828 = DIRECTION ( 'NONE',  ( 1.000000000000000000, 0.0000000000000000000, -0.0000000000000000000 ) ) ;
#1829 = ORIENTED_EDGE ( 'NONE', *, *, #4018, .T. ) ;
#1830 = DIRECTION ( 'NONE',  ( 0.0000000000000000000, 0.0000000000000000000, 1.000000000000000000 ) ) ;
#1831 = CYLINDRICAL_SURFACE ( 'NONE', #130, 0.3000000000000016500 ) ;
#1832 = ADVANCED_FACE ( 'NONE', ( #5388 ), #3898, .T. ) ;
#1833 = VERTEX_POINT ( 'NONE', #41 ) ;
#1834 = ORIENTED_EDGE ( 'NONE', *, *, #2985, .T. ) ;
#1835 = ORIENTED_EDGE ( 'NONE', *, *, #179, .F. ) ;
#1836 = AXIS2_PLACEMENT_3D ( 'NONE', #7122, #2186, #7143 ) ;
#1837 = CARTESIAN_POINT ( 'NONE',  ( 12.84361893687398600, 0.1262135936287260300, -10.14680946843706400 ) ) ;
#1838 = DIRECTION ( 'NONE',  ( 0.0000000000000000000, 0.0000000000000000000, -1.000000000000000000 ) ) ;
#1839 = CARTESIAN_POINT ( 'NONE',  ( 13.29999999999999700, 5.720000000000002400, 6.544999999999995500 ) ) ;
#1840 = ORIENTED_EDGE ( 'NONE', *, *, #2293, .T. ) ;
#1841 = CARTESIAN_POINT ( 'NONE',  ( 4.079999999999998300, 2.304219872357979000, 3.927862566056164400 ) ) ;
#1842 = DIRECTION ( 'NONE',  ( -1.101411730778925200E-016, 0.0000000000000000000, -1.000000000000000000 ) ) ;
#1843 = CARTESIAN_POINT ( 'NONE',  ( 18.36499999999999800, 6.817866684653116900E-015, 0.6349999999999784700 ) ) ;
#1844 = AXIS2_PLACEMENT_3D ( 'NONE', #363, #2560, #7020 ) ;
#1845 = EDGE_CURVE ( 'NONE', #6725, #3792, #5736, .T. ) ;
#1846 = CARTESIAN_POINT ( 'NONE',  ( -13.06500000000000000, 3.420000000000027500, -6.895000000000020900 ) ) ;
#1847 = EDGE_CURVE ( 'NONE', #6062, #2067, #4870, .T. ) ;
#1848 = VECTOR ( 'NONE', #5266, 1000.000000000000000 ) ;
#1849 = LINE ( 'NONE', #2649, #559 ) ;
#1850 = CARTESIAN_POINT ( 'NONE',  ( -12.34000000000001100, 5.400000000000000400, -9.895000000000008500 ) ) ;
#1851 = LINE ( 'NONE', #569, #5032 ) ;
#1852 = CARTESIAN_POINT ( 'NONE',  ( -12.59999999999999600, 5.720000000000000600, 7.644999999999995100 ) ) ;
#1853 = PLANE ( 'NONE',  #312 ) ;
#1854 = DIRECTION ( 'NONE',  ( -0.0000000000000000000, -0.0000000000000000000, 1.000000000000000000 ) ) ;
#1855 = ORIENTED_EDGE ( 'NONE', *, *, #665, .T. ) ;
#1856 = VERTEX_POINT ( 'NONE', #1115 ) ;
#1857 = CIRCLE ( 'NONE', #6203, 49.85488151972596400 ) ;
#1858 = EDGE_CURVE ( 'NONE', #4385, #52, #5039, .T. ) ;
#1859 = VECTOR ( 'NONE', #6586, 1000.000000000000000 ) ;
#1860 = EDGE_CURVE ( 'NONE', #963, #3026, #3594, .T. ) ;
#1861 = CARTESIAN_POINT ( 'NONE',  ( -1.500000000000000000, 5.200000000000001100, 10.81876546564532200 ) ) ;
#1862 = AXIS2_PLACEMENT_3D ( 'NONE', #5137, #4176, #1409 ) ;
#1863 = DIRECTION ( 'NONE',  ( 0.0000000000000000000, 0.0000000000000000000, 1.000000000000000000 ) ) ;
#1864 = ORIENTED_EDGE ( 'NONE', *, *, #3051, .T. ) ;
#1865 = ORIENTED_EDGE ( 'NONE', *, *, #6198, .T. ) ;
#1866 = LINE ( 'NONE', #3631, #1508 ) ;
#1867 = CARTESIAN_POINT ( 'NONE',  ( -4.079999999999998300, 2.304219872357979000, 3.927862566056164400 ) ) ;
#1868 = LINE ( 'NONE', #3409, #2907 ) ;
#1869 = EDGE_CURVE ( 'NONE', #5290, #5522, #1773, .T. ) ;
#1870 = DIRECTION ( 'NONE',  ( 0.0000000000000000000, 0.0000000000000000000, -1.000000000000000000 ) ) ;
#1871 = ADVANCED_FACE ( 'NONE', ( #656 ), #1853, .T. ) ;
#1872 = LINE ( 'NONE', #2465, #412 ) ;
#1873 = CARTESIAN_POINT ( 'NONE',  ( 12.34000000000001100, 0.0000000000000000000, -9.895000000000004900 ) ) ;
#1874 = CARTESIAN_POINT ( 'NONE',  ( 6.659999999999999300, 5.400000000000000400, -12.18020133117152600 ) ) ;
#1875 = ADVANCED_FACE ( 'NONE', ( #3255 ), #6791, .T. ) ;
#1876 = CARTESIAN_POINT ( 'NONE',  ( -2.220000000000002400, 5.399999999999999500, -14.08868734058155400 ) ) ;
#1877 = ORIENTED_EDGE ( 'NONE', *, *, #2166, .F. ) ;
#1878 = CARTESIAN_POINT ( 'NONE',  ( -13.34000000000001100, 5.400000000000000400, -10.39500000000000700 ) ) ;
#1879 = VECTOR ( 'NONE', #1639, 1000.000000000000000 ) ;
#1880 = AXIS2_PLACEMENT_3D ( 'NONE', #1289, #5136, #5233 ) ;
#1881 = VERTEX_POINT ( 'NONE', #5651 ) ;
#1882 = CYLINDRICAL_SURFACE ( 'NONE', #1213, 0.5000000000000004400 ) ;
#1883 = PLANE ( 'NONE',  #4449 ) ;
#1884 = VERTEX_POINT ( 'NONE', #5110 ) ;
#1885 = EDGE_LOOP ( 'NONE', ( #7092, #2512, #3970, #7095 ) ) ;
#1886 = PLANE ( 'NONE',  #862 ) ;
#1887 = DIRECTION ( 'NONE',  ( 1.363460477434492400E-016, 0.0000000000000000000, 1.000000000000000000 ) ) ;
#1888 = CARTESIAN_POINT ( 'NONE',  ( -13.51574803149607900, 3.948324337697263900, -6.895000000000020900 ) ) ;
#1889 = ORIENTED_EDGE ( 'NONE', *, *, #1360, .T. ) ;
#1890 = CIRCLE ( 'NONE', #3163, 0.5283243376972357500 ) ;
#1891 = CARTESIAN_POINT ( 'NONE',  ( -1.499999999999998700, 5.200000000000001100, -13.09081423205049400 ) ) ;
#1892 = FACE_OUTER_BOUND ( 'NONE', #3458, .T. ) ;
#1893 = EDGE_CURVE ( 'NONE', #786, #525, #6273, .T. ) ;
#1894 = EDGE_LOOP ( 'NONE', ( #5362, #2418, #1979, #6035 ) ) ;
#1895 = EDGE_LOOP ( 'NONE', ( #6107, #62, #442, #5751 ) ) ;
#1896 = CARTESIAN_POINT ( 'NONE',  ( 13.34000000000001100, 5.400000000000000400, -10.39500000000000300 ) ) ;
#1897 = CARTESIAN_POINT ( 'NONE',  ( -12.84000000000001100, 1.000000000000000900, -10.89500000000000700 ) ) ;
#1898 = DIRECTION ( 'NONE',  ( 0.0000000000000000000, 8.036057834512290200E-015, -1.000000000000000000 ) ) ;
#1899 = ORIENTED_EDGE ( 'NONE', *, *, #5479, .T. ) ;
#1900 = VERTEX_POINT ( 'NONE', #4504 ) ;
#1901 = CIRCLE ( 'NONE', #3303, 11.50000000000000000 ) ;
#1902 = EDGE_LOOP ( 'NONE', ( #146, #515, #2196, #6406, #3968, #3027, #5690, #3308, #5706, #5812, #6197, #4244, #2565, #4937, #4892, #2338, #6989, #1720, #6422, #1740, #5825, #5055 ) ) ;
#1903 = AXIS2_PLACEMENT_3D ( 'NONE', #2387, #1175, #2295 ) ;
#1904 = DIRECTION ( 'NONE',  ( 0.0000000000000000000, 1.000000000000000000, 0.0000000000000000000 ) ) ;
#1905 = VERTEX_POINT ( 'NONE', #2882 ) ;
#1906 = DIRECTION ( 'NONE',  ( -0.0000000000000000000, -1.000000000000000000, -0.0000000000000000000 ) ) ;
#1907 = ORIENTED_EDGE ( 'NONE', *, *, #6388, .T. ) ;
#1908 = LINE ( 'NONE', #1654, #2172 ) ;
#1909 = EDGE_LOOP ( 'NONE', ( #3638, #7168, #4968, #2604 ) ) ;
#1910 = ADVANCED_FACE ( 'NONE', ( #6179 ), #2130, .T. ) ;
#1911 = CARTESIAN_POINT ( 'NONE',  ( -13.60000000000001700, 4.047076550350951200, -6.895000000000020900 ) ) ;
#1912 = CARTESIAN_POINT ( 'NONE',  ( 13.69999999999999800, -0.4131883529488403800, 6.544999999999995500 ) ) ;
#1913 = DIRECTION ( 'NONE',  ( -0.0000000000000000000, 1.000000000000000000, 0.0000000000000000000 ) ) ;
#1914 = CARTESIAN_POINT ( 'NONE',  ( 12.84000000000000900, 5.400000000000000400, -10.39500000000000300 ) ) ;
#1915 = CYLINDRICAL_SURFACE ( 'NONE', #885, 1.145000000000000200 ) ;
#1916 = EDGE_CURVE ( 'NONE', #4840, #4543, #6693, .T. ) ;
#1917 = DIRECTION ( 'NONE',  ( -1.000000000000000000, 0.0000000000000000000, 0.0000000000000000000 ) ) ;
#1918 = ORIENTED_EDGE ( 'NONE', *, *, #2788, .T. ) ;
#1919 = DIRECTION ( 'NONE',  ( 0.0000000000000000000, 0.0000000000000000000, 1.000000000000000000 ) ) ;
#1920 = CIRCLE ( 'NONE', #6471, 1.500000000000003100 ) ;
#1921 = CARTESIAN_POINT ( 'NONE',  ( -12.64727338055640100, 0.2003331987396622700, -10.50954676111276600 ) ) ;
#1922 = CARTESIAN_POINT ( 'NONE',  ( -4.054999999999997900, 5.720000000000000600, 3.927862566056165200 ) ) ;
#1923 = EDGE_LOOP ( 'NONE', ( #5680, #4587, #3834, #4526, #3003, #3633, #1969, #1746, #4489, #1340 ) ) ;
#1924 = ORIENTED_EDGE ( 'NONE', *, *, #4048, .F. ) ;
#1925 =( NAMED_UNIT ( * ) SI_UNIT ( $, .STERADIAN. ) SOLID_ANGLE_UNIT ( ) );
#1926 = EDGE_CURVE ( 'NONE', #1300, #5164, #1868, .T. ) ;
#1927 = DIRECTION ( 'NONE',  ( 0.0000000000000000000, -1.000000000000000000, 0.0000000000000000000 ) ) ;
#1928 = SURFACE_STYLE_FILL_AREA ( #1396 ) ;
#1929 = ORIENTED_EDGE ( 'NONE', *, *, #6943, .F. ) ;
#1930 = CARTESIAN_POINT ( 'NONE',  ( -12.34000000000001200, 0.0000000000000000000, -9.895000000000008500 ) ) ;
#1931 = CARTESIAN_POINT ( 'NONE',  ( -9.991930185743171900, 4.430000000000001500, -11.09500000000000400 ) ) ;
#1932 = MANIFOLD_SOLID_BREP ( 'Cut-Extrude4', #2159 ) ;
#1933 = DIRECTION ( 'NONE',  ( 0.0000000000000000000, -1.000000000000000000, 0.0000000000000000000 ) ) ;
#1934 = CARTESIAN_POINT ( 'NONE',  ( 13.34000000000001100, 1.000000000000001800, -7.646282237245129600 ) ) ;
#1935 = AXIS2_PLACEMENT_3D ( 'NONE', #2326, #1780, #1802 ) ;
#1936 = VECTOR ( 'NONE', #2603, 1000.000000000000000 ) ;
#1937 = VECTOR ( 'NONE', #208, 1000.000000000000000 ) ;
#1938 = DIRECTION ( 'NONE',  ( 0.0000000000000000000, 0.0000000000000000000, -1.000000000000000000 ) ) ;
#1939 = EDGE_CURVE ( 'NONE', #6038, #673, #4455, .T. ) ;
#1940 = CARTESIAN_POINT ( 'NONE',  ( 12.84000000000000900, 0.0000000000000000000, -9.895000000000004900 ) ) ;
#1941 = LINE ( 'NONE', #6516, #291 ) ;
#1942 = DIRECTION ( 'NONE',  ( 1.000000000000000000, -0.0000000000000000000, -0.0000000000000000000 ) ) ;
#1943 = LINE ( 'NONE', #1516, #6171 ) ;
#1944 = VECTOR ( 'NONE', #4956, 1000.000000000000000 ) ;
#1945 = CIRCLE ( 'NONE', #1211, 0.9999999999999997800 ) ;
#1946 = CARTESIAN_POINT ( 'NONE',  ( -13.13966680126035100, 0.3854532388872444200, -10.29483340063016800 ) ) ;
#1947 = CARTESIAN_POINT ( 'NONE',  ( -6.079999999999998300, 5.604581757840326100, 3.047427840906390200 ) ) ;
#1948 = ADVANCED_FACE ( 'NONE', ( #6958 ), #2355, .F. ) ;
#1949 = EDGE_CURVE ( 'NONE', #1300, #4912, #408, .T. ) ;
#1950 = CARTESIAN_POINT ( 'NONE',  ( -12.84000000000001100, 5.400000000000000400, -10.89500000000000700 ) ) ;
#1951 = EDGE_CURVE ( 'NONE', #3053, #2774, #1578, .T. ) ;
#1952 = DIRECTION ( 'NONE',  ( 0.0000000000000000000, 1.000000000000000000, 0.0000000000000000000 ) ) ;
#1953 = ORIENTED_EDGE ( 'NONE', *, *, #4351, .T. ) ;
#1954 = CYLINDRICAL_SURFACE ( 'NONE', #3489, 50.85488151972597800 ) ;
#1955 = CARTESIAN_POINT ( 'NONE',  ( 4.079999999999998300, 4.583326286608009800, -1.569848563824564300 ) ) ;
#1956 = DIRECTION ( 'NONE',  ( -0.0000000000000000000, 1.000000000000000000, -0.0000000000000000000 ) ) ;
#1957 = DIRECTION ( 'NONE',  ( -1.000000000000000000, 0.0000000000000000000, 0.0000000000000000000 ) ) ;
#1958 = DIRECTION ( 'NONE',  ( 2.766366363095582400E-015, 1.000000000000000000, 0.0000000000000000000 ) ) ;
#1959 = ORIENTED_EDGE ( 'NONE', *, *, #3575, .T. ) ;
#1961 = CARTESIAN_POINT ( 'NONE',  ( -13.29999999999999500, 5.620000000000002800, -9.205000000000005400 ) ) ;
#1960 = AXIS2_PLACEMENT_3D ( 'NONE', #6741, #1737, #725 ) ;
#1962 = LINE ( 'NONE', #6101, #493 ) ;
#1963 = AXIS2_PLACEMENT_3D ( 'NONE', #5620, #5084, #1256 ) ;
#1964 = DIRECTION ( 'NONE',  ( 1.000000000000000000, 4.336808689941893900E-015, 0.0000000000000000000 ) ) ;
#1965 = CARTESIAN_POINT ( 'NONE',  ( -8.673617379884035500E-015, 5.400000000000000400, 60.65107638281947500 ) ) ;
#1966 = DIRECTION ( 'NONE',  ( 0.0000000000000000000, -1.000000000000000000, 0.0000000000000000000 ) ) ;
#1967 = CARTESIAN_POINT ( 'NONE',  ( 5.079999999999996500, 5.919999999999999900, -3.247895313489022900 ) ) ;
#1968 = DIRECTION ( 'NONE',  ( 0.0000000000000000000, 0.0000000000000000000, 1.000000000000000000 ) ) ;
#1969 = ORIENTED_EDGE ( 'NONE', *, *, #5753, .T. ) ;
#1970 = CIRCLE ( 'NONE', #2122, 1.500000000000003100 ) ;
#1971 = AXIS2_PLACEMENT_3D ( 'NONE', #903, #973, #3756 ) ;
#1972 = EDGE_CURVE ( 'NONE', #832, #4905, #4612, .T. ) ;
#1973 = DIRECTION ( 'NONE',  ( 0.0000000000000000000, 0.0000000000000000000, -1.000000000000000000 ) ) ;
#1974 = CARTESIAN_POINT ( 'NONE',  ( 12.34000000000001100, 5.400000000000000400, -9.895000000000004900 ) ) ;
#1975 = ORIENTED_EDGE ( 'NONE', *, *, #554, .T. ) ;
#1976 = CARTESIAN_POINT ( 'NONE',  ( -13.40000000000000900, 1.720000000000006900, -4.445000000000021600 ) ) ;
#1977 = ORIENTED_EDGE ( 'NONE', *, *, #6587, .T. ) ;
#1978 = PLANE ( 'NONE',  #1087 ) ;
#1979 = ORIENTED_EDGE ( 'NONE', *, *, #2213, .F. ) ;
#1980 = DIRECTION ( 'NONE',  ( 0.0000000000000000000, 0.0000000000000000000, -1.000000000000000000 ) ) ;
#1981 = EDGE_LOOP ( 'NONE', ( #3705, #2939, #6647, #5226 ) ) ;
#1982 = CARTESIAN_POINT ( 'NONE',  ( -12.59807192054952900, -1.524659305057740100E-016, -5.724673213984874400 ) ) ;
#1983 = CIRCLE ( 'NONE', #7088, 0.09999999999999939500 ) ;
#1984 = CARTESIAN_POINT ( 'NONE',  ( 1.500000000000000000, 5.200000000000001100, 9.818321446800448300 ) ) ;
#1985 = DIRECTION ( 'NONE',  ( 1.000000000000000000, 0.0000000000000000000, -0.0000000000000000000 ) ) ;
#1986 = EDGE_LOOP ( 'NONE', ( #960, #5874, #5323, #3552 ) ) ;
#1987 = EDGE_CURVE ( 'NONE', #4893, #4060, #1692, .T. ) ;
#1988 = ORIENTED_EDGE ( 'NONE', *, *, #5960, .F. ) ;
#1989 = ADVANCED_FACE ( 'NONE', ( #1417 ), #5162, .T. ) ;
#1990 = EDGE_LOOP ( 'NONE', ( #4553, #941, #3732, #2085 ) ) ;
#1991 = ORIENTED_EDGE ( 'NONE', *, *, #808, .T. ) ;
#1992 = FACE_OUTER_BOUND ( 'NONE', #4990, .T. ) ;
#1993 = DIRECTION ( 'NONE',  ( -1.000000000000000000, 0.0000000000000000000, -5.239278459556230500E-016 ) ) ;
#1994 = PLANE ( 'NONE',  #5988 ) ;
#1995 = EDGE_LOOP ( 'NONE', ( #4503, #348, #4020, #5054 ) ) ;
#1996 = CARTESIAN_POINT ( 'NONE',  ( -13.70000000000000600, 0.2000000000000075600, -4.445000000000021600 ) ) ;
#1997 = ORIENTED_EDGE ( 'NONE', *, *, #6268, .F. ) ;
#1998 = AXIS2_PLACEMENT_3D ( 'NONE', #242, #4111, #812 ) ;
#1999 = ORIENTED_EDGE ( 'NONE', *, *, #3782, .T. ) ;
#2000 = EDGE_CURVE ( 'NONE', #3722, #79, #5559, .T. ) ;
#2001 = ORIENTED_EDGE ( 'NONE', *, *, #6016, .F. ) ;
#2002 = CIRCLE ( 'NONE', #426, 2.500000000000002200 ) ;
#2003 = ORIENTED_EDGE ( 'NONE', *, *, #877, .F. ) ;
#2004 = DIRECTION ( 'NONE',  ( -0.0000000000000000000, -1.000000000000000000, -0.0000000000000000000 ) ) ;
#2005 = CARTESIAN_POINT ( 'NONE',  ( 13.29999999999999500, 5.620000000000002800, 6.544999999999995500 ) ) ;
#2006 = DIRECTION ( 'NONE',  ( 1.000000000000000000, -1.561960177346129100E-016, 0.0000000000000000000 ) ) ;
#2007 = EDGE_LOOP ( 'NONE', ( #5452, #3573, #152, #5236, #6125, #505 ) ) ;
#2008 = DIRECTION ( 'NONE',  ( 0.0000000000000000000, 0.0000000000000000000, -1.000000000000000000 ) ) ;
#2009 = ORIENTED_EDGE ( 'NONE', *, *, #4720, .F. ) ;
#2010 = LINE ( 'NONE', #5192, #1647 ) ;
#2011 = DIRECTION ( 'NONE',  ( -1.000000000000000000, 3.469446951953613400E-015, 1.101411730778925300E-016 ) ) ;
#2012 = CARTESIAN_POINT ( 'NONE',  ( 4.079999999999998300, 4.586705258258603200, -1.544073054504602900 ) ) ;
#2013 = ORIENTED_EDGE ( 'NONE', *, *, #6587, .F. ) ;
#2014 = AXIS2_PLACEMENT_3D ( 'NONE', #5163, #2441, #2482 ) ;
#2015 = DIRECTION ( 'NONE',  ( 0.0000000000000000000, 0.0000000000000000000, 1.000000000000000000 ) ) ;
#2016 = FACE_OUTER_BOUND ( 'NONE', #3204, .T. ) ;
#2017 = DIRECTION ( 'NONE',  ( 0.0000000000000000000, 0.0000000000000000000, -1.000000000000000000 ) ) ;
#2018 = CARTESIAN_POINT ( 'NONE',  ( 12.59560643748025800, 0.02486480274735357000, -8.062973501106387900 ) ) ;
#2019 = DIRECTION ( 'NONE',  ( -1.000000000000000000, 0.0000000000000000000, 0.0000000000000000000 ) ) ;
#2020 = PLANE ( 'NONE',  #1772 ) ;
#2021 = PLANE ( 'NONE',  #1261 ) ;
#2022 = CARTESIAN_POINT ( 'NONE',  ( 6.079999999999998300, 5.604581757840326100, 3.047427840906390200 ) ) ;
#2023 = EDGE_CURVE ( 'NONE', #2607, #682, #4288, .T. ) ;
#2024 = AXIS2_PLACEMENT_3D ( 'NONE', #5211, #1386, #2517 ) ;
#2025 = EDGE_LOOP ( 'NONE', ( #5247, #6553, #5219, #1688 ) ) ;
#2026 = ORIENTED_EDGE ( 'NONE', *, *, #4920, .T. ) ;
#2027 = ORIENTED_EDGE ( 'NONE', *, *, #3095, .T. ) ;
#2028 = ADVANCED_FACE ( 'NONE', ( #6091 ), #2507, .T. ) ;
#2029 = DIRECTION ( 'NONE',  ( -1.000000000000000000, 0.0000000000000000000, 0.0000000000000000000 ) ) ;
#2030 = ADVANCED_FACE ( 'NONE', ( #45 ), #6871, .T. ) ;
#2031 = PLANE ( 'NONE',  #6974 ) ;
#2032 = ORIENTED_EDGE ( 'NONE', *, *, #5908, .F. ) ;
#2033 = AXIS2_PLACEMENT_3D ( 'NONE', #1438, #2019, #5855 ) ;
#2034 = EDGE_CURVE ( 'NONE', #4786, #4198, #2561, .T. ) ;
#2035 = DIRECTION ( 'NONE',  ( 1.776356839400250500E-015, 0.0000000000000000000, -1.000000000000000000 ) ) ;
#2036 = CARTESIAN_POINT ( 'NONE',  ( -2.500000000000000400, 1.000000000000000000, -10.39500000000003500 ) ) ;
#2037 = CARTESIAN_POINT ( 'NONE',  ( -12.84000000000001100, 1.000000000000001800, -10.89500000000000700 ) ) ;
#2038 = ADVANCED_FACE ( 'NONE', ( #6264 ), #6612, .F. ) ;
#2039 = VECTOR ( 'NONE', #749, 1000.000000000000000 ) ;
#2040 = LINE ( 'NONE', #6972, #4593 ) ;
#2041 = CIRCLE ( 'NONE', #6259, 0.09999999999999939500 ) ;
#2042 = CARTESIAN_POINT ( 'NONE',  ( 1.499999999999998700, 5.200000000000001100, -13.09081423205049400 ) ) ;
#2043 = CARTESIAN_POINT ( 'NONE',  ( -13.34000000000001800, 0.4142135623730951500, 6.579228774286553600 ) ) ;
#2044 = AXIS2_PLACEMENT_3D ( 'NONE', #1694, #3971, #3471 ) ;
#2045 = CARTESIAN_POINT ( 'NONE',  ( 9.991930185743171900, 5.620000000000002800, -11.09499999999999900 ) ) ;
#2046 = EDGE_CURVE ( 'NONE', #6326, #3031, #2385, .T. ) ;
#2047 = EDGE_CURVE ( 'NONE', #7074, #5361, #6087, .T. ) ;
#2048 = ORIENTED_EDGE ( 'NONE', *, *, #4267, .T. ) ;
#2049 = CIRCLE ( 'NONE', #3617, 50.85488151972597800 ) ;
#2050 = CARTESIAN_POINT ( 'NONE',  ( -14.93617785791140100, 5.620000000000002800, 7.881416676303254900 ) ) ;
#2051 = VECTOR ( 'NONE', #256, 1000.000000000000100 ) ;
#2052 = EDGE_LOOP ( 'NONE', ( #22, #5314, #1918, #283 ) ) ;
#2053 = ORIENTED_EDGE ( 'NONE', *, *, #4572, .T. ) ;
#2054 = FACE_OUTER_BOUND ( 'NONE', #5732, .T. ) ;
#2055 = AXIS2_PLACEMENT_3D ( 'NONE', #5790, #1278, #3610 ) ;
#2056 = VECTOR ( 'NONE', #3778, 1000.000000000000000 ) ;
#2057 = CARTESIAN_POINT ( 'NONE',  ( 12.84000000000000900, 1.000000000000000000, 9.577435161073745800 ) ) ;
#2058 = EDGE_CURVE ( 'NONE', #4309, #1618, #6445, .T. ) ;
#2059 = CARTESIAN_POINT ( 'NONE',  ( -2.499999999999994700, 3.000000000000000000, -12.73519967498293700 ) ) ;
#2060 = VECTOR ( 'NONE', #6468, 1000.000000000000000 ) ;
#2061 = ADVANCED_FACE ( 'NONE', ( #4022 ), #5796, .F. ) ;
#2062 = EDGE_CURVE ( 'NONE', #6646, #5594, #4810, .T. ) ;
#2063 = ADVANCED_FACE ( 'NONE', ( #3168 ), #1427, .F. ) ;
#2064 = CARTESIAN_POINT ( 'NONE',  ( -2.220000000000002400, 5.399999999999999500, -15.30500000000002300 ) ) ;
#2066 = CARTESIAN_POINT ( 'NONE',  ( 1.500000000000000000, 5.200000000000001100, -14.20675425099154600 ) ) ;
#2065 = AXIS2_PLACEMENT_3D ( 'NONE', #4974, #6055, #603 ) ;
#2067 = VERTEX_POINT ( 'NONE', #280 ) ;
#2068 = CIRCLE ( 'NONE', #5280, 0.1000000000000000500 ) ;
#2069 = CARTESIAN_POINT ( 'NONE',  ( -13.40000000000000900, 1.720000000000006900, -4.445000000000021600 ) ) ;
#2070 = ORIENTED_EDGE ( 'NONE', *, *, #1686, .T. ) ;
#2071 = FACE_OUTER_BOUND ( 'NONE', #1185, .T. ) ;
#2072 = ORIENTED_EDGE ( 'NONE', *, *, #246, .T. ) ;
#2073 = ADVANCED_FACE ( 'NONE', ( #3856 ), #2533, .F. ) ;
#2074 = VERTEX_POINT ( 'NONE', #6942 ) ;
#2075 = EDGE_CURVE ( 'NONE', #2084, #4385, #4781, .T. ) ;
#2076 = ORIENTED_EDGE ( 'NONE', *, *, #4880, .T. ) ;
#2077 = ORIENTED_EDGE ( 'NONE', *, *, #409, .T. ) ;
#2078 = CARTESIAN_POINT ( 'NONE',  ( 12.36848664453580100, 4.429999999999999700, -10.89500000000000300 ) ) ;
#2079 = VECTOR ( 'NONE', #5876, 1000.000000000000000 ) ;
#2080 = LINE ( 'NONE', #2433, #232 ) ;
#2081 = ORIENTED_EDGE ( 'NONE', *, *, #3597, .T. ) ;
#2082 = CARTESIAN_POINT ( 'NONE',  ( -13.60000000000001400, 5.400000000000000400, -6.895000000000024400 ) ) ;
#2083 = DIRECTION ( 'NONE',  ( 0.0000000000000000000, 1.000000000000000000, 0.0000000000000000000 ) ) ;
#2084 = VERTEX_POINT ( 'NONE', #3644 ) ;
#2085 = ORIENTED_EDGE ( 'NONE', *, *, #6114, .T. ) ;
#2086 = ORIENTED_EDGE ( 'NONE', *, *, #6979, .T. ) ;
#2087 = CIRCLE ( 'NONE', #3664, 3.615780127642022300 ) ;
#2088 = EDGE_CURVE ( 'NONE', #52, #5381, #214, .T. ) ;
#2089 = EDGE_LOOP ( 'NONE', ( #5504, #5166, #1959, #6746 ) ) ;
#2090 = ORIENTED_EDGE ( 'NONE', *, *, #513, .T. ) ;
#2091 = DIRECTION ( 'NONE',  ( -1.000000000000000000, 0.0000000000000000000, -0.0000000000000000000 ) ) ;
#2092 = PLANE ( 'NONE',  #2712 ) ;
#2093 = CARTESIAN_POINT ( 'NONE',  ( -14.63074834367268000, 5.400000000000000400, 8.376898095237931900 ) ) ;
#2094 = ORIENTED_EDGE ( 'NONE', *, *, #5976, .F. ) ;
#2095 = FACE_OUTER_BOUND ( 'NONE', #1643, .T. ) ;
#2096 = AXIS2_PLACEMENT_3D ( 'NONE', #5099, #1267, #1813 ) ;
#2097 = ORIENTED_EDGE ( 'NONE', *, *, #6501, .T. ) ;
#2098 = ADVANCED_FACE ( 'NONE', ( #1504 ), #327, .F. ) ;
#2099 = LINE ( 'NONE', #3500, #5784 ) ;
#2100 = CARTESIAN_POINT ( 'NONE',  ( 6.659999999999999300, 5.400000000000000400, -13.38301493665047000 ) ) ;
#2101 = ORIENTED_EDGE ( 'NONE', *, *, #454, .T. ) ;
#2102 = CARTESIAN_POINT ( 'NONE',  ( -13.70000000000000600, 0.3000000000000074800, -4.445000000000021600 ) ) ;
#2103 = DIRECTION ( 'NONE',  ( -1.000000000000000000, 3.025680481354897600E-015, 0.0000000000000000000 ) ) ;
#2104 = FACE_OUTER_BOUND ( 'NONE', #1276, .T. ) ;
#2105 = EDGE_CURVE ( 'NONE', #3686, #835, #5471, .T. ) ;
#2106 = ORIENTED_EDGE ( 'NONE', *, *, #2894, .T. ) ;
#2107 = AXIS2_PLACEMENT_3D ( 'NONE', #6452, #3600, #1384 ) ;
#2108 = AXIS2_PLACEMENT_3D ( 'NONE', #715, #5149, #6736 ) ;
#2109 = CARTESIAN_POINT ( 'NONE',  ( -12.36848664453580100, 5.919999999999999900, -10.79499999999999800 ) ) ;
#2110 = ADVANCED_FACE ( 'NONE', ( #5727 ), #5404, .F. ) ;
#2111 = DIRECTION ( 'NONE',  ( 1.000000000000000000, 3.469446951953613400E-015, 1.101411730778925300E-016 ) ) ;
#2112 = DIRECTION ( 'NONE',  ( -1.000000000000000000, -3.491481338843133400E-015, 0.0000000000000000000 ) ) ;
#2113 = VECTOR ( 'NONE', #2876, 1000.000000000000000 ) ;
#2114 = ORIENTED_EDGE ( 'NONE', *, *, #1304, .F. ) ;
#2115 = DIRECTION ( 'NONE',  ( -1.561960177346128600E-016, -1.000000000000000000, 0.0000000000000000000 ) ) ;
#2116 = PLANE ( 'NONE',  #1343 ) ;
#2117 = SURFACE_STYLE_FILL_AREA ( #6059 ) ;
#2118 = EDGE_CURVE ( 'NONE', #4004, #3478, #566, .T. ) ;
#2119 = VECTOR ( 'NONE', #1367, 1000.000000000000000 ) ;
#2120 = CYLINDRICAL_SURFACE ( 'NONE', #1960, 0.1000000000000020000 ) ;
#2121 = FACE_OUTER_BOUND ( 'NONE', #2775, .T. ) ;
#2122 = AXIS2_PLACEMENT_3D ( 'NONE', #5749, #2445, #780 ) ;
#2123 = VECTOR ( 'NONE', #5815, 1000.000000000000000 ) ;
#2124 = CYLINDRICAL_SURFACE ( 'NONE', #2065, 0.5000000000000004400 ) ;
#2125 = VECTOR ( 'NONE', #1060, 1000.000000000000000 ) ;
#2126 = ADVANCED_FACE ( 'NONE', ( #1093 ), #5293, .T. ) ;
#2127 = ORIENTED_EDGE ( 'NONE', *, *, #132, .F. ) ;
#2128 = CIRCLE ( 'NONE', #4943, 49.85488151972597100 ) ;
#2129 = CARTESIAN_POINT ( 'NONE',  ( -13.70000000000000600, 0.3000000000000074800, 0.6349999999999784700 ) ) ;
#2130 = CYLINDRICAL_SURFACE ( 'NONE', #5524, 0.2999999999999999300 ) ;
#2131 = AXIS2_PLACEMENT_3D ( 'NONE', #6394, #3242, #3793 ) ;
#2132 = DIRECTION ( 'NONE',  ( 1.000000000000000000, 0.0000000000000000000, 5.239278459556230500E-016 ) ) ;
#2133 = DIRECTION ( 'NONE',  ( -1.000000000000000000, 0.0000000000000000000, 0.0000000000000000000 ) ) ;
#2134 = EDGE_CURVE ( 'NONE', #3508, #72, #5113, .T. ) ;
#2135 = EDGE_CURVE ( 'NONE', #167, #1436, #4447, .T. ) ;
#2136 = DIRECTION ( 'NONE',  ( -0.8122993374690687900, 0.0000000000000000000, 0.5832407619048174400 ) ) ;
#2137 = ORIENTED_EDGE ( 'NONE', *, *, #5693, .F. ) ;
#2138 = LINE ( 'NONE', #1135, #6358 ) ;
#2139 = ADVANCED_FACE ( 'NONE', ( #4957 ), #1067, .T. ) ;
#2140 = EDGE_LOOP ( 'NONE', ( #4897, #5968, #1803, #2462 ) ) ;
#2141 = DIRECTION ( 'NONE',  ( 0.0000000000000000000, 0.0000000000000000000, 1.000000000000000000 ) ) ;
#2142 = AXIS2_PLACEMENT_3D ( 'NONE', #3002, #1917, #347 ) ;
#2143 = CIRCLE ( 'NONE', #874, 0.6859235050039693700 ) ;
#2144 = DIRECTION ( 'NONE',  ( -0.0000000000000000000, -0.2577550931996183700, -0.9662102834940516900 ) ) ;
#2145 = DIRECTION ( 'NONE',  ( 0.6956930964556223800, -0.0000000000000000000, 0.7183391368594560500 ) ) ;
#2146 = DIRECTION ( 'NONE',  ( 0.0000000000000000000, 0.0000000000000000000, -1.000000000000000000 ) ) ;
#2147 = PLANE ( 'NONE',  #5489 ) ;
#2148 = B_SPLINE_CURVE_WITH_KNOTS ( 'NONE', 3,
 ( #1934, #2540, #6404, #5780, #3070, #7004, #336, #2018, #3097, #4715 ),
 .UNSPECIFIED., .F., .F.,
 ( 4, 2, 2, 2, 4 ),
 ( 1.301042606982605300E-018, 0.0004147309507746938200, 0.0008294619015493863400, 0.001244192852324077100, 0.001658923803098767700 ),
 .UNSPECIFIED. ) ;
#2149 = VERTEX_POINT ( 'NONE', #3288 ) ;
#2150 = ORIENTED_EDGE ( 'NONE', *, *, #4119, .F. ) ;
#2151 = EDGE_CURVE ( 'NONE', #4405, #1615, #2218, .T. ) ;
#2152 = CARTESIAN_POINT ( 'NONE',  ( -13.60000000000001000, 1.720000000000006200, 0.6349999999999784700 ) ) ;
#2153 = DIRECTION ( 'NONE',  ( 1.000000000000000000, -3.025680481354897600E-015, -0.0000000000000000000 ) ) ;
#2154 = VERTEX_POINT ( 'NONE', #35 ) ;
#2155 = CIRCLE ( 'NONE', #5781, 0.5350000000000094700 ) ;
#2156 = DIRECTION ( 'NONE',  ( 0.0000000000000000000, 0.0000000000000000000, -1.000000000000000000 ) ) ;
#2157 = DIRECTION ( 'NONE',  ( 0.0000000000000000000, 0.0000000000000000000, 1.000000000000000000 ) ) ;
#2158 = ORIENTED_EDGE ( 'NONE', *, *, #4611, .F. ) ;
#2159 = CLOSED_SHELL ( 'NONE', ( #6168, #3723, #531, #6830, #6499, #4533, #6434, #597, #2455, #5848, #4797, #4091, #5921, #5502, #6132, #2030, #6508, #899, #502, #3149, #4961, #4375, #7012, #1989, #4867, #1004, #6547, #3789, #3683, #2306, #4263, #5284, #6936, #4292, #4222, #4843, #4891, #7028, #6785, #6968, #2388, #754, #405, #1203, #6862, #5890, #349, #631, #900, #4242, #3729, #5445, #4265, #1715, #5542, #910, #494, #2608, #2038, #3648, #1346, #968, #7016, #2883, #5327, #6464, #3190, #440, #1430, #6640, #7047, #6604, #944, #2073, #4400, #4826, #6294, #2725, #4908, #3662, #5909, #5177, #394, #5653, #3396, #2061 ) ) ;
#2160 = CARTESIAN_POINT ( 'NONE',  ( 13.40000000000001600, 4.718447854656920300E-014, -9.205000000000005400 ) ) ;
#2161 = ORIENTED_EDGE ( 'NONE', *, *, #5742, .F. ) ;
#2162 = VERTEX_POINT ( 'NONE', #533 ) ;
#2163 = LINE ( 'NONE', #1217, #3900 ) ;
#2164 = AXIS2_PLACEMENT_3D ( 'NONE', #5628, #2354, #5673 ) ;
#2165 = ORIENTED_EDGE ( 'NONE', *, *, #5629, .T. ) ;
#2166 = EDGE_CURVE ( 'NONE', #5764, #1366, #404, .T. ) ;
#2167 = ORIENTED_EDGE ( 'NONE', *, *, #5296, .F. ) ;
#2168 = VERTEX_POINT ( 'NONE', #4473 ) ;
#2169 = CARTESIAN_POINT ( 'NONE',  ( -2.499999999999994700, -0.0000000000000000000, -12.73519967498293700 ) ) ;
#2170 = ORIENTED_EDGE ( 'NONE', *, *, #7174, .T. ) ;
#2171 = EDGE_LOOP ( 'NONE', ( #6712, #3901, #2658, #3120 ) ) ;
#2172 = VECTOR ( 'NONE', #4384, 1000.000000000000000 ) ;
#2173 = CARTESIAN_POINT ( 'NONE',  ( 2.500000000000000000, 0.0000000000000000000, 9.577435161073747600 ) ) ;
#2174 = CARTESIAN_POINT ( 'NONE',  ( 6.079999999999998300, 4.383326286608009600, -1.530520863929464100 ) ) ;
#2175 = VERTEX_POINT ( 'NONE', #3363 ) ;
#2176 = ORIENTED_EDGE ( 'NONE', *, *, #6344, .T. ) ;
#2177 = DIRECTION ( 'NONE',  ( 0.0000000000000000000, 0.0000000000000000000, -1.000000000000000000 ) ) ;
#2178 = CARTESIAN_POINT ( 'NONE',  ( -1.734723475976806700E-015, 5.400000000000000400, -2.805000000000021900 ) ) ;
#2179 =( GEOMETRIC_REPRESENTATION_CONTEXT ( 3 ) GLOBAL_UNCERTAINTY_ASSIGNED_CONTEXT ( ( #202 ) ) GLOBAL_UNIT_ASSIGNED_CONTEXT ( ( #6176, #6716, #110 ) ) REPRESENTATION_CONTEXT ( 'NONE', 'WORKASPACE' ) );
#2180 = ADVANCED_FACE ( 'NONE', ( #3869 ), #4950, .T. ) ;
#2181 = DIRECTION ( 'NONE',  ( -1.000000000000000000, 0.0000000000000000000, 0.0000000000000000000 ) ) ;
#2182 = ORIENTED_EDGE ( 'NONE', *, *, #6608, .F. ) ;
#2183 = EDGE_CURVE ( 'NONE', #5786, #5943, #2138, .T. ) ;
#2184 = EDGE_CURVE ( 'NONE', #3818, #3746, #1173, .T. ) ;
#2185 = VECTOR ( 'NONE', #621, 1000.000000000000000 ) ;
#2186 = DIRECTION ( 'NONE',  ( -0.0000000000000000000, -0.0000000000000000000, -1.000000000000000000 ) ) ;
#2187 = DIRECTION ( 'NONE',  ( 8.572527594031491700E-017, 1.000000000000000000, 0.0000000000000000000 ) ) ;
#2188 = VERTEX_POINT ( 'NONE', #1679 ) ;
#2189 = CARTESIAN_POINT ( 'NONE',  ( 4.079999999999996500, 4.383326286608009600, -3.247895313489022900 ) ) ;
#2190 = CARTESIAN_POINT ( 'NONE',  ( -6.659999999999999300, 5.399999999999998600, 10.23418065940780900 ) ) ;
#2191 = AXIS2_PLACEMENT_3D ( 'NONE', #3694, #1985, #5310 ) ;
#2192 = ORIENTED_EDGE ( 'NONE', *, *, #4237, .T. ) ;
#2193 = CIRCLE ( 'NONE', #3388, 1.000000000000000200 ) ;
#2194 = CARTESIAN_POINT ( 'NONE',  ( 9.991930185743171900, 5.620000000000000100, -10.79499999999999800 ) ) ;
#2195 = VERTEX_POINT ( 'NONE', #6655 ) ;
#2196 = ORIENTED_EDGE ( 'NONE', *, *, #1744, .T. ) ;
#2197 = CARTESIAN_POINT ( 'NONE',  ( -4.079999999999998300, 4.393463201559789900, -1.492522035864679400 ) ) ;
#2198 = VERTEX_POINT ( 'NONE', #552 ) ;
#2199 = DIRECTION ( 'NONE',  ( 0.0000000000000000000, 1.000000000000000000, 0.0000000000000000000 ) ) ;
#2200 = DIRECTION ( 'NONE',  ( 0.0000000000000000000, 0.0000000000000000000, -1.000000000000000000 ) ) ;
#2201 = EDGE_CURVE ( 'NONE', #545, #1856, #1684, .T. ) ;
#2202 = AXIS2_PLACEMENT_3D ( 'NONE', #539, #5533, #2257 ) ;
#2203 = AXIS2_PLACEMENT_3D ( 'NONE', #4578, #6753, #1268 ) ;
#2204 = DIRECTION ( 'NONE',  ( 1.000000000000000000, 3.491481338843133400E-015, 0.0000000000000000000 ) ) ;
#2205 = DIRECTION ( 'NONE',  ( 1.000000000000000000, 2.891205793294679000E-015, 0.0000000000000000000 ) ) ;
#2206 = DIRECTION ( 'NONE',  ( 4.386213107978057400E-015, -0.0000000000000000000, -1.000000000000000000 ) ) ;
#2207 = CARTESIAN_POINT ( 'NONE',  ( -13.49129207106330800, -0.4131883529488403800, 6.760501741057834300 ) ) ;
#2208 = DIRECTION ( 'NONE',  ( 0.0000000000000000000, 0.0000000000000000000, 1.000000000000000000 ) ) ;
#2209 = DIRECTION ( 'NONE',  ( 0.0000000000000000000, 0.0000000000000000000, -1.000000000000000000 ) ) ;
#2210 = DIRECTION ( 'NONE',  ( 0.0000000000000000000, -1.000000000000000000, 0.0000000000000000000 ) ) ;
#2211 = LINE ( 'NONE', #998, #6852 ) ;
#2212 = FACE_OUTER_BOUND ( 'NONE', #6295, .T. ) ;
#2213 = EDGE_CURVE ( 'NONE', #3370, #3807, #3520, .T. ) ;
#2214 = EDGE_CURVE ( 'NONE', #4814, #4260, #4109, .T. ) ;
#2215 = VECTOR ( 'NONE', #3883, 1000.000000000000000 ) ;
#2216 = ORIENTED_EDGE ( 'NONE', *, *, #3931, .T. ) ;
#2217 = CIRCLE ( 'NONE', #1249, 0.09999999999999939500 ) ;
#2218 = LINE ( 'NONE', #504, #1859 ) ;
#2219 = DIRECTION ( 'NONE',  ( -1.000000000000000000, 0.0000000000000000000, 0.0000000000000000000 ) ) ;
#2220 = DIRECTION ( 'NONE',  ( 0.0000000000000000000, 6.982962677686266700E-015, -1.000000000000000000 ) ) ;
#2221 = DIRECTION ( 'NONE',  ( 0.0000000000000000000, -1.000000000000000000, 0.0000000000000000000 ) ) ;
#2222 = CARTESIAN_POINT ( 'NONE',  ( -12.23900214361331600, 0.0000000000000000000, 11.29091227334759900 ) ) ;
#2223 = VERTEX_POINT ( 'NONE', #4999 ) ;
#2224 = LINE ( 'NONE', #317, #747 ) ;
#2225 = VECTOR ( 'NONE', #5414, 1000.000000000000000 ) ;
#2226 = DIRECTION ( 'NONE',  ( 1.000000000000000000, 0.0000000000000000000, -0.0000000000000000000 ) ) ;
#2227 = DIRECTION ( 'NONE',  ( 0.0000000000000000000, 0.9662102834940518000, -0.2577550931996183700 ) ) ;
#2228 = DIRECTION ( 'NONE',  ( 1.000000000000000000, -0.0000000000000000000, -0.0000000000000000000 ) ) ;
#2229 = AXIS2_PLACEMENT_3D ( 'NONE', #4758, #3119, #2642 ) ;
#2230 = FACE_OUTER_BOUND ( 'NONE', #3985, .T. ) ;
#2231 = EDGE_CURVE ( 'NONE', #1074, #2162, #740, .T. ) ;
#2232 = CARTESIAN_POINT ( 'NONE',  ( -2.220000000000002400, 5.399999999999999500, -15.10628448577629600 ) ) ;
#2233 = EDGE_CURVE ( 'NONE', #3604, #3620, #6163, .T. ) ;
#2234 = ORIENTED_EDGE ( 'NONE', *, *, #5734, .F. ) ;
#2235 = ADVANCED_FACE ( 'NONE', ( #4445 ), #1704, .F. ) ;
#2236 = DIRECTION ( 'NONE',  ( 0.0000000000000000000, -1.000000000000000000, 0.0000000000000000000 ) ) ;
#2237 = CIRCLE ( 'NONE', #3878, 11.11500000000000200 ) ;
#2238 = ORIENTED_EDGE ( 'NONE', *, *, #4953, .F. ) ;
#2239 = DIRECTION ( 'NONE',  ( -0.0000000000000000000, -0.0000000000000000000, -1.000000000000000000 ) ) ;
#2240 = EDGE_CURVE ( 'NONE', #1809, #147, #542, .T. ) ;
#2241 = FACE_OUTER_BOUND ( 'NONE', #4921, .T. ) ;
#2242 = DIRECTION ( 'NONE',  ( 1.000000000000000000, 0.0000000000000000000, -0.0000000000000000000 ) ) ;
#2243 = AXIS2_PLACEMENT_3D ( 'NONE', #6653, #2783, #1154 ) ;
#2244 = EDGE_LOOP ( 'NONE', ( #4318, #6867, #2009, #2705 ) ) ;
#2245 = DIRECTION ( 'NONE',  ( 0.0000000000000000000, 0.0000000000000000000, -1.000000000000000000 ) ) ;
#2246 = CARTESIAN_POINT ( 'NONE',  ( 9.054385677670321500, 0.0000000000000000000, -9.894999999999919600 ) ) ;
#2247 = CARTESIAN_POINT ( 'NONE',  ( -12.36848664453580100, 5.720000000000000600, -11.09499999999999900 ) ) ;
#2248 = EDGE_LOOP ( 'NONE', ( #2072, #1929, #1027, #7130 ) ) ;
#2249 = CARTESIAN_POINT ( 'NONE',  ( -13.63043069035442800, 1.720000000000000200, 6.616833913685939100 ) ) ;
#2250 = LINE ( 'NONE', #5996, #6297 ) ;
#2251 = DIRECTION ( 'NONE',  ( 0.0000000000000000000, 0.2577550931996183700, 0.9662102834940516900 ) ) ;
#2252 = LINE ( 'NONE', #5523, #1358 ) ;
#2253 = ORIENTED_EDGE ( 'NONE', *, *, #4881, .T. ) ;
#2254 = ORIENTED_EDGE ( 'NONE', *, *, #4102, .F. ) ;
#2255 = EDGE_CURVE ( 'NONE', #6417, #6299, #5619, .T. ) ;
#2256 = PLANE ( 'NONE',  #367 ) ;
#2257 = DIRECTION ( 'NONE',  ( 0.0000000000000000000, 0.0000000000000000000, 1.000000000000000000 ) ) ;
#2258 =( BOUNDED_CURVE ( )  B_SPLINE_CURVE ( 3, ( #6267, #6248, #694, #2410 ),
 .UNSPECIFIED., .F., .T. ) 
 B_SPLINE_CURVE_WITH_KNOTS ( ( 4, 4 ),
 ( 3.141592653589791300, 4.712388980384689700 ),
 .UNSPECIFIED. ) 
 CURVE ( )  GEOMETRIC_REPRESENTATION_ITEM ( )  RATIONAL_B_SPLINE_CURVE ( ( 1.000000000000000000, 0.8047378541243646000, 0.8047378541243646000, 1.000000000000000000 ) ) 
 REPRESENTATION_ITEM ( '' )  );
#2259 = CARTESIAN_POINT ( 'NONE',  ( -4.079999999999998300, 2.304219872357979000, 3.927862566056164400 ) ) ;
#2260 = ORIENTED_EDGE ( 'NONE', *, *, #5573, .F. ) ;
#2261 = DIRECTION ( 'NONE',  ( 0.0000000000000000000, -1.000000000000000000, 0.0000000000000000000 ) ) ;
#2262 = DIRECTION ( 'NONE',  ( 0.0000000000000000000, 0.0000000000000000000, -1.000000000000000000 ) ) ;
#2263 = ORIENTED_EDGE ( 'NONE', *, *, #665, .F. ) ;
#2264 = CIRCLE ( 'NONE', #6483, 1.145000000000000200 ) ;
#2265 = ORIENTED_EDGE ( 'NONE', *, *, #1077, .T. ) ;
#2266 = ORIENTED_EDGE ( 'NONE', *, *, #3654, .T. ) ;
#2267 = DIRECTION ( 'NONE',  ( 0.0000000000000000000, 8.673617379884037000E-015, 1.000000000000000000 ) ) ;
#2268 = CARTESIAN_POINT ( 'NONE',  ( 13.34000000000001200, 1.000000000000000900, -10.39500000000000300 ) ) ;
#2269 = ORIENTED_EDGE ( 'NONE', *, *, #1314, .F. ) ;
#2270 = CIRCLE ( 'NONE', #1112, 3.415780127642022100 ) ;
#2271 = PLANE ( 'NONE',  #4072 ) ;
#2272 = ORIENTED_EDGE ( 'NONE', *, *, #6775, .F. ) ;
#2273 = CARTESIAN_POINT ( 'NONE',  ( 2.500000000000001800, 1.000000000000000000, 8.925199674982893700 ) ) ;
#2274 = DIRECTION ( 'NONE',  ( 0.0000000000000000000, 0.0000000000000000000, 1.000000000000000000 ) ) ;
#2275 = LINE ( 'NONE', #4005, #3481 ) ;
#2276 = ORIENTED_EDGE ( 'NONE', *, *, #3422, .F. ) ;
#2277 = CARTESIAN_POINT ( 'NONE',  ( -13.40000000000000600, 0.3000000000000083700, -4.445000000000021600 ) ) ;
#2278 = AXIS2_PLACEMENT_3D ( 'NONE', #5447, #7133, #5472 ) ;
#2279 = EDGE_CURVE ( 'NONE', #4246, #6068, #6152, .T. ) ;
#2280 = LINE ( 'NONE', #4941, #6496 ) ;
#2281 = CARTESIAN_POINT ( 'NONE',  ( -9.428150001776069500, 0.3644977664323054100, -10.67800926865091400 ) ) ;
#2282 = ORIENTED_EDGE ( 'NONE', *, *, #5480, .T. ) ;
#2283 = VERTEX_POINT ( 'NONE', #6145 ) ;
#2284 = AXIS2_PLACEMENT_3D ( 'NONE', #3663, #6416, #356 ) ;
#2285 = TOROIDAL_SURFACE ( 'NONE', #509, 0.6270765503509230200, 0.1000000000000000100 ) ;
#2286 = ORIENTED_EDGE ( 'NONE', *, *, #5787, .T. ) ;
#2287 = DIRECTION ( 'NONE',  ( -3.025680481354897600E-015, 1.000000000000000000, 0.0000000000000000000 ) ) ;
#2288 = DIRECTION ( 'NONE',  ( 0.5832407619048182200, 0.0000000000000000000, -0.8122993374690682400 ) ) ;
#2289 = DIRECTION ( 'NONE',  ( -0.0000000000000000000, 1.000000000000000000, -0.0000000000000000000 ) ) ;
#2290 = FACE_OUTER_BOUND ( 'NONE', #5490, .T. ) ;
#2291 = CIRCLE ( 'NONE', #5033, 50.85488151972597800 ) ;
#2292 = CARTESIAN_POINT ( 'NONE',  ( 6.747374629565455500, 5.720000000000000600, 9.594999999999997100 ) ) ;
#2293 = EDGE_CURVE ( 'NONE', #4672, #5361, #4759, .T. ) ;
#2294 = CARTESIAN_POINT ( 'NONE',  ( -6.659999999999999300, 5.400000000000000400, 11.24304453225985500 ) ) ;
#2295 = DIRECTION ( 'NONE',  ( 0.0000000000000000000, 0.0000000000000000000, 1.000000000000000000 ) ) ;
#2296 = CARTESIAN_POINT ( 'NONE',  ( -1.499999999999998700, 5.200000000000001100, -13.09081423205049400 ) ) ;
#2297 = ORIENTED_EDGE ( 'NONE', *, *, #6856, .F. ) ;
#2298 = FACE_OUTER_BOUND ( 'NONE', #1754, .T. ) ;
#2299 = LINE ( 'NONE', #3949, #5283 ) ;
#2300 = CARTESIAN_POINT ( 'NONE',  ( -13.69999999999999800, 1.720000000000000600, 6.544999999999995500 ) ) ;
#2301 = AXIS2_PLACEMENT_3D ( 'NONE', #2613, #6833, #3432 ) ;
#2302 = ORIENTED_EDGE ( 'NONE', *, *, #5941, .T. ) ;
#2303 = VECTOR ( 'NONE', #3574, 1000.000000000000000 ) ;
#2304 = ORIENTED_EDGE ( 'NONE', *, *, #6332, .F. ) ;
#2305 = LINE ( 'NONE', #1179, #6525 ) ;
#2306 = ADVANCED_FACE ( 'NONE', ( #279 ), #3319, .T. ) ;
#2307 = DIRECTION ( 'NONE',  ( 0.0000000000000000000, -1.000000000000000000, 0.0000000000000000000 ) ) ;
#2308 = DIRECTION ( 'NONE',  ( -0.0000000000000000000, -1.000000000000000000, -0.0000000000000000000 ) ) ;
#2309 = ORIENTED_EDGE ( 'NONE', *, *, #2704, .T. ) ;
#2310 = CARTESIAN_POINT ( 'NONE',  ( 2.220000000000003300, 5.400000000000000400, -15.10628448577629600 ) ) ;
#2311 = DIRECTION ( 'NONE',  ( 0.0000000000000000000, 0.0000000000000000000, 1.000000000000000000 ) ) ;
#2312 = VECTOR ( 'NONE', #7072, 1000.000000000000000 ) ;
#2313 = CARTESIAN_POINT ( 'NONE',  ( 13.60000000000001000, 3.420000000000027500, -6.895000000000020900 ) ) ;
#2314 = EDGE_CURVE ( 'NONE', #4814, #6670, #1658, .T. ) ;
#2315 = CARTESIAN_POINT ( 'NONE',  ( 12.59999999999999600, 5.720000000000000600, 6.544999999999995500 ) ) ;
#2316 = ORIENTED_EDGE ( 'NONE', *, *, #2621, .F. ) ;
#2317 = EDGE_LOOP ( 'NONE', ( #325, #1713, #6908, #5256 ) ) ;
#2318 = DIRECTION ( 'NONE',  ( 3.025680481354897600E-015, 1.000000000000000000, 0.0000000000000000000 ) ) ;
#2319 = DIRECTION ( 'NONE',  ( -0.0000000000000000000, 0.0000000000000000000, -1.000000000000000000 ) ) ;
#2320 = CIRCLE ( 'NONE', #2591, 0.5350000000000094700 ) ;
#2321 = CARTESIAN_POINT ( 'NONE',  ( -13.69999999999999800, 5.620000000000002800, 6.544999999999995500 ) ) ;
#2322 = AXIS2_PLACEMENT_3D ( 'NONE', #1035, #7135, #2734 ) ;
#2323 = LINE ( 'NONE', #5422, #6892 ) ;
#2324 = ORIENTED_EDGE ( 'NONE', *, *, #778, .F. ) ;
#2325 = EDGE_CURVE ( 'NONE', #784, #2910, #3999, .T. ) ;
#2326 = CARTESIAN_POINT ( 'NONE',  ( 13.33592814371258900, 3.420000000000028400, -6.895000000000020900 ) ) ;
#2327 = ORIENTED_EDGE ( 'NONE', *, *, #594, .F. ) ;
#2328 = ORIENTED_EDGE ( 'NONE', *, *, #5517, .T. ) ;
#2329 = ORIENTED_EDGE ( 'NONE', *, *, #271, .F. ) ;
#2330 = FACE_OUTER_BOUND ( 'NONE', #6383, .T. ) ;
#2331 = DIRECTION ( 'NONE',  ( 0.0000000000000000000, 0.0000000000000000000, -1.000000000000000000 ) ) ;
#2332 = CARTESIAN_POINT ( 'NONE',  ( -8.673617379884035500E-015, 5.400000000000000400, 60.65107638281947500 ) ) ;
#2333 = ORIENTED_EDGE ( 'NONE', *, *, #7177, .F. ) ;
#2334 = ORIENTED_EDGE ( 'NONE', *, *, #150, .F. ) ;
#2335 = DIRECTION ( 'NONE',  ( 0.0000000000000000000, 0.0000000000000000000, 1.000000000000000000 ) ) ;
#2336 = AXIS2_PLACEMENT_3D ( 'NONE', #1697, #4945, #2245 ) ;
#2337 = AXIS2_PLACEMENT_3D ( 'NONE', #3522, #5159, #2969 ) ;
#2338 = ORIENTED_EDGE ( 'NONE', *, *, #5006, .F. ) ;
#2339 = VERTEX_POINT ( 'NONE', #2897 ) ;
#2340 = VECTOR ( 'NONE', #1702, 1000.000000000000000 ) ;
#2341 = CARTESIAN_POINT ( 'NONE',  ( 6.079999999999998300, 5.797823814539136800, 2.995876822266466900 ) ) ;
#2342 = DIRECTION ( 'NONE',  ( -1.000000000000000000, -0.0000000000000000000, -0.0000000000000000000 ) ) ;
#2343 = ORIENTED_EDGE ( 'NONE', *, *, #3211, .F. ) ;
#2344 = ORIENTED_EDGE ( 'NONE', *, *, #1029, .F. ) ;
#2345 = DIRECTION ( 'NONE',  ( 0.0000000000000000000, 0.0000000000000000000, 1.000000000000000000 ) ) ;
#2346 = VERTEX_POINT ( 'NONE', #5060 ) ;
#2347 = ORIENTED_EDGE ( 'NONE', *, *, #839, .T. ) ;
#2348 = FACE_OUTER_BOUND ( 'NONE', #3181, .T. ) ;
#2349 = AXIS2_PLACEMENT_3D ( 'NONE', #3652, #7032, #341 ) ;
#2350 = EDGE_LOOP ( 'NONE', ( #3248, #6003, #1501, #3102 ) ) ;
#2351 = EDGE_CURVE ( 'NONE', #5609, #3811, #3571, .T. ) ;
#2352 = DIRECTION ( 'NONE',  ( 1.000000000000000000, 0.0000000000000000000, 0.0000000000000000000 ) ) ;
#2353 = ORIENTED_EDGE ( 'NONE', *, *, #2949, .T. ) ;
#2354 = DIRECTION ( 'NONE',  ( -0.8122993374690682400, 0.0000000000000000000, -0.5832407619048182200 ) ) ;
#2355 = PLANE ( 'NONE',  #2541 ) ;
#2356 = EDGE_LOOP ( 'NONE', ( #3459, #1528, #331, #1043 ) ) ;
#2357 = VECTOR ( 'NONE', #1295, 1000.000000000000100 ) ;
#2358 = ORIENTED_EDGE ( 'NONE', *, *, #987, .F. ) ;
#2359 = CARTESIAN_POINT ( 'NONE',  ( 13.29999999999999700, 5.919999999999999900, 6.544999999999995500 ) ) ;
#2360 = AXIS2_PLACEMENT_3D ( 'NONE', #92, #2307, #1181 ) ;
#2361 = CIRCLE ( 'NONE', #3343, 1.500000000000003100 ) ;
#2362 = CARTESIAN_POINT ( 'NONE',  ( 4.079999999999998300, 5.920000000000001700, 3.927862566056164400 ) ) ;
#2363 = CARTESIAN_POINT ( 'NONE',  ( -14.63074834367268000, 5.400000000000000400, 8.376898095237931900 ) ) ;
#2364 = CARTESIAN_POINT ( 'NONE',  ( 13.60000000000001200, 1.720000000000000000, -9.205000000000005400 ) ) ;
#2365 = DIRECTION ( 'NONE',  ( -1.000000000000000000, -0.0000000000000000000, -5.239278459556230500E-016 ) ) ;
#2366 = TOROIDAL_SURFACE ( 'NONE', #4110, 0.6270765503509230200, 0.1000000000000000100 ) ;
#2367 = CARTESIAN_POINT ( 'NONE',  ( 9.054385677670431700, 5.400000000000000400, -9.895000000000006700 ) ) ;
#2368 = ORIENTED_EDGE ( 'NONE', *, *, #3654, .F. ) ;
#2369 = ORIENTED_EDGE ( 'NONE', *, *, #1790, .T. ) ;
#2370 = ORIENTED_EDGE ( 'NONE', *, *, #5016, .F. ) ;
#2371 = EDGE_CURVE ( 'NONE', #1378, #6885, #3232, .T. ) ;
#2372 = DIRECTION ( 'NONE',  ( 0.5832407619048182200, -0.0000000000000000000, -0.8122993374690681300 ) ) ;
#2373 = LINE ( 'NONE', #3561, #2119 ) ;
#2374 = VECTOR ( 'NONE', #432, 1000.000000000000000 ) ;
#2375 = EDGE_CURVE ( 'NONE', #4214, #3557, #5446, .T. ) ;
#2376 = CARTESIAN_POINT ( 'NONE',  ( -12.84000000000001100, 1.000000000000000000, -9.895000000000008500 ) ) ;
#2377 = FACE_OUTER_BOUND ( 'NONE', #6230, .T. ) ;
#2378 = CIRCLE ( 'NONE', #4175, 0.09999999999999939500 ) ;
#2379 = VECTOR ( 'NONE', #938, 1000.000000000000000 ) ;
#2380 = CARTESIAN_POINT ( 'NONE',  ( -2.220000000000002400, 5.399999999999999500, 10.84564684601180300 ) ) ;
#2381 = DIRECTION ( 'NONE',  ( 0.0000000000000000000, -1.000000000000000000, 0.0000000000000000000 ) ) ;
#2382 = ORIENTED_EDGE ( 'NONE', *, *, #2733, .F. ) ;
#2383 = LINE ( 'NONE', #3698, #6610 ) ;
#2384 = EDGE_CURVE ( 'NONE', #1809, #4635, #6589, .T. ) ;
#2385 = LINE ( 'NONE', #1878, #4602 ) ;
#2386 = DIRECTION ( 'NONE',  ( 0.0000000000000000000, 0.0000000000000000000, 1.000000000000000000 ) ) ;
#2387 = CARTESIAN_POINT ( 'NONE',  ( -12.36848664453580100, 5.620000000000000100, -10.79499999999999800 ) ) ;
#2388 = ADVANCED_FACE ( 'NONE', ( #7110 ), #2532, .T. ) ;
#2389 = DIRECTION ( 'NONE',  ( 0.0000000000000000000, 1.000000000000000000, 0.0000000000000000000 ) ) ;
#2390 = CARTESIAN_POINT ( 'NONE',  ( 13.70000000000000600, 0.3000000000000074800, 0.6349999999999784700 ) ) ;
#2391 = ORIENTED_EDGE ( 'NONE', *, *, #3327, .F. ) ;
#2392 = LINE ( 'NONE', #4055, #6618 ) ;
#2393 = LINE ( 'NONE', #2656, #5649 ) ;
#2394 = DIRECTION ( 'NONE',  ( 0.0000000000000000000, -1.000000000000000000, 0.0000000000000000000 ) ) ;
#2395 = CARTESIAN_POINT ( 'NONE',  ( -12.34000000000001400, 0.0000000000000000000, 6.901052410065903000 ) ) ;
#2396 = LINE ( 'NONE', #1861, #3692 ) ;
#2397 = DIRECTION ( 'NONE',  ( 0.0000000000000000000, 1.000000000000000000, 0.0000000000000000000 ) ) ;
#2398 = CARTESIAN_POINT ( 'NONE',  ( 12.34000000000000700, 5.400000000000000400, -10.39500000000000300 ) ) ;
#2399 = ORIENTED_EDGE ( 'NONE', *, *, #7174, .F. ) ;
#2400 = AXIS2_PLACEMENT_3D ( 'NONE', #4833, #6503, #7040 ) ;
#2401 = ORIENTED_EDGE ( 'NONE', *, *, #2748, .T. ) ;
#2402 = VECTOR ( 'NONE', #4499, 1000.000000000000000 ) ;
#2403 = EDGE_CURVE ( 'NONE', #1808, #2884, #3658, .T. ) ;
#2404 = CARTESIAN_POINT ( 'NONE',  ( 9.294972081687147300, 0.09543502228208267100, -10.39462847770841600 ) ) ;
#2405 = EDGE_CURVE ( 'NONE', #6458, #4333, #4427, .T. ) ;
#2406 = EDGE_LOOP ( 'NONE', ( #364, #7060, #2636, #3879 ) ) ;
#2407 = CARTESIAN_POINT ( 'NONE',  ( 13.30000000000001500, 3.420000000000028400, -6.895000000000020900 ) ) ;
#2408 = FACE_OUTER_BOUND ( 'NONE', #5272, .T. ) ;
#2409 = ORIENTED_EDGE ( 'NONE', *, *, #553, .F. ) ;
#2410 = CARTESIAN_POINT ( 'NONE',  ( 12.34000000000001100, 0.0000000000000000000, -9.895000000000004900 ) ) ;
#2411 = VERTEX_POINT ( 'NONE', #3639 ) ;
#2412 = CARTESIAN_POINT ( 'NONE',  ( -13.60000000000001000, 1.720000000000006200, -4.445000000000021600 ) ) ;
#2413 = AXIS2_PLACEMENT_3D ( 'NONE', #766, #6962, #4211 ) ;
#2414 = CARTESIAN_POINT ( 'NONE',  ( -1.616798323924821300E-015, 4.430000000000004200, -10.89500000000000300 ) ) ;
#2415 = ORIENTED_EDGE ( 'NONE', *, *, #2789, .F. ) ;
#2416 = EDGE_LOOP ( 'NONE', ( #2327, #5332, #2845, #169 ) ) ;
#2417 = DIRECTION ( 'NONE',  ( 1.000000000000000000, 0.0000000000000000000, 0.0000000000000000000 ) ) ;
#2418 = ORIENTED_EDGE ( 'NONE', *, *, #707, .T. ) ;
#2419 = VERTEX_POINT ( 'NONE', #6319 ) ;
#2420 = ADVANCED_FACE ( 'NONE', ( #1749 ), #1831, .T. ) ;
#2421 = CARTESIAN_POINT ( 'NONE',  ( 4.315801865891751600, 0.0000000000000000000, -4.274522504775853300 ) ) ;
#2422 = PLANE ( 'NONE',  #3258 ) ;
#2423 = ORIENTED_EDGE ( 'NONE', *, *, #315, .F. ) ;
#2424 = ORIENTED_EDGE ( 'NONE', *, *, #5173, .T. ) ;
#2425 = LINE ( 'NONE', #1947, #2861 ) ;
#2426 = ORIENTED_EDGE ( 'NONE', *, *, #4386, .F. ) ;
#2427 = EDGE_LOOP ( 'NONE', ( #4834, #842, #1477, #3978 ) ) ;
#2428 = EDGE_CURVE ( 'NONE', #6199, #2283, #4669, .T. ) ;
#2429 = AXIS2_PLACEMENT_3D ( 'NONE', #1659, #5509, #6124 ) ;
#2430 = ORIENTED_EDGE ( 'NONE', *, *, #3671, .F. ) ;
#2431 = CARTESIAN_POINT ( 'NONE',  ( 18.36499999999999800, 6.817866684653116900E-015, 0.6349999999999784700 ) ) ;
#2432 = LINE ( 'NONE', #4531, #964 ) ;
#2433 = CARTESIAN_POINT ( 'NONE',  ( 6.659999999999999300, 5.400000000000000400, 11.24304453225985500 ) ) ;
#2434 = VERTEX_POINT ( 'NONE', #6964 ) ;
#2435 = EDGE_CURVE ( 'NONE', #3370, #3262, #2193, .T. ) ;
#2436 = EDGE_CURVE ( 'NONE', #7081, #7178, #6329, .T. ) ;
#2437 = LINE ( 'NONE', #433, #5170 ) ;
#2438 = PLANE ( 'NONE',  #3440 ) ;
#2439 = PLANE ( 'NONE',  #4264 ) ;
#2440 = CARTESIAN_POINT ( 'NONE',  ( 2.220000000000003300, 5.400000000000000400, -15.30500000000002300 ) ) ;
#2441 = DIRECTION ( 'NONE',  ( -1.000000000000000000, 0.0000000000000000000, -0.0000000000000000000 ) ) ;
#2442 = LINE ( 'NONE', #2057, #2800 ) ;
#2443 = VERTEX_POINT ( 'NONE', #6418 ) ;
#2444 = EDGE_LOOP ( 'NONE', ( #3438, #879, #3855, #1807 ) ) ;
#2445 = DIRECTION ( 'NONE',  ( 0.0000000000000000000, -1.000000000000000000, 0.0000000000000000000 ) ) ;
#2446 = ORIENTED_EDGE ( 'NONE', *, *, #4661, .F. ) ;
#2447 = DIRECTION ( 'NONE',  ( 0.0000000000000000000, -3.491481338843133400E-015, 1.000000000000000000 ) ) ;
#2448 = EDGE_CURVE ( 'NONE', #795, #2162, #1071, .T. ) ;
#2449 = CARTESIAN_POINT ( 'NONE',  ( -6.079999999999998300, 2.304219872357979000, 3.927862566056164400 ) ) ;
#2450 = DIRECTION ( 'NONE',  ( 1.000000000000000000, 3.649657616083114900E-016, -0.0000000000000000000 ) ) ;
#2451 = VERTEX_POINT ( 'NONE', #4677 ) ;
#2452 = CARTESIAN_POINT ( 'NONE',  ( 13.40000000000001500, 3.420000000000027900, -6.895000000000020900 ) ) ;
#2453 = DIRECTION ( 'NONE',  ( 0.0000000000000000000, 1.000000000000000000, 0.0000000000000000000 ) ) ;
#2454 = AXIS2_PLACEMENT_3D ( 'NONE', #4733, #5278, #1478 ) ;
#2455 = ADVANCED_FACE ( 'NONE', ( #6502 ), #6915, .F. ) ;
#2456 = CIRCLE ( 'NONE', #5091, 11.11500000000000400 ) ;
#2457 = LINE ( 'NONE', #3590, #2891 ) ;
#2458 = DIRECTION ( 'NONE',  ( -1.000000000000000000, 9.469014606860299000E-017, 0.0000000000000000000 ) ) ;
#2459 = TOROIDAL_SURFACE ( 'NONE', #4583, 1.795000000000010600, 1.000000000000000000 ) ;
#2460 = DIRECTION ( 'NONE',  ( -1.000000000000000000, 2.853163611803958200E-015, 0.0000000000000000000 ) ) ;
#2461 = CARTESIAN_POINT ( 'NONE',  ( 12.36848664453580100, 5.620000000000000100, -10.79499999999999800 ) ) ;
#2462 = ORIENTED_EDGE ( 'NONE', *, *, #554, .F. ) ;
#2463 = LINE ( 'NONE', #1227, #2739 ) ;
#2464 = MANIFOLD_SOLID_BREP ( 'Combine2', #5766 ) ;
#2465 = CARTESIAN_POINT ( 'NONE',  ( 13.59999999999999600, 5.919999999999999900, 6.544999999999995500 ) ) ;
#2466 = CARTESIAN_POINT ( 'NONE',  ( -13.40000000000000400, 0.2000000000000076200, 0.6349999999999784700 ) ) ;
#2467 = CARTESIAN_POINT ( 'NONE',  ( -13.70000000000000600, 0.3000000000000074800, -4.445000000000021600 ) ) ;
#2468 = CARTESIAN_POINT ( 'NONE',  ( -13.60000000000001000, 1.720000000000000000, -9.205000000000005400 ) ) ;
#2469 = ORIENTED_EDGE ( 'NONE', *, *, #5515, .F. ) ;
#2470 = LINE ( 'NONE', #2509, #1006 ) ;
#2471 = VECTOR ( 'NONE', #3958, 1000.000000000000000 ) ;
#2472 = EDGE_CURVE ( 'NONE', #3016, #1881, #1569, .T. ) ;
#2473 = AXIS2_PLACEMENT_3D ( 'NONE', #4372, #6614, #5485 ) ;
#2474 = DIRECTION ( 'NONE',  ( 1.000000000000000000, -0.0000000000000000000, -0.0000000000000000000 ) ) ;
#2475 = CARTESIAN_POINT ( 'NONE',  ( 13.60000000000001000, 1.720000000000006200, -4.445000000000021600 ) ) ;
#2476 = CIRCLE ( 'NONE', #3741, 1.000000000000000200 ) ;
#2477 = DIRECTION ( 'NONE',  ( -0.0000000000000000000, -1.000000000000000000, -0.0000000000000000000 ) ) ;
#2478 = CARTESIAN_POINT ( 'NONE',  ( 13.40000000000000600, 0.3000000000000083700, 0.6349999999999784700 ) ) ;
#2479 = ORIENTED_EDGE ( 'NONE', *, *, #887, .F. ) ;
#2480 = CARTESIAN_POINT ( 'NONE',  ( -13.31001425603441600, 0.7224558619476780800, -6.121844382582865200 ) ) ;
#2481 = VECTOR ( 'NONE', #5959, 1000.000000000000000 ) ;
#2482 = DIRECTION ( 'NONE',  ( -0.0000000000000000000, 0.0000000000000000000, 1.000000000000000000 ) ) ;
#2483 = DIRECTION ( 'NONE',  ( 0.0000000000000000000, -1.000000000000000000, -4.034240641806527500E-015 ) ) ;
#2484 = AXIS2_PLACEMENT_3D ( 'NONE', #1896, #4650, #1342 ) ;
#2485 = EDGE_CURVE ( 'NONE', #5600, #795, #5092, .T. ) ;
#2486 = DIRECTION ( 'NONE',  ( 0.5832407619048173300, 0.0000000000000000000, 0.8122993374690687900 ) ) ;
#2487 = DIRECTION ( 'NONE',  ( -0.5372996083468185600, 0.0000000000000000000, 0.8433914458128890500 ) ) ;
#2488 = VERTEX_POINT ( 'NONE', #3114 ) ;
#2489 = DIRECTION ( 'NONE',  ( 1.000000000000000000, 0.0000000000000000000, 0.0000000000000000000 ) ) ;
#2490 = ORIENTED_EDGE ( 'NONE', *, *, #96, .F. ) ;
#2491 = DIRECTION ( 'NONE',  ( 0.0000000000000000000, 0.0000000000000000000, 1.000000000000000000 ) ) ;
#2492 = ORIENTED_EDGE ( 'NONE', *, *, #3095, .F. ) ;
#2493 = AXIS2_PLACEMENT_3D ( 'NONE', #1755, #2829, #3935 ) ;
#2494 = LINE ( 'NONE', #4949, #3451 ) ;
#2495 = VECTOR ( 'NONE', #5034, 1000.000000000000000 ) ;
#2496 = EDGE_CURVE ( 'NONE', #3811, #6914, #5795, .T. ) ;
#2497 = ORIENTED_EDGE ( 'NONE', *, *, #1756, .F. ) ;
#2498 = ORIENTED_EDGE ( 'NONE', *, *, #5062, .F. ) ;
#2499 = ORIENTED_EDGE ( 'NONE', *, *, #5367, .F. ) ;
#2500 = CARTESIAN_POINT ( 'NONE',  ( -2.220000000000002400, 5.399999999999999500, 10.84564684601180300 ) ) ;
#2501 = VERTEX_POINT ( 'NONE', #2078 ) ;
#2502 = VECTOR ( 'NONE', #2896, 1000.000000000000000 ) ;
#2503 = ORIENTED_EDGE ( 'NONE', *, *, #1371, .T. ) ;
#2504 = CARTESIAN_POINT ( 'NONE',  ( -13.40000000000000400, 0.2000000000000076200, -4.445000000000021600 ) ) ;
#2505 = CARTESIAN_POINT ( 'NONE',  ( -13.40000000000000400, 7.593379912705469000E-015, -4.445000000000021600 ) ) ;
#2506 = ORIENTED_EDGE ( 'NONE', *, *, #4476, .F. ) ;
#2507 = PLANE ( 'NONE',  #4432 ) ;
#2508 = AXIS2_PLACEMENT_3D ( 'NONE', #825, #5187, #3530 ) ;
#2509 = CARTESIAN_POINT ( 'NONE',  ( 6.659999999999999300, 5.400000000000000400, -15.30500000000002300 ) ) ;
#2510 = ORIENTED_EDGE ( 'NONE', *, *, #4514, .T. ) ;
#2511 = CARTESIAN_POINT ( 'NONE',  ( -4.079999999999998300, 5.919999999999999900, 3.927862566056165200 ) ) ;
#2512 = ORIENTED_EDGE ( 'NONE', *, *, #2231, .F. ) ;
#2513 = LINE ( 'NONE', #303, #1810 ) ;
#2514 = ORIENTED_EDGE ( 'NONE', *, *, #6522, .F. ) ;
#2515 = DIRECTION ( 'NONE',  ( 3.469446951953613400E-015, -1.000000000000000000, -2.168404344971008400E-016 ) ) ;
#2516 = CARTESIAN_POINT ( 'NONE',  ( -4.054999999999997900, 5.720000000000000600, 3.927862566056165200 ) ) ;
#2517 = DIRECTION ( 'NONE',  ( 0.0000000000000000000, 0.0000000000000000000, -1.000000000000000000 ) ) ;
#2518 = ORIENTED_EDGE ( 'NONE', *, *, #1044, .T. ) ;
#2519 = DIRECTION ( 'NONE',  ( 0.0000000000000000000, 0.0000000000000000000, -1.000000000000000000 ) ) ;
#2520 = CARTESIAN_POINT ( 'NONE',  ( -6.747374629565455500, 5.720000000000000600, 9.594999999999997100 ) ) ;
#2521 = CYLINDRICAL_SURFACE ( 'NONE', #473, 0.2999999999999999300 ) ;
#2522 = EDGE_CURVE ( 'NONE', #1900, #1353, #3832, .T. ) ;
#2523 = AXIS2_PLACEMENT_3D ( 'NONE', #5238, #3131, #1964 ) ;
#2524 = DIRECTION ( 'NONE',  ( 0.0000000000000000000, 0.0000000000000000000, 1.000000000000000000 ) ) ;
#2525 = EDGE_LOOP ( 'NONE', ( #3472, #1337, #5094, #1788 ) ) ;
#2526 = VECTOR ( 'NONE', #635, 1000.000000000000000 ) ;
#2527 = ORIENTED_EDGE ( 'NONE', *, *, #4981, .F. ) ;
#2528 = CARTESIAN_POINT ( 'NONE',  ( -12.34000000000001100, 1.000000000000000000, -6.143717762754916700 ) ) ;
#2529 = ADVANCED_FACE ( 'NONE', ( #4932 ), #2285, .T. ) ;
#2530 =( NAMED_UNIT ( * ) PLANE_ANGLE_UNIT ( ) SI_UNIT ( $, .RADIAN. ) );
#2531 = AXIS2_PLACEMENT_3D ( 'NONE', #4915, #2156, #3847 ) ;
#2532 = TOROIDAL_SURFACE ( 'NONE', #4697, 11.50000000000000000, 1.000000000000000000 ) ;
#2533 = PLANE ( 'NONE',  #6930 ) ;
#2534 = ORIENTED_EDGE ( 'NONE', *, *, #1845, .F. ) ;
#2535 = ORIENTED_EDGE ( 'NONE', *, *, #1987, .F. ) ;
#2536 = ORIENTED_EDGE ( 'NONE', *, *, #6400, .F. ) ;
#2537 = CARTESIAN_POINT ( 'NONE',  ( -8.673617379884035500E-015, 0.0000000000000000000, 60.65107638281947500 ) ) ;
#2538 = PLANE ( 'NONE',  #4754 ) ;
#2539 = CARTESIAN_POINT ( 'NONE',  ( 4.054999999999997900, 5.720000000000000600, 3.927862566056165200 ) ) ;
#2540 = CARTESIAN_POINT ( 'NONE',  ( 13.34000000000000900, 0.8595898872525242800, -7.646282237245132200 ) ) ;
#2541 = AXIS2_PLACEMENT_3D ( 'NONE', #137, #6226, #6768 ) ;
#2542 = FACE_OUTER_BOUND ( 'NONE', #2698, .T. ) ;
#2543 = CARTESIAN_POINT ( 'NONE',  ( -6.104999999999997800, 5.720000000000000600, -1.530520863929464100 ) ) ;
#2544 = DIRECTION ( 'NONE',  ( 0.8122993374690687900, 0.0000000000000000000, -0.5832407619048173300 ) ) ;
#2545 = EDGE_CURVE ( 'NONE', #980, #3792, #4345, .T. ) ;
#2546 = CARTESIAN_POINT ( 'NONE',  ( 14.93617785791140100, 1.720000000000002400, 7.881416676303254900 ) ) ;
#2547 = CARTESIAN_POINT ( 'NONE',  ( 4.079999999999998300, 4.383326286608009600, -1.530520863929464100 ) ) ;
#2548 = VECTOR ( 'NONE', #6430, 1000.000000000000000 ) ;
#2549 = DIRECTION ( 'NONE',  ( 0.7183391368594559400, -2.508067691305474600E-015, -0.6956930964556222700 ) ) ;
#2550 = FACE_OUTER_BOUND ( 'NONE', #3833, .T. ) ;
#2551 = LINE ( 'NONE', #447, #4865 ) ;
#2552 = VECTOR ( 'NONE', #2199, 1000.000000000000000 ) ;
#2553 = CARTESIAN_POINT ( 'NONE',  ( -8.673617379884035500E-015, 3.879999999999999400, 60.65107638281947500 ) ) ;
#2554 = DIRECTION ( 'NONE',  ( 1.000000000000000000, -0.0000000000000000000, 2.659658226162767000E-015 ) ) ;
#2555 = DIRECTION ( 'NONE',  ( -1.000000000000000000, 0.0000000000000000000, 0.0000000000000000000 ) ) ;
#2556 = AXIS2_PLACEMENT_3D ( 'NONE', #5018, #1774, #2319 ) ;
#2557 = DIRECTION ( 'NONE',  ( -0.0000000000000000000, 1.000000000000000000, -0.0000000000000000000 ) ) ;
#2558 = EDGE_LOOP ( 'NONE', ( #3022, #6144, #6484, #999 ) ) ;
#2559 = CIRCLE ( 'NONE', #4807, 0.09999999999999939500 ) ;
#2560 = DIRECTION ( 'NONE',  ( -1.000000000000000000, 0.0000000000000000000, 0.0000000000000000000 ) ) ;
#2561 = CIRCLE ( 'NONE', #4785, 50.85488151972597800 ) ;
#2562 = DIRECTION ( 'NONE',  ( -0.0000000000000000000, -0.0000000000000000000, 1.000000000000000000 ) ) ;
#2563 = ADVANCED_FACE ( 'NONE', ( #809 ), #2366, .T. ) ;
#2564 = DIRECTION ( 'NONE',  ( 0.0000000000000000000, 1.000000000000000000, 0.0000000000000000000 ) ) ;
#2565 = ORIENTED_EDGE ( 'NONE', *, *, #5480, .F. ) ;
#2566 = LINE ( 'NONE', #6456, #3687 ) ;
#2567 = EDGE_CURVE ( 'NONE', #4738, #1738, #893, .T. ) ;
#2568 = ADVANCED_FACE ( 'NONE', ( #5978 ), #478, .T. ) ;
#2569 = DIRECTION ( 'NONE',  ( -1.000000000000000000, 0.0000000000000000000, 0.0000000000000000000 ) ) ;
#2571 = DIRECTION ( 'NONE',  ( 0.0000000000000000000, -0.0000000000000000000, 1.000000000000000000 ) ) ;
#2570 = AXIS2_PLACEMENT_3D ( 'NONE', #7018, #3716, #410 ) ;
#2572 = FACE_OUTER_BOUND ( 'NONE', #3278, .T. ) ;
#2573 = CARTESIAN_POINT ( 'NONE',  ( -12.34000000000001100, 1.000000000000000000, -10.39500000000000700 ) ) ;
#2574 = CARTESIAN_POINT ( 'NONE',  ( -12.34000000000001100, 5.400000000000000400, -6.143717762754916700 ) ) ;
#2575 = DIRECTION ( 'NONE',  ( 0.0000000000000000000, 0.0000000000000000000, 1.000000000000000000 ) ) ;
#2576 = ORIENTED_EDGE ( 'NONE', *, *, #7177, .T. ) ;
#2577 = FACE_OUTER_BOUND ( 'NONE', #6075, .T. ) ;
#2578 = ADVANCED_FACE ( 'NONE', ( #5088, #803, #5174 ), #983, .F. ) ;
#2579 = ORIENTED_EDGE ( 'NONE', *, *, #6151, .T. ) ;
#2580 = EDGE_CURVE ( 'NONE', #3545, #5586, #2442, .T. ) ;
#2581 = EDGE_CURVE ( 'NONE', #607, #79, #2710, .T. ) ;
#2582 = ORIENTED_EDGE ( 'NONE', *, *, #5428, .F. ) ;
#2583 = DIRECTION ( 'NONE',  ( 0.0000000000000000000, -1.000000000000000000, 0.0000000000000000000 ) ) ;
#2584 = ORIENTED_EDGE ( 'NONE', *, *, #2314, .F. ) ;
#2585 = VECTOR ( 'NONE', #6772, 1000.000000000000000 ) ;
#2586 = CARTESIAN_POINT ( 'NONE',  ( 12.84000000000000900, 1.000000000000000000, -13.38743516107378900 ) ) ;
#2587 = CARTESIAN_POINT ( 'NONE',  ( 13.29999999999999700, 5.720000000000002400, -9.205000000000005400 ) ) ;
#2588 = VECTOR ( 'NONE', #1701, 1000.000000000000100 ) ;
#2589 = DIRECTION ( 'NONE',  ( -1.000000000000000000, 0.0000000000000000000, 0.0000000000000000000 ) ) ;
#2590 = PLANE ( 'NONE',  #4451 ) ;
#2591 = AXIS2_PLACEMENT_3D ( 'NONE', #7019, #3630, #4861 ) ;
#2592 = ORIENTED_EDGE ( 'NONE', *, *, #4973, .T. ) ;
#2593 = EDGE_CURVE ( 'NONE', #2637, #5754, #4158, .T. ) ;
#2594 = CARTESIAN_POINT ( 'NONE',  ( -1.734723475976806700E-015, 1.000000000000000000, -2.805000000000021900 ) ) ;
#2595 = DIRECTION ( 'NONE',  ( 0.0000000000000000000, 1.000000000000000000, 0.0000000000000000000 ) ) ;
#2596 = ORIENTED_EDGE ( 'NONE', *, *, #6865, .T. ) ;
#2597 = ORIENTED_EDGE ( 'NONE', *, *, #6333, .T. ) ;
#2598 = FACE_OUTER_BOUND ( 'NONE', #5684, .T. ) ;
#2599 = CARTESIAN_POINT ( 'NONE',  ( -6.079999999999998300, 4.583326286608009800, -1.530520863929464100 ) ) ;
#2600 = DIRECTION ( 'NONE',  ( -0.0000000000000000000, -0.0000000000000000000, 1.000000000000000000 ) ) ;
#2601 = CARTESIAN_POINT ( 'NONE',  ( -1.499999999999998700, 5.200000000000001100, -13.09081423205049400 ) ) ;
#2602 = EDGE_LOOP ( 'NONE', ( #4662, #1107, #6881, #6994 ) ) ;
#2603 = DIRECTION ( 'NONE',  ( 0.0000000000000000000, -1.000000000000000000, 0.0000000000000000000 ) ) ;
#2604 = ORIENTED_EDGE ( 'NONE', *, *, #3757, .T. ) ;
#2605 = ORIENTED_EDGE ( 'NONE', *, *, #7120, .F. ) ;
#2606 = AXIS2_PLACEMENT_3D ( 'NONE', #3261, #4310, #7116 ) ;
#2607 = VERTEX_POINT ( 'NONE', #2616 ) ;
#2608 = ADVANCED_FACE ( 'NONE', ( #1220, #1296 ), #5395, .F. ) ;
#2609 = EDGE_CURVE ( 'NONE', #2346, #7085, #975, .T. ) ;
#2610 = VERTEX_POINT ( 'NONE', #3164 ) ;
#2611 = VECTOR ( 'NONE', #4517, 1000.000000000000000 ) ;
#2612 = VERTEX_POINT ( 'NONE', #6440 ) ;
#2613 = CARTESIAN_POINT ( 'NONE',  ( -1.734723475976806700E-015, 1.000000000000000000, -2.805000000000021900 ) ) ;
#2614 = ORIENTED_EDGE ( 'NONE', *, *, #3914, .F. ) ;
#2615 = ADVANCED_FACE ( 'NONE', ( #5443 ), #3764, .T. ) ;
#2616 = CARTESIAN_POINT ( 'NONE',  ( 13.60000000000001000, 1.720000000000006200, -4.445000000000021600 ) ) ;
#2617 = ORIENTED_EDGE ( 'NONE', *, *, #6435, .T. ) ;
#2618 = LINE ( 'NONE', #2174, #2790 ) ;
#2619 = CARTESIAN_POINT ( 'NONE',  ( 18.36499999999999800, 6.817866684653116900E-015, 0.6349999999999784700 ) ) ;
#2620 = ORIENTED_EDGE ( 'NONE', *, *, #4973, .F. ) ;
#2621 = EDGE_CURVE ( 'NONE', #5244, #158, #1479, .T. ) ;
#2622 = AXIS2_PLACEMENT_3D ( 'NONE', #1182, #6748, #6156 ) ;
#2623 = AXIS2_PLACEMENT_3D ( 'NONE', #6706, #1821, #4042 ) ;
#2624 = DIRECTION ( 'NONE',  ( 0.0000000000000000000, 1.000000000000000000, 4.034240641806527500E-015 ) ) ;
#2625 = CARTESIAN_POINT ( 'NONE',  ( 13.70000000000000600, 0.3000000000000074800, 0.6349999999999784700 ) ) ;
#2626 = ADVANCED_FACE ( 'NONE', ( #7021, #3399 ), #2031, .F. ) ;
#2627 = CIRCLE ( 'NONE', #6286, 11.50000000000000000 ) ;
#2628 = DIRECTION ( 'NONE',  ( 0.0000000000000000000, 0.0000000000000000000, 1.000000000000000000 ) ) ;
#2629 = DIRECTION ( 'NONE',  ( -0.0000000000000000000, -1.000000000000000000, -0.0000000000000000000 ) ) ;
#2630 = DIRECTION ( 'NONE',  ( 0.0000000000000000000, -0.0000000000000000000, -1.000000000000000000 ) ) ;
#2631 = DIRECTION ( 'NONE',  ( -1.000000000000000000, -0.0000000000000000000, -0.0000000000000000000 ) ) ;
#2632 = CARTESIAN_POINT ( 'NONE',  ( 2.220000000000003300, 5.400000000000000400, 10.84564684601179600 ) ) ;
#2633 = EDGE_CURVE ( 'NONE', #5887, #4644, #2634, .T. ) ;
#2634 = LINE ( 'NONE', #6577, #3647 ) ;
#2635 = DIRECTION ( 'NONE',  ( -0.0000000000000000000, 1.000000000000000000, -0.0000000000000000000 ) ) ;
#2636 = ORIENTED_EDGE ( 'NONE', *, *, #5831, .F. ) ;
#2637 = VERTEX_POINT ( 'NONE', #4895 ) ;
#2638 = DIRECTION ( 'NONE',  ( -0.0000000000000000000, -1.000000000000000000, -0.0000000000000000000 ) ) ;
#2639 = VERTEX_POINT ( 'NONE', #5421 ) ;
#2640 = AXIS2_PLACEMENT_3D ( 'NONE', #4766, #1467, #1433 ) ;
#2641 = EDGE_CURVE ( 'NONE', #675, #3098, #3564, .T. ) ;
#2642 = DIRECTION ( 'NONE',  ( -1.000000000000000000, 0.0000000000000000000, 0.0000000000000000000 ) ) ;
#2643 = ADVANCED_FACE ( 'NONE', ( #4082 ), #5494, .T. ) ;
#2644 = CARTESIAN_POINT ( 'NONE',  ( 13.69999999999999800, 1.720000000000000600, 6.544999999999995500 ) ) ;
#2645 = LINE ( 'NONE', #2516, #5105 ) ;
#2646 = LINE ( 'NONE', #819, #6338 ) ;
#2647 = FACE_OUTER_BOUND ( 'NONE', #1986, .T. ) ;
#2648 = CARTESIAN_POINT ( 'NONE',  ( 4.054999999999997900, 5.720000000000000600, 3.927862566056165200 ) ) ;
#2649 = CARTESIAN_POINT ( 'NONE',  ( -9.991930185743171900, 5.620000000000001000, -10.89500000000000000 ) ) ;
#2650 = AXIS2_PLACEMENT_3D ( 'NONE', #2440, #2460, #3554 ) ;
#2651 = CARTESIAN_POINT ( 'NONE',  ( 13.60000000000001000, 3.420000000000027500, -6.895000000000020900 ) ) ;
#2652 = PLANE ( 'NONE',  #5597 ) ;
#2653 = EDGE_CURVE ( 'NONE', #1246, #2848, #5532, .T. ) ;
#2654 = ORIENTED_EDGE ( 'NONE', *, *, #246, .F. ) ;
#2655 = VECTOR ( 'NONE', #3622, 1000.000000000000000 ) ;
#2656 = CARTESIAN_POINT ( 'NONE',  ( 4.079999999999998300, 5.797823814539136800, 2.995876822266466500 ) ) ;
#2657 = ADVANCED_FACE ( 'NONE', ( #6840 ), #6550, .F. ) ;
#2658 = ORIENTED_EDGE ( 'NONE', *, *, #512, .F. ) ;
#2659 = FACE_OUTER_BOUND ( 'NONE', #861, .T. ) ;
#2660 = VECTOR ( 'NONE', #5227, 1000.000000000000000 ) ;
#2661 = CARTESIAN_POINT ( 'NONE',  ( -4.079999999999998300, 4.683326286608007600, -1.569848563824564300 ) ) ;
#2662 = EDGE_CURVE ( 'NONE', #7074, #6568, #3226, .T. ) ;
#2663 = CARTESIAN_POINT ( 'NONE',  ( -13.81844900620361100, 1.000000000000000000, 8.960138857142748500 ) ) ;
#2664 = FACE_OUTER_BOUND ( 'NONE', #5497, .T. ) ;
#2665 = CARTESIAN_POINT ( 'NONE',  ( -13.63043069035443200, 1.720000000000002000, 6.616833913685941800 ) ) ;
#2666 = DIRECTION ( 'NONE',  ( 3.491481338843133400E-015, -1.000000000000000000, 3.845558504397534600E-031 ) ) ;
#2667 = PRODUCT ( 'BHX1-2450-SM - edit 13-7', 'BHX1-2450-SM - edit 13-7', '', ( #3274 ) ) ;
#2668 = EDGE_CURVE ( 'NONE', #1709, #2948, #1920, .T. ) ;
#2669 = DIRECTION ( 'NONE',  ( 0.0000000000000000000, -0.0000000000000000000, -1.000000000000000000 ) ) ;
#2670 = ORIENTED_EDGE ( 'NONE', *, *, #2371, .T. ) ;
#2671 = VECTOR ( 'NONE', #4549, 1000.000000000000000 ) ;
#2672 = PLANE ( 'NONE',  #2904 ) ;
#2673 = CARTESIAN_POINT ( 'NONE',  ( -13.70000000000000600, 0.2000000000000075600, -4.445000000000021600 ) ) ;
#2674 = EDGE_LOOP ( 'NONE', ( #852, #172, #4523, #508, #6236, #6984, #5235, #6466 ) ) ;
#2675 = DIRECTION ( 'NONE',  ( 0.0000000000000000000, 0.0000000000000000000, 1.000000000000000000 ) ) ;
#2676 = LINE ( 'NONE', #3860, #3714 ) ;
#2677 = ADVANCED_FACE ( 'NONE', ( #1745 ), #6583, .T. ) ;
#2678 = VERTEX_POINT ( 'NONE', #2801 ) ;
#2679 = AXIS2_PLACEMENT_3D ( 'NONE', #3704, #3657, #4747 ) ;
#2680 = EDGE_CURVE ( 'NONE', #1900, #5609, #3917, .T. ) ;
#2681 = VERTEX_POINT ( 'NONE', #3256 ) ;
#2682 = ORIENTED_EDGE ( 'NONE', *, *, #6200, .T. ) ;
#2683 = DIRECTION ( 'NONE',  ( 0.0000000000000000000, -1.000000000000000000, 0.0000000000000000000 ) ) ;
#2684 = FACE_OUTER_BOUND ( 'NONE', #5710, .T. ) ;
#2685 = CYLINDRICAL_SURFACE ( 'NONE', #4529, 49.85488151972597100 ) ;
#2686 = ORIENTED_EDGE ( 'NONE', *, *, #3433, .T. ) ;
#2687 = ORIENTED_EDGE ( 'NONE', *, *, #1847, .T. ) ;
#2688 = ORIENTED_EDGE ( 'NONE', *, *, #5154, .T. ) ;
#2689 = CARTESIAN_POINT ( 'NONE',  ( -1.734723475976806700E-015, 5.400000000000000400, -2.805000000000021900 ) ) ;
#2690 = ORIENTED_EDGE ( 'NONE', *, *, #5376, .F. ) ;
#2691 = ADVANCED_FACE ( 'NONE', ( #272 ), #1057, .F. ) ;
#2692 = LINE ( 'NONE', #153, #2611 ) ;
#2693 = ORIENTED_EDGE ( 'NONE', *, *, #5856, .F. ) ;
#2694 = ORIENTED_EDGE ( 'NONE', *, *, #6874, .F. ) ;
#2695 = CARTESIAN_POINT ( 'NONE',  ( 6.659999999999999300, 3.879999999999999900, -15.30500000000002300 ) ) ;
#2696 = PLANE ( 'NONE',  #3412 ) ;
#2697 = CARTESIAN_POINT ( 'NONE',  ( 1.500000000000000000, 5.400000000000000400, -13.38743516107378900 ) ) ;
#2698 = EDGE_LOOP ( 'NONE', ( #6071, #252, #1700, #6399 ) ) ;
#2699 = ORIENTED_EDGE ( 'NONE', *, *, #2058, .T. ) ;
#2700 = LINE ( 'NONE', #5477, #1207 ) ;
#2701 = DIRECTION ( 'NONE',  ( -0.7183391368594559400, 0.0000000000000000000, -0.6956930964556222700 ) ) ;
#2702 = AXIS2_PLACEMENT_3D ( 'NONE', #3446, #6733, #3475 ) ;
#2703 = ORIENTED_EDGE ( 'NONE', *, *, #6128, .F. ) ;
#2704 = EDGE_CURVE ( 'NONE', #7154, #5520, #5360, .T. ) ;
#2705 = ORIENTED_EDGE ( 'NONE', *, *, #4154, .T. ) ;
#2706 = CYLINDRICAL_SURFACE ( 'NONE', #1998, 1.145000000000000200 ) ;
#2707 = ORIENTED_EDGE ( 'NONE', *, *, #2134, .F. ) ;
#2708 = CARTESIAN_POINT ( 'NONE',  ( -6.079999999999998300, 4.383326286608009600, -1.530520863929464100 ) ) ;
#2709 = CARTESIAN_POINT ( 'NONE',  ( 9.991930185743171900, 5.720000000000000600, -9.205000000000007200 ) ) ;
#2710 = LINE ( 'NONE', #6526, #4660 ) ;
#2711 = EDGE_CURVE ( 'NONE', #3048, #5244, #1563, .T. ) ;
#2712 = AXIS2_PLACEMENT_3D ( 'NONE', #4295, #6514, #7104 ) ;
#2713 = EDGE_LOOP ( 'NONE', ( #699, #2446, #353, #6208 ) ) ;
#2714 = ADVANCED_FACE ( 'NONE', ( #2104 ), #460, .F. ) ;
#2715 = CARTESIAN_POINT ( 'NONE',  ( -6.079999999999998300, 5.604581757840326100, 3.047427840906390600 ) ) ;
#2716 = VECTOR ( 'NONE', #107, 1000.000000000000000 ) ;
#2717 = CARTESIAN_POINT ( 'NONE',  ( 2.500000000000001800, 3.000000000000000000, 8.925199674982893700 ) ) ;
#2718 = VERTEX_POINT ( 'NONE', #3330 ) ;
#2719 = ORIENTED_EDGE ( 'NONE', *, *, #108, .T. ) ;
#2720 = DIRECTION ( 'NONE',  ( 0.0000000000000000000, -0.9662102834940529100, 0.2577550931996145400 ) ) ;
#2721 = ORIENTED_EDGE ( 'NONE', *, *, #4018, .F. ) ;
#2722 = EDGE_CURVE ( 'NONE', #5448, #7151, #2280, .T. ) ;
#2723 = EDGE_CURVE ( 'NONE', #4253, #2149, #6146, .T. ) ;
#2724 = AXIS2_PLACEMENT_3D ( 'NONE', #1142, #2157, #6100 ) ;
#2725 = ADVANCED_FACE ( 'NONE', ( #4258 ), #2911, .F. ) ;
#2726 = CIRCLE ( 'NONE', #3781, 3.615780127642022300 ) ;
#2727 = FACE_OUTER_BOUND ( 'NONE', #1128, .T. ) ;
#2728 = LINE ( 'NONE', #4555, #5990 ) ;
#2729 = DIRECTION ( 'NONE',  ( 8.572527594031492900E-017, 1.000000000000000000, -0.0000000000000000000 ) ) ;
#2730 = DIRECTION ( 'NONE',  ( -0.0000000000000000000, -0.0000000000000000000, -1.000000000000000000 ) ) ;
#2731 = CIRCLE ( 'NONE', #1971, 0.2999999999999999300 ) ;
#2732 = CIRCLE ( 'NONE', #2202, 1.000000000000000000 ) ;
#2733 = EDGE_CURVE ( 'NONE', #860, #3635, #628, .T. ) ;
#2734 = DIRECTION ( 'NONE',  ( 3.025680481354897600E-015, 1.000000000000000000, 0.0000000000000000000 ) ) ;
#2735 = LINE ( 'NONE', #4873, #6603 ) ;
#2736 = CARTESIAN_POINT ( 'NONE',  ( -12.34000000000001200, 0.0000000000000000000, -10.39500000000000300 ) ) ;
#2737 = DIRECTION ( 'NONE',  ( 0.0000000000000000000, -0.0000000000000000000, 1.000000000000000000 ) ) ;
#2738 = EDGE_LOOP ( 'NONE', ( #530, #2423, #5012, #2492 ) ) ;
#2739 = VECTOR ( 'NONE', #3925, 1000.000000000000000 ) ;
#2740 = CARTESIAN_POINT ( 'NONE',  ( 13.63043069035442800, 1.720000000000000200, 6.616833913685939100 ) ) ;
#2741 = CARTESIAN_POINT ( 'NONE',  ( -13.60000000000000900, 1.720000000000000000, 6.544999999999994600 ) ) ;
#2742 = FACE_OUTER_BOUND ( 'NONE', #2007, .T. ) ;
#2743 = DIRECTION ( 'NONE',  ( -1.000000000000000000, 3.025680481354897600E-015, 0.0000000000000000000 ) ) ;
#2744 =( NAMED_UNIT ( * ) PLANE_ANGLE_UNIT ( ) SI_UNIT ( $, .RADIAN. ) );
#2745 = EDGE_CURVE ( 'NONE', #5849, #5069, #6324, .T. ) ;
#2746 = ORIENTED_EDGE ( 'NONE', *, *, #3656, .T. ) ;
#2747 = VECTOR ( 'NONE', #5539, 1000.000000000000000 ) ;
#2748 = EDGE_CURVE ( 'NONE', #1856, #3447, #3993, .T. ) ;
#2749 = CARTESIAN_POINT ( 'NONE',  ( -16.03250000000000200, 1.108596721366428300E-014, -1.905000000000022000 ) ) ;
#2750 = EDGE_CURVE ( 'NONE', #6646, #1884, #3047, .T. ) ;
#2751 = AXIS2_PLACEMENT_3D ( 'NONE', #1912, #215, #165 ) ;
#2752 = DIRECTION ( 'NONE',  ( 0.0000000000000000000, 0.0000000000000000000, 1.000000000000000000 ) ) ;
#2753 = VECTOR ( 'NONE', #4174, 1000.000000000000000 ) ;
#2754 = CARTESIAN_POINT ( 'NONE',  ( -6.079999999999998300, 4.393463201559789900, -1.492522035864679400 ) ) ;
#2755 = ORIENTED_EDGE ( 'NONE', *, *, #3080, .F. ) ;
#2756 = DIRECTION ( 'NONE',  ( 0.0000000000000000000, 0.0000000000000000000, 1.000000000000000000 ) ) ;
#2757 = VERTEX_POINT ( 'NONE', #69 ) ;
#2758 = CARTESIAN_POINT ( 'NONE',  ( 13.34000000000000900, 5.400000000000000400, 6.579228774286547400 ) ) ;
#2759 = EDGE_LOOP ( 'NONE', ( #2592, #1036, #872, #97 ) ) ;
#2760 = VECTOR ( 'NONE', #4426, 1000.000000000000000 ) ;
#2761 = DIRECTION ( 'NONE',  ( 1.000000000000000000, -2.891205793294679000E-015, 0.0000000000000000000 ) ) ;
#2762 = EDGE_CURVE ( 'NONE', #3454, #2434, #4848, .T. ) ;
#2763 = CARTESIAN_POINT ( 'NONE',  ( 12.59999999999999600, 5.720000000000000600, 7.644999999999995100 ) ) ;
#2764 = LINE ( 'NONE', #4996, #1263 ) ;
#2765 = CARTESIAN_POINT ( 'NONE',  ( -6.079999999999998300, 5.797823814539136800, 2.995876822266466500 ) ) ;
#2766 = CARTESIAN_POINT ( 'NONE',  ( 18.36499999999999800, 6.817866684653116900E-015, -4.445000000000021600 ) ) ;
#2767 = ORIENTED_EDGE ( 'NONE', *, *, #1790, .F. ) ;
#2768 = ORIENTED_EDGE ( 'NONE', *, *, #3945, .F. ) ;
#2769 = ORIENTED_EDGE ( 'NONE', *, *, #3709, .F. ) ;
#2770 = VECTOR ( 'NONE', #1404, 1000.000000000000000 ) ;
#2771 = DIRECTION ( 'NONE',  ( -0.0000000000000000000, -0.2577550931996183700, -0.9662102834940516900 ) ) ;
#2772 = AXIS2_PLACEMENT_3D ( 'NONE', #3870, #2743, #5441 ) ;
#2773 = ORIENTED_EDGE ( 'NONE', *, *, #4599, .F. ) ;
#2774 = VERTEX_POINT ( 'NONE', #6108 ) ;
#2775 = EDGE_LOOP ( 'NONE', ( #1393, #1049, #3405, #6398 ) ) ;
#2776 = DIRECTION ( 'NONE',  ( 0.0000000000000000000, 1.000000000000000000, 0.0000000000000000000 ) ) ;
#2777 = ORIENTED_EDGE ( 'NONE', *, *, #5062, .T. ) ;
#2778 = EDGE_LOOP ( 'NONE', ( #469, #4107, #1829, #5792, #3152, #4397, #7089, #166, #1653, #1488, #6894, #6292, #4224, #3940, #83, #2469, #1691, #6916, #2707 ) ) ;
#2779 = LINE ( 'NONE', #1065, #3634 ) ;
#2780 = CARTESIAN_POINT ( 'NONE',  ( -13.60000000000001400, 0.0000000000000000000, -6.895000000000024400 ) ) ;
#2781 = ORIENTED_EDGE ( 'NONE', *, *, #2075, .T. ) ;
#2782 = ORIENTED_EDGE ( 'NONE', *, *, #6097, .T. ) ;
#2783 = DIRECTION ( 'NONE',  ( 8.572527594031491700E-017, 1.000000000000000000, 0.0000000000000000000 ) ) ;
#2784 = ADVANCED_FACE ( 'NONE', ( #5010 ), #2271, .T. ) ;
#2785 = AXIS2_PLACEMENT_3D ( 'NONE', #567, #2729, #4377 ) ;
#2786 = CARTESIAN_POINT ( 'NONE',  ( -18.36499999999999800, 6.817866684653116900E-015, 0.6349999999999784700 ) ) ;
#2787 = ORIENTED_EDGE ( 'NONE', *, *, #5460, .F. ) ;
#2788 = EDGE_CURVE ( 'NONE', #6725, #540, #4338, .T. ) ;
#2789 = EDGE_CURVE ( 'NONE', #2945, #3811, #889, .T. ) ;
#2790 = VECTOR ( 'NONE', #2200, 1000.000000000000000 ) ;
#2791 = DIRECTION ( 'NONE',  ( 0.0000000000000000000, 0.0000000000000000000, 1.000000000000000000 ) ) ;
#2792 = CARTESIAN_POINT ( 'NONE',  ( -9.174920571607486900, -1.066132136277417100E-015, -10.14251870484127600 ) ) ;
#2793 = CARTESIAN_POINT ( 'NONE',  ( -13.39999999999999500, 5.620000000000002800, -9.205000000000005400 ) ) ;
#2794 = ORIENTED_EDGE ( 'NONE', *, *, #1001, .F. ) ;
#2795 = DIRECTION ( 'NONE',  ( -0.0000000000000000000, -0.0000000000000000000, 1.000000000000000000 ) ) ;
#2796 = DIRECTION ( 'NONE',  ( -3.025680481354897600E-015, -1.000000000000000000, 0.0000000000000000000 ) ) ;
#2797 = CARTESIAN_POINT ( 'NONE',  ( -13.81844900620361300, 5.400000000000000400, 8.960138857142752000 ) ) ;
#2798 = VECTOR ( 'NONE', #5717, 1000.000000000000000 ) ;
#2799 = DIRECTION ( 'NONE',  ( -0.0000000000000000000, -0.0000000000000000000, 1.000000000000000000 ) ) ;
#2800 = VECTOR ( 'NONE', #5357, 1000.000000000000000 ) ;
#2801 = CARTESIAN_POINT ( 'NONE',  ( 12.34000000000001100, 0.0000000000000000000, -9.895000000000004900 ) ) ;
#2802 = ORIENTED_EDGE ( 'NONE', *, *, #608, .T. ) ;
#2803 = VERTEX_POINT ( 'NONE', #1148 ) ;
#2804 = VERTEX_POINT ( 'NONE', #6668 ) ;
#2805 = CARTESIAN_POINT ( 'NONE',  ( -8.673617379884035500E-015, 0.0000000000000000000, 60.65107638281947500 ) ) ;
#2806 = CARTESIAN_POINT ( 'NONE',  ( -8.673617379884035500E-015, 5.400000000000000400, 60.65107638281947500 ) ) ;
#2807 = EDGE_CURVE ( 'NONE', #3435, #4911, #1062, .T. ) ;
#2808 = AXIS2_PLACEMENT_3D ( 'NONE', #362, #5819, #4269 ) ;
#2809 = EDGE_LOOP ( 'NONE', ( #3279, #1054, #2165, #6194 ) ) ;
#2810 = DIRECTION ( 'NONE',  ( 0.0000000000000000000, -0.2577550931996183700, -0.9662102834940518000 ) ) ;
#2811 = LINE ( 'NONE', #2543, #3929 ) ;
#2812 = VECTOR ( 'NONE', #2011, 1000.000000000000000 ) ;
#2813 = AXIS2_PLACEMENT_3D ( 'NONE', #2553, #3711, #5355 ) ;
#2814 = EDGE_CURVE ( 'NONE', #7031, #6069, #5788, .T. ) ;
#2815 = CARTESIAN_POINT ( 'NONE',  ( 12.34000000000000700, 0.0000000000000000000, -10.39500000000000300 ) ) ;
#2816 = CARTESIAN_POINT ( 'NONE',  ( 12.34000000000001100, 0.0000000000000000000, -10.39500000000000300 ) ) ;
#2817 = ORIENTED_EDGE ( 'NONE', *, *, #2878, .T. ) ;
#2818 = LINE ( 'NONE', #6277, #1247 ) ;
#2819 = CARTESIAN_POINT ( 'NONE',  ( -13.60000000000001200, 1.720000000000000000, -9.205000000000005400 ) ) ;
#2820 = DIRECTION ( 'NONE',  ( 0.0000000000000000000, 6.982962677686266700E-015, -1.000000000000000000 ) ) ;
#2821 = CARTESIAN_POINT ( 'NONE',  ( 12.23900214361331800, 5.400000000000000400, 11.29091227334760800 ) ) ;
#2822 = EDGE_CURVE ( 'NONE', #2910, #3435, #7107, .T. ) ;
#2823 = DIRECTION ( 'NONE',  ( 1.000000000000000000, 1.885568995626964300E-016, 0.0000000000000000000 ) ) ;
#2824 = ORIENTED_EDGE ( 'NONE', *, *, #1657, .F. ) ;
#2825 = LINE ( 'NONE', #5191, #831 ) ;
#2826 = VECTOR ( 'NONE', #801, 1000.000000000000000 ) ;
#2827 = DIRECTION ( 'NONE',  ( -1.000000000000000000, -1.561960177346129100E-016, 0.0000000000000000000 ) ) ;
#2828 = CARTESIAN_POINT ( 'NONE',  ( -9.054385677670433500, 5.400000000000000400, -9.895000000000008500 ) ) ;
#2829 = DIRECTION ( 'NONE',  ( -0.0000000000000000000, 1.000000000000000000, 0.0000000000000000000 ) ) ;
#2830 = CARTESIAN_POINT ( 'NONE',  ( -9.515411768708499800, 0.7237865548333098900, -10.86558132636015700 ) ) ;
#2831 = AXIS2_PLACEMENT_3D ( 'NONE', #4839, #2103, #1011 ) ;
#2832 = VECTOR ( 'NONE', #5708, 1000.000000000000000 ) ;
#2833 = DIRECTION ( 'NONE',  ( -1.000000000000000000, 3.025680481354897600E-015, 0.0000000000000000000 ) ) ;
#2834 = EDGE_CURVE ( 'NONE', #6068, #571, #3831, .T. ) ;
#2835 = ORIENTED_EDGE ( 'NONE', *, *, #1710, .F. ) ;
#2836 = CARTESIAN_POINT ( 'NONE',  ( -9.054385677670323300, 0.0000000000000000000, -9.895000000000008500 ) ) ;
#2837 = CARTESIAN_POINT ( 'NONE',  ( 5.079999999999996500, 4.383326286608009600, -3.247895313489022900 ) ) ;
#2838 = FACE_OUTER_BOUND ( 'NONE', #1465, .T. ) ;
#2839 = ORIENTED_EDGE ( 'NONE', *, *, #75, .F. ) ;
#2840 = CARTESIAN_POINT ( 'NONE',  ( 12.59999999999999800, 0.9999999999999991100, 9.834999999999979500 ) ) ;
#2841 = EDGE_CURVE ( 'NONE', #4047, #6728, #2361, .T. ) ;
#2842 = LINE ( 'NONE', #2708, #3186 ) ;
#2843 = AXIS2_PLACEMENT_3D ( 'NONE', #1308, #5561, #3436 ) ;
#2844 = AXIS2_PLACEMENT_3D ( 'NONE', #4250, #4171, #873 ) ;
#2845 = ORIENTED_EDGE ( 'NONE', *, *, #1858, .T. ) ;
#2846 = ORIENTED_EDGE ( 'NONE', *, *, #791, .F. ) ;
#2847 = CARTESIAN_POINT ( 'NONE',  ( -13.60000000000000700, 0.3000000000000077600, 0.6349999999999784700 ) ) ;
#2848 = VERTEX_POINT ( 'NONE', #2310 ) ;
#2849 = DIRECTION ( 'NONE',  ( 0.0000000000000000000, 0.0000000000000000000, -1.000000000000000000 ) ) ;
#2850 = ORIENTED_EDGE ( 'NONE', *, *, #7079, .T. ) ;
#2851 = ADVANCED_FACE ( 'NONE', ( #6320, #1557 ), #5588, .T. ) ;
#2852 = CARTESIAN_POINT ( 'NONE',  ( 12.84000000000001100, 5.400000000000000400, -10.89500000000000300 ) ) ;
#2853 = LINE ( 'NONE', #365, #1354 ) ;
#2854 = DIRECTION ( 'NONE',  ( 0.0000000000000000000, 0.0000000000000000000, -1.000000000000000000 ) ) ;
#2855 = VECTOR ( 'NONE', #5837, 1000.000000000000000 ) ;
#2856 = ORIENTED_EDGE ( 'NONE', *, *, #3121, .F. ) ;
#2857 = ORIENTED_EDGE ( 'NONE', *, *, #3456, .F. ) ;
#2858 = EDGE_CURVE ( 'NONE', #1228, #4047, #971, .T. ) ;
#2859 = ORIENTED_EDGE ( 'NONE', *, *, #6200, .F. ) ;
#2860 = CARTESIAN_POINT ( 'NONE',  ( 1.987236715034471000E-015, 1.000000000000000000, -1.905000000000022900 ) ) ;
#2861 = VECTOR ( 'NONE', #5176, 1000.000000000000200 ) ;
#2862 = VERTEX_POINT ( 'NONE', #171 ) ;
#2863 = EDGE_LOOP ( 'NONE', ( #4505, #5430, #2003, #5952 ) ) ;
#2864 = ORIENTED_EDGE ( 'NONE', *, *, #4458, .T. ) ;
#2865 = CARTESIAN_POINT ( 'NONE',  ( 2.500000000000007500, 1.000000000000000000, -10.39499999999998200 ) ) ;
#2866 = ORIENTED_EDGE ( 'NONE', *, *, #1293, .F. ) ;
#2867 = ORIENTED_EDGE ( 'NONE', *, *, #3040, .F. ) ;
#2868 = CIRCLE ( 'NONE', #4398, 3.415780127642022100 ) ;
#2869 = ORIENTED_EDGE ( 'NONE', *, *, #5891, .F. ) ;
#2870 = CARTESIAN_POINT ( 'NONE',  ( 13.34000000000000900, 1.000000000000001800, 6.579228774286547400 ) ) ;
#2871 = DIRECTION ( 'NONE',  ( -0.0000000000000000000, -1.224646799147353200E-016, -1.000000000000000000 ) ) ;
#2872 = LINE ( 'NONE', #3743, #6233 ) ;
#2873 = CARTESIAN_POINT ( 'NONE',  ( -13.69999999999999800, -0.4131883529488403800, 6.544999999999995500 ) ) ;
#2874 = AXIS2_PLACEMENT_3D ( 'NONE', #626, #576, #599 ) ;
#2875 = ORIENTED_EDGE ( 'NONE', *, *, #2959, .T. ) ;
#2876 = DIRECTION ( 'NONE',  ( 0.0000000000000000000, 1.000000000000000000, 0.0000000000000000000 ) ) ;
#2877 = EDGE_CURVE ( 'NONE', #2149, #3836, #12, .T. ) ;
#2878 = EDGE_CURVE ( 'NONE', #7093, #2074, #5354, .T. ) ;
#2879 = VECTOR ( 'NONE', #4509, 1000.000000000000000 ) ;
#2880 = CARTESIAN_POINT ( 'NONE',  ( -2.499999999999993300, 3.000000000000000000, -13.38743516107378900 ) ) ;
#2881 = ORIENTED_EDGE ( 'NONE', *, *, #877, .T. ) ;
#2882 = CARTESIAN_POINT ( 'NONE',  ( 13.60000000000001700, 4.047076550350951200, -6.895000000000020900 ) ) ;
#2883 = ADVANCED_FACE ( 'NONE', ( #4331 ), #706, .F. ) ;
#2884 = VERTEX_POINT ( 'NONE', #2380 ) ;
#2885 = EDGE_LOOP ( 'NONE', ( #2794, #5138, #3613, #4056 ) ) ;
#2886 = ORIENTED_EDGE ( 'NONE', *, *, #5582, .T. ) ;
#2887 = CARTESIAN_POINT ( 'NONE',  ( -9.991930185743171900, 5.719999999999999800, -10.79499999999999800 ) ) ;
#2888 = CARTESIAN_POINT ( 'NONE',  ( -12.34000000000001100, 1.000000000000000000, -8.173446322690200100 ) ) ;
#2889 = DIRECTION ( 'NONE',  ( -0.8122993374690674600, 0.0000000000000000000, -0.5832407619048193300 ) ) ;
#2890 = LINE ( 'NONE', #5169, #5986 ) ;
#2891 = VECTOR ( 'NONE', #797, 1000.000000000000000 ) ;
#2892 = PLANE ( 'NONE',  #2702 ) ;
#2893 = CIRCLE ( 'NONE', #402, 0.2999999999999999300 ) ;
#2894 = EDGE_CURVE ( 'NONE', #503, #2678, #3528, .T. ) ;
#2895 = DIRECTION ( 'NONE',  ( 0.0000000000000000000, -1.000000000000000000, 0.0000000000000000000 ) ) ;
#2896 = DIRECTION ( 'NONE',  ( 0.0000000000000000000, 0.0000000000000000000, -1.000000000000000000 ) ) ;
#2897 = CARTESIAN_POINT ( 'NONE',  ( 13.70000000000000600, 7.546521107385085500E-015, 0.6349999999999784700 ) ) ;
#2898 = CARTESIAN_POINT ( 'NONE',  ( 12.84000000000001200, 0.4142135623730966400, -10.89500000000001000 ) ) ;
#2899 = FACE_OUTER_BOUND ( 'NONE', #3987, .T. ) ;
#2900 = VECTOR ( 'NONE', #2629, 1000.000000000000000 ) ;
#2901 = PLANE ( 'NONE',  #3069 ) ;
#2902 = FACE_OUTER_BOUND ( 'NONE', #5934, .T. ) ;
#2903 = CARTESIAN_POINT ( 'NONE',  ( 18.36499999999999800, 6.817866684653116900E-015, -4.445000000000021600 ) ) ;
#2904 = AXIS2_PLACEMENT_3D ( 'NONE', #7077, #6515, #511 ) ;
#2905 = EDGE_LOOP ( 'NONE', ( #4647, #2097, #406 ) ) ;
#2906 = FACE_OUTER_BOUND ( 'NONE', #2350, .T. ) ;
#2907 = VECTOR ( 'NONE', #1198, 1000.000000000000000 ) ;
#2908 = DIRECTION ( 'NONE',  ( -1.000000000000000000, 0.0000000000000000000, 0.0000000000000000000 ) ) ;
#2909 = CARTESIAN_POINT ( 'NONE',  ( -1.499999999999995300, 5.400000000000000400, -14.20675425099154600 ) ) ;
#2910 = VERTEX_POINT ( 'NONE', #2944 ) ;
#2911 = PLANE ( 'NONE',  #3151 ) ;
#2912 = CARTESIAN_POINT ( 'NONE',  ( 13.40000000000000400, 7.593379912705469000E-015, -4.445000000000021600 ) ) ;
#2913 = VECTOR ( 'NONE', #1045, 1000.000000000000000 ) ;
#2914 = CARTESIAN_POINT ( 'NONE',  ( 12.34000000000001100, 5.400000000000000400, -9.895000000000004900 ) ) ;
#2915 = DIRECTION ( 'NONE',  ( -1.000000000000000000, 3.025680481354897600E-015, -0.0000000000000000000 ) ) ;
#2916 = EDGE_CURVE ( 'NONE', #4464, #2678, #2258, .T. ) ;
#2917 = PLANE ( 'NONE',  #6161 ) ;
#2918 = DIRECTION ( 'NONE',  ( 0.0000000000000000000, -1.000000000000000000, 0.0000000000000000000 ) ) ;
#2919 = VECTOR ( 'NONE', #1933, 1000.000000000000000 ) ;
#2920 = EDGE_LOOP ( 'NONE', ( #384, #4141, #984, #3304 ) ) ;
#2921 = CARTESIAN_POINT ( 'NONE',  ( 6.550849154917930400, 5.720000000000000600, 11.08207018590736600 ) ) ;
#2922 = ORIENTED_EDGE ( 'NONE', *, *, #5255, .F. ) ;
#2923 = ORIENTED_EDGE ( 'NONE', *, *, #2581, .F. ) ;
#2924 = ORIENTED_EDGE ( 'NONE', *, *, #6788, .T. ) ;
#2925 = ADVANCED_FACE ( 'NONE', ( #1739 ), #4562, .T. ) ;
#2926 = FACE_OUTER_BOUND ( 'NONE', #1541, .T. ) ;
#2927 = CARTESIAN_POINT ( 'NONE',  ( 13.60000000000000700, 0.3000000000000077600, 0.6349999999999784700 ) ) ;
#2928 = CARTESIAN_POINT ( 'NONE',  ( -13.29999999999999700, 5.720000000000000600, -9.205000000000005400 ) ) ;
#2929 = EDGE_LOOP ( 'NONE', ( #4089, #5080, #1123, #4827 ) ) ;
#2930 = CARTESIAN_POINT ( 'NONE',  ( 12.53871931895497700, 0.01310357430005685600, -10.09371931895489600 ) ) ;
#2931 = DIRECTION ( 'NONE',  ( -1.994743669622075200E-015, 0.0000000000000000000, -1.000000000000000000 ) ) ;
#2932 = EDGE_CURVE ( 'NONE', #1733, #5423, #2275, .T. ) ;
#2933 = AXIS2_PLACEMENT_3D ( 'NONE', #4596, #1252, #2982 ) ;
#2934 = ORIENTED_EDGE ( 'NONE', *, *, #685, .T. ) ;
#2935 = ORIENTED_EDGE ( 'NONE', *, *, #5295, .T. ) ;
#2936 = LINE ( 'NONE', #3646, #1120 ) ;
#2937 = DIRECTION ( 'NONE',  ( 0.0000000000000000000, -0.0000000000000000000, -1.000000000000000000 ) ) ;
#2938 = CARTESIAN_POINT ( 'NONE',  ( -4.079999999999998300, 4.683326286608007600, -1.569848563824564300 ) ) ;
#2939 = ORIENTED_EDGE ( 'NONE', *, *, #5637, .T. ) ;
#2940 = EDGE_LOOP ( 'NONE', ( #1152, #878, #7071, #3379 ) ) ;
#2941 = VERTEX_POINT ( 'NONE', #6760 ) ;
#2942 = PLANE ( 'NONE',  #277 ) ;
#2943 = ORIENTED_EDGE ( 'NONE', *, *, #3534, .F. ) ;
#2944 = CARTESIAN_POINT ( 'NONE',  ( -2.220000000000001500, 3.879999999999999000, -15.10628448577629600 ) ) ;
#2945 = VERTEX_POINT ( 'NONE', #743 ) ;
#2946 = VECTOR ( 'NONE', #5700, 1000.000000000000100 ) ;
#2947 = EDGE_CURVE ( 'NONE', #5820, #2488, #5007, .T. ) ;
#2948 = VERTEX_POINT ( 'NONE', #4588 ) ;
#2949 = EDGE_CURVE ( 'NONE', #5887, #2757, #705, .T. ) ;
#2950 = DIRECTION ( 'NONE',  ( -0.0000000000000000000, -1.000000000000000000, -0.0000000000000000000 ) ) ;
#2951 = VERTEX_POINT ( 'NONE', #6290 ) ;
#2952 = CARTESIAN_POINT ( 'NONE',  ( -12.36848664453580100, 4.430000000000000600, -11.09500000000000400 ) ) ;
#2953 = DIRECTION ( 'NONE',  ( 0.0000000000000000000, 1.000000000000000000, 0.0000000000000000000 ) ) ;
#2954 = ORIENTED_EDGE ( 'NONE', *, *, #2877, .T. ) ;
#2955 = LINE ( 'NONE', #2315, #2185 ) ;
#2956 = ORIENTED_EDGE ( 'NONE', *, *, #483, .F. ) ;
#2957 = DIRECTION ( 'NONE',  ( 0.0000000000000000000, -0.0000000000000000000, -1.000000000000000000 ) ) ;
#2958 = AXIS2_PLACEMENT_3D ( 'NONE', #5072, #5028, #2908 ) ;
#2959 = EDGE_CURVE ( 'NONE', #3349, #6815, #2099, .T. ) ;
#2960 = FACE_OUTER_BOUND ( 'NONE', #4727, .T. ) ;
#2961 = DIRECTION ( 'NONE',  ( 0.0000000000000000000, -1.224646799147353200E-016, 1.000000000000000000 ) ) ;
#2962 = VECTOR ( 'NONE', #6688, 1000.000000000000000 ) ;
#2963 = CARTESIAN_POINT ( 'NONE',  ( 13.70000000000000600, 0.2000000000000075600, -4.445000000000021600 ) ) ;
#2964 = DIRECTION ( 'NONE',  ( 1.000000000000000000, 8.572527594031490400E-017, 0.0000000000000000000 ) ) ;
#2965 = AXIS2_PLACEMENT_3D ( 'NONE', #3418, #4988, #5614 ) ;
#2966 = ADVANCED_FACE ( 'NONE', ( #4251 ), #3738, .F. ) ;
#2967 = ORIENTED_EDGE ( 'NONE', *, *, #466, .F. ) ;
#2968 = EDGE_LOOP ( 'NONE', ( #1218, #3187, #1689, #2263 ) ) ;
#2969 = DIRECTION ( 'NONE',  ( 0.0000000000000000000, 0.0000000000000000000, -1.000000000000000000 ) ) ;
#2970 = EDGE_CURVE ( 'NONE', #6635, #6351, #3562, .T. ) ;
#2971 = DIRECTION ( 'NONE',  ( -1.472359708348122600E-030, -4.034240641806527500E-015, 1.000000000000000000 ) ) ;
#2972 = DIRECTION ( 'NONE',  ( -1.000000000000000000, -1.561960177346128800E-016, 0.0000000000000000000 ) ) ;
#2973 = CARTESIAN_POINT ( 'NONE',  ( 12.36848664453580100, 5.720000000000000600, -9.205000000000005400 ) ) ;
#2974 = VERTEX_POINT ( 'NONE', #1846 ) ;
#2975 = DIRECTION ( 'NONE',  ( -1.000000000000000000, 0.0000000000000000000, -5.239278459556230500E-016 ) ) ;
#2976 = AXIS2_PLACEMENT_3D ( 'NONE', #2837, #3992, #47 ) ;
#2977 = CYLINDRICAL_SURFACE ( 'NONE', #3507, 3.415780127642022100 ) ;
#2978 = DIRECTION ( 'NONE',  ( 1.000000000000000000, -0.0000000000000000000, -0.0000000000000000000 ) ) ;
#2979 = CIRCLE ( 'NONE', #1434, 0.5350000000000099100 ) ;
#2980 = CARTESIAN_POINT ( 'NONE',  ( -13.60000000000001400, 5.400000000000000400, -6.895000000000024400 ) ) ;
#2981 = LINE ( 'NONE', #3296, #1496 ) ;
#2982 = DIRECTION ( 'NONE',  ( 0.0000000000000000000, 0.0000000000000000000, 1.000000000000000000 ) ) ;
#2983 = LINE ( 'NONE', #1312, #7041 ) ;
#2984 = LINE ( 'NONE', #6181, #3340 ) ;
#2985 = EDGE_CURVE ( 'NONE', #4905, #20, #1476, .T. ) ;
#2986 = AXIS2_PLACEMENT_3D ( 'NONE', #581, #6567, #1075 ) ;
#2987 = VECTOR ( 'NONE', #5975, 1000.000000000000000 ) ;
#2988 = CARTESIAN_POINT ( 'NONE',  ( -8.673617379884035500E-015, 5.400000000000000400, 60.65107638281947500 ) ) ;
#2989 = CARTESIAN_POINT ( 'NONE',  ( -12.34000000000001200, 5.400000000000000400, 6.901052410065903000 ) ) ;
#2990 = CARTESIAN_POINT ( 'NONE',  ( -16.03250000000000200, 0.2000000000000110900, -1.905000000000022000 ) ) ;
#2991 = VERTEX_POINT ( 'NONE', #6845 ) ;
#2992 = VECTOR ( 'NONE', #5245, 1000.000000000000000 ) ;
#2993 = DIRECTION ( 'NONE',  ( 0.0000000000000000000, 1.000000000000000000, 0.0000000000000000000 ) ) ;
#2994 = VECTOR ( 'NONE', #3017, 1000.000000000000000 ) ;
#2995 = PLANE ( 'NONE',  #2164 ) ;
#2996 = CARTESIAN_POINT ( 'NONE',  ( -13.20271455775133500, 0.4768537514985731800, -6.050855293266276500 ) ) ;
#2997 = DIRECTION ( 'NONE',  ( -0.6956930964556202700, 0.0000000000000000000, -0.7183391368594579400 ) ) ;
#2998 = CARTESIAN_POINT ( 'NONE',  ( 13.59999999999999600, 5.720000000000001500, -9.205000000000005400 ) ) ;
#2999 = DIRECTION ( 'NONE',  ( 0.0000000000000000000, -1.000000000000000000, 0.0000000000000000000 ) ) ;
#3000 = VECTOR ( 'NONE', #4122, 1000.000000000000000 ) ;
#3001 = DIRECTION ( 'NONE',  ( 0.0000000000000000000, -1.000000000000000000, 0.0000000000000000000 ) ) ;
#3002 = CARTESIAN_POINT ( 'NONE',  ( 6.079999999999998300, 4.683326286608007600, -1.569848563824564300 ) ) ;
#3003 = ORIENTED_EDGE ( 'NONE', *, *, #3922, .T. ) ;
#3004 = AXIS2_PLACEMENT_3D ( 'NONE', #6052, #55, #2761 ) ;
#3005 = CIRCLE ( 'NONE', #6719, 0.09999999999999939500 ) ;
#3006 = DIRECTION ( 'NONE',  ( 2.226155176705503000E-015, 1.000000000000000000, 0.0000000000000000000 ) ) ;
#3007 = EDGE_CURVE ( 'NONE', #3686, #4060, #1652, .T. ) ;
#3008 = CARTESIAN_POINT ( 'NONE',  ( -12.82698632376939500, 0.7382520453158493100, -10.86897264753880800 ) ) ;
#3009 = VECTOR ( 'NONE', #6580, 1000.000000000000000 ) ;
#3010 = VERTEX_POINT ( 'NONE', #721 ) ;
#3011 = ORIENTED_EDGE ( 'NONE', *, *, #6130, .F. ) ;
#3012 = DIRECTION ( 'NONE',  ( 0.0000000000000000000, -1.000000000000000000, 0.0000000000000000000 ) ) ;
#3013 = VERTEX_POINT ( 'NONE', #5625 ) ;
#3014 = AXIS2_PLACEMENT_3D ( 'NONE', #1405, #3046, #2483 ) ;
#3015 = CARTESIAN_POINT ( 'NONE',  ( 6.659999999999999300, 5.400000000000000400, -15.30500000000002300 ) ) ;
#3016 = VERTEX_POINT ( 'NONE', #3453 ) ;
#3017 = DIRECTION ( 'NONE',  ( 1.000000000000000000, 1.028143289152397600E-044, -1.472359708348122600E-030 ) ) ;
#3018 = EDGE_CURVE ( 'NONE', #1630, #768, #267, .T. ) ;
#3019 = CYLINDRICAL_SURFACE ( 'NONE', #1076, 1.000000000000000200 ) ;
#3020 = DIRECTION ( 'NONE',  ( 3.469446951953613400E-015, -1.000000000000000000, -2.168404344971008400E-016 ) ) ;
#3021 = FACE_OUTER_BOUND ( 'NONE', #1981, .T. ) ;
#3022 = ORIENTED_EDGE ( 'NONE', *, *, #2496, .T. ) ;
#3023 = EDGE_LOOP ( 'NONE', ( #2859, #6546 ) ) ;
#3024 = CARTESIAN_POINT ( 'NONE',  ( 13.60000000000001000, 1.720000000000000200, -9.205000000000005400 ) ) ;
#3025 = CARTESIAN_POINT ( 'NONE',  ( 12.84000000000000900, 5.400000000000000400, -10.39500000000000300 ) ) ;
#3026 = VERTEX_POINT ( 'NONE', #5841 ) ;
#3027 = ORIENTED_EDGE ( 'NONE', *, *, #6361, .T. ) ;
#3028 = CIRCLE ( 'NONE', #1665, 1.500000000000001300 ) ;
#3029 = VERTEX_POINT ( 'NONE', #6941 ) ;
#3030 = ORIENTED_EDGE ( 'NONE', *, *, #4796, .T. ) ;
#3031 = VERTEX_POINT ( 'NONE', #7043 ) ;
#3032 = EDGE_CURVE ( 'NONE', #4060, #4428, #796, .T. ) ;
#3033 = ORIENTED_EDGE ( 'NONE', *, *, #6103, .F. ) ;
#3034 = VERTEX_POINT ( 'NONE', #4705 ) ;
#3035 = VECTOR ( 'NONE', #3170, 1000.000000000000100 ) ;
#3036 = PLANE ( 'NONE',  #2055 ) ;
#3037 = ORIENTED_EDGE ( 'NONE', *, *, #1666, .F. ) ;
#3038 = DIRECTION ( 'NONE',  ( -1.000000000000000000, 0.0000000000000000000, 0.0000000000000000000 ) ) ;
#3039 = AXIS2_PLACEMENT_3D ( 'NONE', #3156, #4257, #2575 ) ;
#3040 = EDGE_CURVE ( 'NONE', #6062, #2718, #4844, .T. ) ;
#3041 = CYLINDRICAL_SURFACE ( 'NONE', #1844, 0.09999999999999939500 ) ;
#3042 = CARTESIAN_POINT ( 'NONE',  ( 12.59999999999999600, 5.720000000000000600, 7.644999999999995100 ) ) ;
#3043 = CARTESIAN_POINT ( 'NONE',  ( -12.36848664453580100, 5.620000000000001000, -10.89499999999999800 ) ) ;
#3044 = ORIENTED_EDGE ( 'NONE', *, *, #6114, .F. ) ;
#3045 = DIRECTION ( 'NONE',  ( 1.000000000000000000, -0.0000000000000000000, -0.0000000000000000000 ) ) ;
#3046 = DIRECTION ( 'NONE',  ( 1.472359708348122600E-030, -4.034240641806527500E-015, 1.000000000000000000 ) ) ;
#3047 = CIRCLE ( 'NONE', #788, 0.7950000000000101400 ) ;
#3048 = VERTEX_POINT ( 'NONE', #4270 ) ;
#3049 = CARTESIAN_POINT ( 'NONE',  ( -1.499999999999998700, 5.400000000000000400, -13.09081423205049400 ) ) ;
#3050 = PLANE ( 'NONE',  #5083 ) ;
#3051 = EDGE_CURVE ( 'NONE', #1856, #1132, #2872, .T. ) ;
#3052 = CARTESIAN_POINT ( 'NONE',  ( -13.49129207106330800, 1.720000000000000200, 6.760501741057834300 ) ) ;
#3053 = VERTEX_POINT ( 'NONE', #1402 ) ;
#3054 = ORIENTED_EDGE ( 'NONE', *, *, #4172, .T. ) ;
#3055 = AXIS2_PLACEMENT_3D ( 'NONE', #438, #4293, #4842 ) ;
#3056 = LINE ( 'NONE', #2468, #3842 ) ;
#3057 = LINE ( 'NONE', #5574, #4443 ) ;
#3058 = DIRECTION ( 'NONE',  ( 3.025680481354897600E-015, -1.000000000000000000, 0.0000000000000000000 ) ) ;
#3059 = FACE_BOUND ( 'NONE', #439, .T. ) ;
#3060 = DIRECTION ( 'NONE',  ( 0.0000000000000000000, 0.0000000000000000000, -1.000000000000000000 ) ) ;
#3061 = CARTESIAN_POINT ( 'NONE',  ( -13.12552557494708900, 0.3679278726158324900, -6.002434148484501200 ) ) ;
#3062 = CARTESIAN_POINT ( 'NONE',  ( -6.747374629565455500, 5.720000000000000600, 11.09499999999999900 ) ) ;
#3063 = ORIENTED_EDGE ( 'NONE', *, *, #1722, .T. ) ;
#3064 = FACE_OUTER_BOUND ( 'NONE', #100, .T. ) ;
#3065 = EDGE_CURVE ( 'NONE', #1131, #4487, #2627, .T. ) ;
#3066 = LINE ( 'NONE', #2586, #6084 ) ;
#3067 = ADVANCED_FACE ( 'NONE', ( #3311 ), #3041, .F. ) ;
#3068 = CARTESIAN_POINT ( 'NONE',  ( 6.659999999999999300, 3.879999999999999900, 11.24304453225984800 ) ) ;
#3070 = CARTESIAN_POINT ( 'NONE',  ( 13.12550431994484700, 0.3679000465444460800, -7.787578826125398200 ) ) ;
#3069 = AXIS2_PLACEMENT_3D ( 'NONE', #5043, #5672, #157 ) ;
#3071 = AXIS2_PLACEMENT_3D ( 'NONE', #5337, #3122, #5919 ) ;
#3072 = DIRECTION ( 'NONE',  ( -1.363460477434492400E-016, 0.0000000000000000000, 1.000000000000000000 ) ) ;
#3073 = DIRECTION ( 'NONE',  ( -1.000000000000000000, -0.0000000000000000000, -0.0000000000000000000 ) ) ;
#3074 = EDGE_LOOP ( 'NONE', ( #6819, #3194, #1614, #3527 ) ) ;
#3075 = ORIENTED_EDGE ( 'NONE', *, *, #5743, .F. ) ;
#3076 = FACE_OUTER_BOUND ( 'NONE', #6996, .T. ) ;
#3077 = DIRECTION ( 'NONE',  ( 0.0000000000000000000, 0.0000000000000000000, 1.000000000000000000 ) ) ;
#3078 = CARTESIAN_POINT ( 'NONE',  ( -8.673617379884035500E-015, 5.400000000000000400, 60.65107638281947500 ) ) ;
#3079 = LINE ( 'NONE', #6682, #304 ) ;
#3080 = EDGE_CURVE ( 'NONE', #240, #2168, #3913, .T. ) ;
#3081 = EDGE_CURVE ( 'NONE', #6635, #5139, #5698, .T. ) ;
#3082 = ORIENTED_EDGE ( 'NONE', *, *, #2704, .F. ) ;
#3083 = CARTESIAN_POINT ( 'NONE',  ( -13.70000000000000600, 7.546521107385085500E-015, -4.445000000000021600 ) ) ;
#3084 = CARTESIAN_POINT ( 'NONE',  ( -12.34000000000001200, 1.084202172485504400E-016, -9.895000000000008500 ) ) ;
#3085 = DIRECTION ( 'NONE',  ( 0.0000000000000000000, 0.0000000000000000000, 1.000000000000000000 ) ) ;
#3086 = LINE ( 'NONE', #3268, #4528 ) ;
#3087 =( LENGTH_UNIT ( ) NAMED_UNIT ( * ) SI_UNIT ( .MILLI., .METRE. ) );
#3088 = DIRECTION ( 'NONE',  ( 0.0000000000000000000, -1.000000000000000000, 0.0000000000000000000 ) ) ;
#3089 = CARTESIAN_POINT ( 'NONE',  ( 2.500000000000001800, 0.0000000000000000000, -12.73519967498293700 ) ) ;
#3090 = LINE ( 'NONE', #2421, #3355 ) ;
#3091 = DIRECTION ( 'NONE',  ( -1.000000000000000000, 0.0000000000000000000, 0.0000000000000000000 ) ) ;
#3092 = DIRECTION ( 'NONE',  ( 1.000000000000000000, -3.025680481354897600E-015, -0.0000000000000000000 ) ) ;
#3093 = AXIS2_PLACEMENT_3D ( 'NONE', #2594, #7003, #7029 ) ;
#3094 = EDGE_LOOP ( 'NONE', ( #3747, #7001, #1554, #3874 ) ) ;
#3095 = EDGE_CURVE ( 'NONE', #6885, #1209, #90, .T. ) ;
#3096 = CARTESIAN_POINT ( 'NONE',  ( 13.60000000000001000, 5.400000000000000400, -6.895000000000020900 ) ) ;
#3097 = CARTESIAN_POINT ( 'NONE',  ( 12.46750651338675600, 6.776263578034404300E-018, -8.120027317937180900 ) ) ;
#3098 = VERTEX_POINT ( 'NONE', #411 ) ;
#3099 = ORIENTED_EDGE ( 'NONE', *, *, #2046, .T. ) ;
#3100 = ORIENTED_EDGE ( 'NONE', *, *, #888, .F. ) ;
#3101 = CARTESIAN_POINT ( 'NONE',  ( -5.079999999999996500, 5.720000000000000600, -3.247895313489022900 ) ) ;
#3102 = ORIENTED_EDGE ( 'NONE', *, *, #3794, .F. ) ;
#3103 = AXIS2_PLACEMENT_3D ( 'NONE', #6528, #5454, #1522 ) ;
#3104 = VECTOR ( 'NONE', #53, 1000.000000000000000 ) ;
#3105 = ADVANCED_FACE ( 'NONE', ( #622 ), #6993, .F. ) ;
#3106 = EDGE_CURVE ( 'NONE', #4543, #5579, #1145, .T. ) ;
#3107 = VERTEX_POINT ( 'NONE', #5359 ) ;
#3108 = ORIENTED_EDGE ( 'NONE', *, *, #6839, .T. ) ;
#3109 = CARTESIAN_POINT ( 'NONE',  ( 13.60000000000001000, 3.420000000000027500, -6.895000000000020900 ) ) ;
#3110 = DIRECTION ( 'NONE',  ( 0.0000000000000000000, 0.0000000000000000000, 1.000000000000000000 ) ) ;
#3111 = CARTESIAN_POINT ( 'NONE',  ( -9.991930185743171900, 5.720000000000000600, -9.205000000000007200 ) ) ;
#3112 = ADVANCED_FACE ( 'NONE', ( #369 ), #6413, .F. ) ;
#3113 = EDGE_LOOP ( 'NONE', ( #544, #1840, #124, #2773 ) ) ;
#3114 = CARTESIAN_POINT ( 'NONE',  ( -12.59999999999999600, 5.919999999999999900, 6.544999999999995500 ) ) ;
#3115 = ORIENTED_EDGE ( 'NONE', *, *, #4942, .F. ) ;
#3116 = VECTOR ( 'NONE', #1505, 1000.000000000000000 ) ;
#3117 = ORIENTED_EDGE ( 'NONE', *, *, #1491, .T. ) ;
#3118 = DIRECTION ( 'NONE',  ( 0.0000000000000000000, -1.000000000000000000, 0.0000000000000000000 ) ) ;
#3119 = DIRECTION ( 'NONE',  ( 0.0000000000000000000, 0.0000000000000000000, -1.000000000000000000 ) ) ;
#3120 = ORIENTED_EDGE ( 'NONE', *, *, #1916, .F. ) ;
#3121 = EDGE_CURVE ( 'NONE', #2451, #7178, #2437, .T. ) ;
#3122 = DIRECTION ( 'NONE',  ( -1.000000000000000000, 0.0000000000000000000, -0.0000000000000000000 ) ) ;
#3123 = ORIENTED_EDGE ( 'NONE', *, *, #2662, .F. ) ;
#3124 = DIRECTION ( 'NONE',  ( 0.0000000000000000000, 0.0000000000000000000, -1.000000000000000000 ) ) ;
#3125 = ORIENTED_EDGE ( 'NONE', *, *, #1847, .F. ) ;
#3126 = ADVANCED_FACE ( 'NONE', ( #2016 ), #6061, .T. ) ;
#3127 = CYLINDRICAL_SURFACE ( 'NONE', #4484, 11.50000000000000000 ) ;
#3128 = EDGE_LOOP ( 'NONE', ( #1040, #2269, #238, #616 ) ) ;
#3129 = EDGE_LOOP ( 'NONE', ( #2424, #6919, #3397, #1443 ) ) ;
#3130 = PLANE ( 'NONE',  #2640 ) ;
#3131 = DIRECTION ( 'NONE',  ( -3.491481338843133400E-015, 1.000000000000000000, -3.845558504397534600E-031 ) ) ;
#3132 = ORIENTED_EDGE ( 'NONE', *, *, #444, .T. ) ;
#3133 = DIRECTION ( 'NONE',  ( -0.0000000000000000000, -0.0000000000000000000, 1.000000000000000000 ) ) ;
#3134 = DIRECTION ( 'NONE',  ( 0.0000000000000000000, 1.000000000000000000, 0.0000000000000000000 ) ) ;
#3135 = LINE ( 'NONE', #3884, #4924 ) ;
#3136 = EDGE_CURVE ( 'NONE', #7148, #4470, #6492, .T. ) ;
#3137 = VERTEX_POINT ( 'NONE', #5896 ) ;
#3138 = LINE ( 'NONE', #3786, #4076 ) ;
#3139 = CARTESIAN_POINT ( 'NONE',  ( 12.36848664453580100, 5.720000000000000600, -11.09499999999999900 ) ) ;
#3140 = EDGE_LOOP ( 'NONE', ( #2479, #3143, #4236, #3293 ) ) ;
#3141 = DIRECTION ( 'NONE',  ( -1.000000000000000000, 3.025680481354897600E-015, 0.0000000000000000000 ) ) ;
#3142 = PLANE ( 'NONE',  #5779 ) ;
#3143 = ORIENTED_EDGE ( 'NONE', *, *, #2593, .F. ) ;
#3144 = ORIENTED_EDGE ( 'NONE', *, *, #4376, .T. ) ;
#3145 = ORIENTED_EDGE ( 'NONE', *, *, #742, .F. ) ;
#3146 = DIRECTION ( 'NONE',  ( -0.0000000000000000000, -0.0000000000000000000, -1.000000000000000000 ) ) ;
#3147 = ADVANCED_FACE ( 'NONE', ( #3394 ), #1915, .F. ) ;
#3148 = CARTESIAN_POINT ( 'NONE',  ( -4.054999999999997900, 5.919999999999999900, -1.530520863929464100 ) ) ;
#3149 = ADVANCED_FACE ( 'NONE', ( #455 ), #5877, .T. ) ;
#3150 = CARTESIAN_POINT ( 'NONE',  ( 4.054999999999997900, 5.919999999999999900, 3.927862566056165200 ) ) ;
#3151 = AXIS2_PLACEMENT_3D ( 'NONE', #3377, #1785, #6157 ) ;
#3152 = ORIENTED_EDGE ( 'NONE', *, *, #1500, .T. ) ;
#3153 = PLANE ( 'NONE',  #5461 ) ;
#3154 = DIRECTION ( 'NONE',  ( 0.0000000000000000000, 0.0000000000000000000, 1.000000000000000000 ) ) ;
#3155 = EDGE_CURVE ( 'NONE', #6883, #6351, #4927, .T. ) ;
#3156 = CARTESIAN_POINT ( 'NONE',  ( -8.673617379884035500E-015, 1.000000000000000000, 9.796194863093500500 ) ) ;
#3157 = COLOUR_RGB ( '',0.7921568627450980000, 0.8196078431372548800, 0.9333333333333333500 ) ;
#3158 = CARTESIAN_POINT ( 'NONE',  ( -8.673617379884035500E-015, 5.400000000000000400, 60.65107638281947500 ) ) ;
#3159 = ADVANCED_FACE ( 'NONE', ( #4751 ), #6015, .F. ) ;
#3160 = FACE_OUTER_BOUND ( 'NONE', #4481, .T. ) ;
#3161 = VECTOR ( 'NONE', #3320, 1000.000000000000000 ) ;
#3162 = LINE ( 'NONE', #5397, #6257 ) ;
#3163 = AXIS2_PLACEMENT_3D ( 'NONE', #4753, #298, #6385 ) ;
#3164 = CARTESIAN_POINT ( 'NONE',  ( 12.34000000000001100, 5.400000000000000400, -8.173446322690198300 ) ) ;
#3165 = PLANE ( 'NONE',  #2570 ) ;
#3166 = CYLINDRICAL_SURFACE ( 'NONE', #4629, 1.500000000000001300 ) ;
#3167 = FACE_OUTER_BOUND ( 'NONE', #4628, .T. ) ;
#3168 = FACE_OUTER_BOUND ( 'NONE', #67, .T. ) ;
#3169 = DIRECTION ( 'NONE',  ( -0.0000000000000000000, -0.0000000000000000000, 1.000000000000000000 ) ) ;
#3170 = DIRECTION ( 'NONE',  ( 0.5832407619048173300, 0.0000000000000000000, 0.8122993374690687900 ) ) ;
#3171 = ORIENTED_EDGE ( 'NONE', *, *, #2567, .F. ) ;
#3172 = VECTOR ( 'NONE', #5371, 1000.000000000000000 ) ;
#3173 = EDGE_CURVE ( 'NONE', #4092, #2488, #3138, .T. ) ;
#3174 = PLANE ( 'NONE',  #6774 ) ;
#3175 = VECTOR ( 'NONE', #772, 1000.000000000000100 ) ;
#3176 = DIRECTION ( 'NONE',  ( -1.000000000000000000, 0.0000000000000000000, 0.0000000000000000000 ) ) ;
#3177 = CARTESIAN_POINT ( 'NONE',  ( -12.84000000000001100, 5.400000000000000400, -10.89500000000000700 ) ) ;
#3178 = LINE ( 'NONE', #2998, #1515 ) ;
#3179 = ADVANCED_FACE ( 'NONE', ( #184 ), #1826, .T. ) ;
#3180 = AXIS2_PLACEMENT_3D ( 'NONE', #982, #7039, #3739 ) ;
#3181 = EDGE_LOOP ( 'NONE', ( #6043, #2272, #1572, #6691 ) ) ;
#3182 = FACE_OUTER_BOUND ( 'NONE', #5932, .T. ) ;
#3183 = DIRECTION ( 'NONE',  ( 0.0000000000000000000, -1.000000000000000000, 0.0000000000000000000 ) ) ;
#3184 = DIRECTION ( 'NONE',  ( 3.705389916733898200E-031, 1.224646799147353200E-016, -1.000000000000000000 ) ) ;
#3185 = DIRECTION ( 'NONE',  ( 0.0000000000000000000, 0.0000000000000000000, -1.000000000000000000 ) ) ;
#3186 = VECTOR ( 'NONE', #4407, 1000.000000000000000 ) ;
#3187 = ORIENTED_EDGE ( 'NONE', *, *, #5960, .T. ) ;
#3188 = DIRECTION ( 'NONE',  ( 0.0000000000000000000, 0.0000000000000000000, -1.000000000000000000 ) ) ;
#3189 = DIRECTION ( 'NONE',  ( -1.000000000000000000, -3.614007241618327900E-015, 3.180326372624129100E-014 ) ) ;
#3190 = ADVANCED_FACE ( 'NONE', ( #2960 ), #5474, .T. ) ;
#3191 = ORIENTED_EDGE ( 'NONE', *, *, #536, .F. ) ;
#3192 = EDGE_CURVE ( 'NONE', #7148, #4412, #4, .T. ) ;
#3193 = ORIENTED_EDGE ( 'NONE', *, *, #1210, .F. ) ;
#3194 = ORIENTED_EDGE ( 'NONE', *, *, #6215, .T. ) ;
#3195 = CIRCLE ( 'NONE', #2413, 50.85488151972597800 ) ;
#3196 = DIRECTION ( 'NONE',  ( 0.0000000000000000000, -1.000000000000000000, 0.0000000000000000000 ) ) ;
#3197 = VECTOR ( 'NONE', #2220, 1000.000000000000000 ) ;
#3198 = ORIENTED_EDGE ( 'NONE', *, *, #5831, .T. ) ;
#3199 = ORIENTED_EDGE ( 'NONE', *, *, #196, .F. ) ;
#3200 = AXIS2_PLACEMENT_3D ( 'NONE', #918, #1980, #4248 ) ;
#3201 = EDGE_LOOP ( 'NONE', ( #1197, #2086, #3661, #629 ) ) ;
#3202 = ORIENTED_EDGE ( 'NONE', *, *, #1158, .T. ) ;
#3203 = VECTOR ( 'NONE', #6143, 1000.000000000000000 ) ;
#3204 = EDGE_LOOP ( 'NONE', ( #949, #2137, #5864, #3779 ) ) ;
#3205 = ORIENTED_EDGE ( 'NONE', *, *, #4019, .T. ) ;
#3206 = CARTESIAN_POINT ( 'NONE',  ( 2.500000000000002200, 1.000000000000000000, -12.73519967498293700 ) ) ;
#3207 = ORIENTED_EDGE ( 'NONE', *, *, #4423, .T. ) ;
#3208 = VERTEX_POINT ( 'NONE', #4337 ) ;
#3209 = CYLINDRICAL_SURFACE ( 'NONE', #6986, 1.500000000000003100 ) ;
#3210 = DIRECTION ( 'NONE',  ( 0.7183391368594560500, 0.0000000000000000000, -0.6956930964556222700 ) ) ;
#3211 = EDGE_CURVE ( 'NONE', #3722, #6549, #1216, .T. ) ;
#3212 = VERTEX_POINT ( 'NONE', #6582 ) ;
#3213 = EDGE_CURVE ( 'NONE', #2637, #6635, #2618, .T. ) ;
#3214 = AXIS2_PLACEMENT_3D ( 'NONE', #871, #3091, #4196 ) ;
#3215 = DIRECTION ( 'NONE',  ( 0.0000000000000000000, -1.000000000000000000, 0.0000000000000000000 ) ) ;
#3216 = ADVANCED_FACE ( 'NONE', ( #6917 ), #1602, .T. ) ;
#3217 = B_SPLINE_CURVE_WITH_KNOTS ( 'NONE', 3,
 ( #2246, #1730, #2404, #4581, #4040, #737, #6261, #1254 ),
 .UNSPECIFIED., .F., .F.,
 ( 4, 2, 2, 4 ),
 ( -7.127729735669321600E-006, 0.0008187910727248114400, 0.001231750473955051800, 0.001644709875185292400 ),
 .UNSPECIFIED. ) ;
#3218 = DIRECTION ( 'NONE',  ( 0.0000000000000000000, 0.0000000000000000000, -1.000000000000000000 ) ) ;
#3219 = VECTOR ( 'NONE', #6778, 1000.000000000000000 ) ;
#3220 = DIRECTION ( 'NONE',  ( 1.000000000000000000, 0.0000000000000000000, 0.0000000000000000000 ) ) ;
#3221 = CARTESIAN_POINT ( 'NONE',  ( -13.33592814371258900, 3.420000000000028400, -6.895000000000020900 ) ) ;
#3222 = ORIENTED_EDGE ( 'NONE', *, *, #5239, .T. ) ;
#3223 = DIRECTION ( 'NONE',  ( 0.0000000000000000000, 0.0000000000000000000, -1.000000000000000000 ) ) ;
#3224 = DIRECTION ( 'NONE',  ( -1.000000000000000000, 0.0000000000000000000, 0.0000000000000000000 ) ) ;
#3225 = EDGE_CURVE ( 'NONE', #2175, #6326, #361, .T. ) ;
#3226 = LINE ( 'NONE', #7155, #6921 ) ;
#3227 = AXIS2_PLACEMENT_3D ( 'NONE', #3325, #6636, #2208 ) ;
#3228 = CARTESIAN_POINT ( 'NONE',  ( 13.81844900620360400, 0.9999999999999995600, 8.960138857142753800 ) ) ;
#3229 = ORIENTED_EDGE ( 'NONE', *, *, #4901, .F. ) ;
#3230 = ORIENTED_EDGE ( 'NONE', *, *, #2807, .T. ) ;
#3231 = ADVANCED_FACE ( 'NONE', ( #5521, #3826 ), #7161, .F. ) ;
#3232 = CIRCLE ( 'NONE', #174, 0.09999999999999982500 ) ;
#3233 = DIRECTION ( 'NONE',  ( -3.025680481354897600E-015, 1.000000000000000000, 0.0000000000000000000 ) ) ;
#3234 = ORIENTED_EDGE ( 'NONE', *, *, #6258, .F. ) ;
#3235 = VERTEX_POINT ( 'NONE', #5429 ) ;
#3236 = AXIS2_PLACEMENT_3D ( 'NONE', #2005, #3110, #6961 ) ;
#3237 = CARTESIAN_POINT ( 'NONE',  ( -14.79703923862027700, 5.620000000000002800, 8.025084503675147500 ) ) ;
#3238 = EDGE_CURVE ( 'NONE', #866, #6914, #1820, .T. ) ;
#3239 = DIRECTION ( 'NONE',  ( -1.000000000000000000, 3.649657616083114900E-016, 0.0000000000000000000 ) ) ;
#3240 = VECTOR ( 'NONE', #1966, 1000.000000000000000 ) ;
#3241 = CIRCLE ( 'NONE', #4414, 1.145000000000000200 ) ;
#3242 = DIRECTION ( 'NONE',  ( 0.7183391368594579400, 0.0000000000000000000, -0.6956930964556202700 ) ) ;
#3243 = FACE_OUTER_BOUND ( 'NONE', #2713, .T. ) ;
#3244 = PLANE ( 'NONE',  #3966 ) ;
#3245 = DIRECTION ( 'NONE',  ( -1.000000000000000000, -3.025680481354897600E-015, 0.0000000000000000000 ) ) ;
#3246 = EDGE_CURVE ( 'NONE', #5656, #1189, #5436, .T. ) ;
#3247 = EDGE_CURVE ( 'NONE', #2434, #1546, #4070, .T. ) ;
#3248 = ORIENTED_EDGE ( 'NONE', *, *, #3867, .T. ) ;
#3249 = FACE_OUTER_BOUND ( 'NONE', #5536, .T. ) ;
#3250 = LINE ( 'NONE', #74, #3417 ) ;
#3251 = CARTESIAN_POINT ( 'NONE',  ( 13.63043069035443200, -0.4131883529488403800, 6.616833913685942600 ) ) ;
#3252 = ADVANCED_FACE ( 'NONE', ( #6735, #1377, #1137 ), #1188, .T. ) ;
#3253 = EDGE_LOOP ( 'NONE', ( #1108, #1661, #3583, #5179 ) ) ;
#3254 = VECTOR ( 'NONE', #6184, 1000.000000000000000 ) ;
#3255 = FACE_OUTER_BOUND ( 'NONE', #4636, .T. ) ;
#3256 = CARTESIAN_POINT ( 'NONE',  ( -8.673617379884035500E-015, 5.200000000000001100, 9.796194863093500500 ) ) ;
#3257 = EDGE_CURVE ( 'NONE', #5178, #6034, #4570, .T. ) ;
#3258 = AXIS2_PLACEMENT_3D ( 'NONE', #3025, #263, #2957 ) ;
#3259 = DIRECTION ( 'NONE',  ( -0.0000000000000000000, 1.000000000000000000, -0.0000000000000000000 ) ) ;
#3260 = CARTESIAN_POINT ( 'NONE',  ( 6.659999999999999300, 5.400000000000000400, -15.30500000000002300 ) ) ;
#3261 = CARTESIAN_POINT ( 'NONE',  ( -13.60000000000001400, 5.400000000000000400, -6.895000000000024400 ) ) ;
#3262 = VERTEX_POINT ( 'NONE', #2222 ) ;
#3263 = FACE_OUTER_BOUND ( 'NONE', #187, .T. ) ;
#3264 = CARTESIAN_POINT ( 'NONE',  ( 13.60000000000000700, 0.3000000000000077600, 0.6349999999999784700 ) ) ;
#3265 = ADVANCED_FACE ( 'NONE', ( #5351 ), #180, .T. ) ;
#3266 = DIRECTION ( 'NONE',  ( 0.0000000000000000000, 0.0000000000000000000, 1.000000000000000000 ) ) ;
#3267 = EDGE_CURVE ( 'NONE', #2195, #5290, #5257, .T. ) ;
#3268 = CARTESIAN_POINT ( 'NONE',  ( -12.59999999999999600, 5.919999999999999900, 7.644999999999995100 ) ) ;
#3269 = CARTESIAN_POINT ( 'NONE',  ( -13.34000000000001100, 1.000000000000000000, -6.143717762754916700 ) ) ;
#3270 = ORIENTED_EDGE ( 'NONE', *, *, #6332, .T. ) ;
#3271 = ORIENTED_EDGE ( 'NONE', *, *, #6796, .F. ) ;
#3272 = CIRCLE ( 'NONE', #3093, 12.50000000000000000 ) ;
#3273 = CARTESIAN_POINT ( 'NONE',  ( -6.079999999999998300, 4.383326286608009600, -1.569848563824564300 ) ) ;
#3274 = PRODUCT_CONTEXT ( 'NONE', #7172, 'mechanical' ) ;
#3275 = ORIENTED_EDGE ( 'NONE', *, *, #6956, .F. ) ;
#3276 = ORIENTED_EDGE ( 'NONE', *, *, #3931, .F. ) ;
#3277 = AXIS2_PLACEMENT_3D ( 'NONE', #1047, #2115, #5982 ) ;
#3278 = EDGE_LOOP ( 'NONE', ( #5516, #6987, #5601, #5418 ) ) ;
#3279 = ORIENTED_EDGE ( 'NONE', *, *, #4599, .T. ) ;
#3280 = LINE ( 'NONE', #3426, #4975 ) ;
#3281 = CARTESIAN_POINT ( 'NONE',  ( -2.500000000000000000, 3.000000000000000000, 9.577435161073747600 ) ) ;
#3282 = EDGE_LOOP ( 'NONE', ( #3540, #3193, #3829, #1455 ) ) ;
#3283 = CARTESIAN_POINT ( 'NONE',  ( -8.673617379884035500E-015, 5.200000000000001100, 60.65107638281947500 ) ) ;
#3284 = DIRECTION ( 'NONE',  ( -0.0000000000000000000, -0.0000000000000000000, 1.000000000000000000 ) ) ;
#3285 = ORIENTED_EDGE ( 'NONE', *, *, #7055, .T. ) ;
#3286 = DIRECTION ( 'NONE',  ( 0.0000000000000000000, -1.000000000000000000, 0.0000000000000000000 ) ) ;
#3287 = LINE ( 'NONE', #6424, #2770 ) ;
#3288 = CARTESIAN_POINT ( 'NONE',  ( -9.991930185743171900, 5.719999999999999800, -10.79499999999999800 ) ) ;
#3289 = EDGE_CURVE ( 'NONE', #3053, #255, #3556, .T. ) ;
#3290 = EDGE_CURVE ( 'NONE', #3098, #2074, #4418, .T. ) ;
#3291 = ORIENTED_EDGE ( 'NONE', *, *, #1601, .T. ) ;
#3292 = ORIENTED_EDGE ( 'NONE', *, *, #655, .F. ) ;
#3293 = ORIENTED_EDGE ( 'NONE', *, *, #3081, .T. ) ;
#3294 = CARTESIAN_POINT ( 'NONE',  ( 12.84000000000001100, 5.400000000000000400, -10.89500000000000300 ) ) ;
#3295 = DIRECTION ( 'NONE',  ( 0.0000000000000000000, 0.0000000000000000000, 1.000000000000000000 ) ) ;
#3296 = CARTESIAN_POINT ( 'NONE',  ( 2.219999999999998900, 3.879999999999999900, -15.30500000000002300 ) ) ;
#3297 = ORIENTED_EDGE ( 'NONE', *, *, #6046, .T. ) ;
#3298 = DIRECTION ( 'NONE',  ( 0.0000000000000000000, 1.000000000000000000, 0.0000000000000000000 ) ) ;
#3299 = CARTESIAN_POINT ( 'NONE',  ( 1.987236715034471000E-015, 0.0000000000000000000, -1.905000000000022900 ) ) ;
#3300 = ORIENTED_EDGE ( 'NONE', *, *, #828, .F. ) ;
#3301 = FACE_OUTER_BOUND ( 'NONE', #1286, .T. ) ;
#3302 = ORIENTED_EDGE ( 'NONE', *, *, #5908, .T. ) ;
#3303 = AXIS2_PLACEMENT_3D ( 'NONE', #6218, #2918, #181 ) ;
#3304 = ORIENTED_EDGE ( 'NONE', *, *, #2485, .F. ) ;
#3305 = ORIENTED_EDGE ( 'NONE', *, *, #645, .F. ) ;
#3306 = VECTOR ( 'NONE', #4433, 1000.000000000000000 ) ;
#3307 = DIRECTION ( 'NONE',  ( 0.7183391368594559400, 0.0000000000000000000, -0.6956930964556222700 ) ) ;
#3308 = ORIENTED_EDGE ( 'NONE', *, *, #1656, .T. ) ;
#3309 = DIRECTION ( 'NONE',  ( -0.5832407619048182200, 0.0000000000000000000, 0.8122993374690682400 ) ) ;
#3310 = DIRECTION ( 'NONE',  ( 0.0000000000000000000, -1.000000000000000000, 0.0000000000000000000 ) ) ;
#3311 = FACE_OUTER_BOUND ( 'NONE', #3253, .T. ) ;
#3312 = EDGE_CURVE ( 'NONE', #2941, #1472, #2955, .T. ) ;
#3313 = AXIS2_PLACEMENT_3D ( 'NONE', #6293, #1322, #3551 ) ;
#3314 = AXIS2_PLACEMENT_3D ( 'NONE', #1867, #220, #1767 ) ;
#3315 = ORIENTED_EDGE ( 'NONE', *, *, #1687, .T. ) ;
#3316 = DIRECTION ( 'NONE',  ( -1.000000000000000000, 0.0000000000000000000, 0.0000000000000000000 ) ) ;
#3317 = CARTESIAN_POINT ( 'NONE',  ( -2.220000000000002400, 5.399999999999999500, -14.08868734058155400 ) ) ;
#3318 = DIRECTION ( 'NONE',  ( 1.000000000000000000, 0.0000000000000000000, -0.0000000000000000000 ) ) ;
#3319 = TOROIDAL_SURFACE ( 'NONE', #4597, 50.85488151972597800, 1.000000000000000000 ) ;
#3320 = DIRECTION ( 'NONE',  ( 0.0000000000000000000, 1.000000000000000000, 4.034240641806527500E-015 ) ) ;
#3321 = ORIENTED_EDGE ( 'NONE', *, *, #3312, .F. ) ;
#3322 = ORIENTED_EDGE ( 'NONE', *, *, #5743, .T. ) ;
#3323 = DIRECTION ( 'NONE',  ( 0.0000000000000000000, 1.000000000000000000, 0.0000000000000000000 ) ) ;
#3324 = ORIENTED_EDGE ( 'NONE', *, *, #7035, .F. ) ;
#3325 = CARTESIAN_POINT ( 'NONE',  ( 6.747374629565455500, 5.919999999999999900, 9.594999999999997100 ) ) ;
#3326 = DIRECTION ( 'NONE',  ( -1.000000000000000000, -2.981555974335129700E-015, 0.0000000000000000000 ) ) ;
#3327 = EDGE_CURVE ( 'NONE', #3447, #5764, #3135, .T. ) ;
#3328 = EDGE_CURVE ( 'NONE', #6817, #6646, #702, .T. ) ;
#3329 = ORIENTED_EDGE ( 'NONE', *, *, #5152, .F. ) ;
#3330 = CARTESIAN_POINT ( 'NONE',  ( 13.40000000000001300, 2.640753569145180000, -6.895000000000020900 ) ) ;
#3331 = CARTESIAN_POINT ( 'NONE',  ( 12.36848664453580100, 4.430000000000000600, -11.09500000000000400 ) ) ;
#3332 = AXIS2_PLACEMENT_3D ( 'NONE', #5114, #1741, #5584 ) ;
#3333 = CIRCLE ( 'NONE', #491, 0.6859235050039693700 ) ;
#3334 = FACE_OUTER_BOUND ( 'NONE', #4025, .T. ) ;
#3335 = CARTESIAN_POINT ( 'NONE',  ( 6.659999999999999300, 3.879999999999999900, -15.30500000000002300 ) ) ;
#3336 = VECTOR ( 'NONE', #6599, 1000.000000000000000 ) ;
#3337 = CARTESIAN_POINT ( 'NONE',  ( -13.60000000000001000, 3.420000000000027500, -6.895000000000020900 ) ) ;
#3338 = CARTESIAN_POINT ( 'NONE',  ( -13.50000000000001400, 2.792923449649105100, -6.895000000000020900 ) ) ;
#3339 = VECTOR ( 'NONE', #853, 1000.000000000000000 ) ;
#3340 = VECTOR ( 'NONE', #5009, 1000.000000000000000 ) ;
#3341 = CARTESIAN_POINT ( 'NONE',  ( 4.079999999999998300, 4.583326286608009800, -3.247895313489022500 ) ) ;
#3342 = VECTOR ( 'NONE', #1176, 1000.000000000000000 ) ;
#3343 = AXIS2_PLACEMENT_3D ( 'NONE', #6727, #3492, #1838 ) ;
#3344 =( NAMED_UNIT ( * ) SI_UNIT ( $, .STERADIAN. ) SOLID_ANGLE_UNIT ( ) );
#3345 = CARTESIAN_POINT ( 'NONE',  ( -12.36848664453580100, 4.430000000000000600, -11.09500000000000400 ) ) ;
#3346 = CARTESIAN_POINT ( 'NONE',  ( -1.500000000000000000, 5.200000000000001100, 9.280814232050447600 ) ) ;
#3347 = EDGE_CURVE ( 'NONE', #6717, #5148, #1287, .T. ) ;
#3348 = ORIENTED_EDGE ( 'NONE', *, *, #5005, .F. ) ;
#3349 = VERTEX_POINT ( 'NONE', #3977 ) ;
#3350 = VECTOR ( 'NONE', #2450, 1000.000000000000000 ) ;
#3351 = ORIENTED_EDGE ( 'NONE', *, *, #3954, .F. ) ;
#3352 = CARTESIAN_POINT ( 'NONE',  ( -1.734723475976806700E-015, 0.0000000000000000000, -14.30500000000002300 ) ) ;
#3353 = AXIS2_PLACEMENT_3D ( 'NONE', #2461, #1957, #751 ) ;
#3354 = CARTESIAN_POINT ( 'NONE',  ( 2.220000000000003300, 5.400000000000000400, -15.30500000000002300 ) ) ;
#3355 = VECTOR ( 'NONE', #2486, 1000.000000000000100 ) ;
#3356 = AXIS2_PLACEMENT_3D ( 'NONE', #1724, #3972, #5563 ) ;
#3357 = CARTESIAN_POINT ( 'NONE',  ( -12.34000000000001100, 1.000000000000000000, -9.895000000000008500 ) ) ;
#3358 = CARTESIAN_POINT ( 'NONE',  ( -11.99833690602219400, 1.000000000000001800, 12.26152045557933700 ) ) ;
#3359 = ORIENTED_EDGE ( 'NONE', *, *, #2750, .F. ) ;
#3360 = DIRECTION ( 'NONE',  ( -1.000000000000000000, 0.0000000000000000000, 0.0000000000000000000 ) ) ;
#3361 = CARTESIAN_POINT ( 'NONE',  ( 13.49129207106330600, -0.4131883529488403800, 6.760501741057831600 ) ) ;
#3362 = FACE_OUTER_BOUND ( 'NONE', #6829, .T. ) ;
#3363 = CARTESIAN_POINT ( 'NONE',  ( -13.34000000000001100, 5.400000000000000400, -6.143717762754916700 ) ) ;
#3364 = ORIENTED_EDGE ( 'NONE', *, *, #7119, .F. ) ;
#3365 = EDGE_CURVE ( 'NONE', #2804, #3725, #5165, .T. ) ;
#3366 = FACE_OUTER_BOUND ( 'NONE', #3074, .T. ) ;
#3367 =( NAMED_UNIT ( * ) SI_UNIT ( $, .STERADIAN. ) SOLID_ANGLE_UNIT ( ) );
#3368 = CARTESIAN_POINT ( 'NONE',  ( -5.079999999999996500, 5.720000000000000600, -3.247895313489022900 ) ) ;
#3369 = EDGE_LOOP ( 'NONE', ( #5889, #7136, #2106, #6704 ) ) ;
#3370 = VERTEX_POINT ( 'NONE', #3358 ) ;
#3371 = EDGE_LOOP ( 'NONE', ( #250, #4830, #4218, #4340 ) ) ;
#3372 = VECTOR ( 'NONE', #1089, 1000.000000000000000 ) ;
#3373 = CARTESIAN_POINT ( 'NONE',  ( -12.84704354155604000, 0.1004616409437024800, -7.945206202835871400 ) ) ;
#3374 = FACE_OUTER_BOUND ( 'NONE', #1631, .T. ) ;
#3375 = EDGE_LOOP ( 'NONE', ( #5180, #6476, #3825, #2490, #4762, #5117 ) ) ;
#3376 = ORIENTED_EDGE ( 'NONE', *, *, #3607, .F. ) ;
#3377 = CARTESIAN_POINT ( 'NONE',  ( 2.220000000000003300, 5.400000000000000400, -15.30500000000002300 ) ) ;
#3378 = CARTESIAN_POINT ( 'NONE',  ( -12.36848664453580100, 5.620000000000002800, -11.09499999999999900 ) ) ;
#3379 = ORIENTED_EDGE ( 'NONE', *, *, #585, .T. ) ;
#3380 = ORIENTED_EDGE ( 'NONE', *, *, #6839, .F. ) ;
#3381 = EDGE_LOOP ( 'NONE', ( #5671, #437, #5469, #671 ) ) ;
#3382 = VECTOR ( 'NONE', #692, 1000.000000000000000 ) ;
#3383 = DIRECTION ( 'NONE',  ( 0.0000000000000000000, -1.000000000000000000, -0.0000000000000000000 ) ) ;
#3384 = ORIENTED_EDGE ( 'NONE', *, *, #7035, .T. ) ;
#3385 = ORIENTED_EDGE ( 'NONE', *, *, #1126, .T. ) ;
#3386 = ORIENTED_EDGE ( 'NONE', *, *, #1029, .T. ) ;
#3387 = CARTESIAN_POINT ( 'NONE',  ( -13.50000000000001800, 4.047076550350951200, -6.895000000000020900 ) ) ;
#3388 = AXIS2_PLACEMENT_3D ( 'NONE', #3665, #299, #5181 ) ;
#3389 = VERTEX_POINT ( 'NONE', #76 ) ;
#3390 = EDGE_CURVE ( 'NONE', #4905, #5849, #5871, .T. ) ;
#3391 = LINE ( 'NONE', #1555, #1551 ) ;
#3392 = ORIENTED_EDGE ( 'NONE', *, *, #333, .F. ) ;
#3393 = CARTESIAN_POINT ( 'NONE',  ( 4.054999999999997900, 5.720000000000000600, 3.927862566056165200 ) ) ;
#3394 = FACE_OUTER_BOUND ( 'NONE', #4404, .T. ) ;
#3395 = AXIS2_PLACEMENT_3D ( 'NONE', #201, #5123, #3637 ) ;
#3396 = ADVANCED_FACE ( 'NONE', ( #6409 ), #6625, .F. ) ;
#3397 = ORIENTED_EDGE ( 'NONE', *, *, #1238, .F. ) ;
#3398 = CARTESIAN_POINT ( 'NONE',  ( 13.50000000000001800, 4.047076550350951200, -6.895000000000020900 ) ) ;
#3399 = FACE_OUTER_BOUND ( 'NONE', #125, .T. ) ;
#3400 = DIRECTION ( 'NONE',  ( 0.0000000000000000000, 0.0000000000000000000, -1.000000000000000000 ) ) ;
#3401 = EDGE_LOOP ( 'NONE', ( #3973, #3760, #2875, #3199 ) ) ;
#3402 = DIRECTION ( 'NONE',  ( -0.0000000000000000000, 1.000000000000000000, -0.0000000000000000000 ) ) ;
#3403 = EDGE_CURVE ( 'NONE', #6749, #345, #3217, .T. ) ;
#3404 = COLOUR_RGB ( '',0.7921568627450980000, 0.8196078431372548800, 0.9333333333333333500 ) ;
#3405 = ORIENTED_EDGE ( 'NONE', *, *, #6046, .F. ) ;
#3406 = DIRECTION ( 'NONE',  ( 0.0000000000000000000, 0.0000000000000000000, -1.000000000000000000 ) ) ;
#3407 = DIRECTION ( 'NONE',  ( 1.000000000000000000, 8.572527594031490400E-017, 0.0000000000000000000 ) ) ;
#3408 = DIRECTION ( 'NONE',  ( 0.0000000000000000000, 0.0000000000000000000, 1.000000000000000000 ) ) ;
#3409 = CARTESIAN_POINT ( 'NONE',  ( -12.36848664453580100, 4.475989992084350900E-014, -10.89500000000002100 ) ) ;
#3410 = VECTOR ( 'NONE', #1441, 1000.000000000000000 ) ;
#3411 = VECTOR ( 'NONE', #1305, 1000.000000000000000 ) ;
#3412 = AXIS2_PLACEMENT_3D ( 'NONE', #7145, #6058, #5956 ) ;
#3413 = LINE ( 'NONE', #1489, #477 ) ;
#3414 = CARTESIAN_POINT ( 'NONE',  ( -2.499999999999993300, -0.0000000000000000000, -13.38743516107378900 ) ) ;
#3415 = CYLINDRICAL_SURFACE ( 'NONE', #4284, 0.1000000000000000500 ) ;
#3416 = CIRCLE ( 'NONE', #5450, 0.2999999999999999300 ) ;
#3417 = VECTOR ( 'NONE', #1153, 1000.000000000000000 ) ;
#3418 = CARTESIAN_POINT ( 'NONE',  ( -8.673617379884035500E-015, 5.400000000000000400, 60.65107638281947500 ) ) ;
#3419 = DIRECTION ( 'NONE',  ( 0.0000000000000000000, 6.982962677686266700E-015, -1.000000000000000000 ) ) ;
#3420 = EDGE_CURVE ( 'NONE', #240, #3882, #5692, .T. ) ;
#3421 = CARTESIAN_POINT ( 'NONE',  ( -12.36848664453580100, 5.719999999999999800, -10.79499999999999800 ) ) ;
#3422 = EDGE_CURVE ( 'NONE', #5534, #6008, #4247, .T. ) ;
#3423 = ORIENTED_EDGE ( 'NONE', *, *, #4494, .F. ) ;
#3424 = LINE ( 'NONE', #189, #6178 ) ;
#3425 = SURFACE_STYLE_FILL_AREA ( #750 ) ;
#3426 = CARTESIAN_POINT ( 'NONE',  ( -13.60000000000001000, 1.720000000000000000, -9.205000000000005400 ) ) ;
#3427 = ADVANCED_FACE ( 'NONE', ( #6828 ), #2521, .T. ) ;
#3428 = CARTESIAN_POINT ( 'NONE',  ( 6.079999999999998300, 5.720000000000001500, 3.927862566056164400 ) ) ;
#3429 = PLANE ( 'NONE',  #708 ) ;
#3430 = VERTEX_POINT ( 'NONE', #3997 ) ;
#3431 = VECTOR ( 'NONE', #5556, 1000.000000000000000 ) ;
#3432 = DIRECTION ( 'NONE',  ( 0.0000000000000000000, 0.0000000000000000000, -1.000000000000000000 ) ) ;
#3433 = EDGE_CURVE ( 'NONE', #4329, #1394, #3909, .T. ) ;
#3434 = EDGE_CURVE ( 'NONE', #503, #345, #2432, .T. ) ;
#3435 = VERTEX_POINT ( 'NONE', #5641 ) ;
#3436 = DIRECTION ( 'NONE',  ( 0.0000000000000000000, 0.0000000000000000000, -1.000000000000000000 ) ) ;
#3437 = LINE ( 'NONE', #4507, #497 ) ;
#3438 = ORIENTED_EDGE ( 'NONE', *, *, #3830, .T. ) ;
#3439 = DIRECTION ( 'NONE',  ( 0.0000000000000000000, -1.000000000000000000, 0.0000000000000000000 ) ) ;
#3440 = AXIS2_PLACEMENT_3D ( 'NONE', #6269, #2971, #6820 ) ;
#3441 = CARTESIAN_POINT ( 'NONE',  ( 12.59999999999999600, 5.919999999999999900, 7.644999999999995100 ) ) ;
#3442 = AXIS2_PLACEMENT_3D ( 'NONE', #6694, #623, #6677 ) ;
#3443 = EDGE_LOOP ( 'NONE', ( #2614, #979, #4993, #3380 ) ) ;
#3444 = ORIENTED_EDGE ( 'NONE', *, *, #1574, .F. ) ;
#3445 = DIRECTION ( 'NONE',  ( 0.0000000000000000000, -1.000000000000000000, 0.0000000000000000000 ) ) ;
#3446 = CARTESIAN_POINT ( 'NONE',  ( -9.991930185743171900, 5.720000000000000600, -11.09499999999999900 ) ) ;
#3447 = VERTEX_POINT ( 'NONE', #5101 ) ;
#3448 = CARTESIAN_POINT ( 'NONE',  ( -1.734723475976806700E-015, 5.400000000000000400, -15.30500000000002300 ) ) ;
#3449 = EDGE_LOOP ( 'NONE', ( #2506, #5077, #2077, #1098 ) ) ;
#3450 = CARTESIAN_POINT ( 'NONE',  ( 13.81844900620360400, 5.400000000000000400, 8.960138857142752000 ) ) ;
#3451 = VECTOR ( 'NONE', #4434, 1000.000000000000000 ) ;
#3452 = CARTESIAN_POINT ( 'NONE',  ( 9.054385677670431700, 5.400000000000000400, -9.895000000000006700 ) ) ;
#3453 = CARTESIAN_POINT ( 'NONE',  ( 1.500000000000000000, 5.400000000000000400, 9.818321446800448300 ) ) ;
#3454 = VERTEX_POINT ( 'NONE', #6240 ) ;
#3455 = AXIS2_PLACEMENT_3D ( 'NONE', #2651, #2630, #3196 ) ;
#3456 = EDGE_CURVE ( 'NONE', #980, #5887, #6657, .T. ) ;
#3457 = DIRECTION ( 'NONE',  ( -0.0000000000000000000, -1.000000000000000000, -0.0000000000000000000 ) ) ;
#3458 = EDGE_LOOP ( 'NONE', ( #2328, #6122, #4068, #6482 ) ) ;
#3459 = ORIENTED_EDGE ( 'NONE', *, *, #6433, .F. ) ;
#3460 = DIRECTION ( 'NONE',  ( 0.0000000000000000000, 0.0000000000000000000, -1.000000000000000000 ) ) ;
#3461 = ORIENTED_EDGE ( 'NONE', *, *, #3734, .F. ) ;
#3462 = LINE ( 'NONE', #3317, #5949 ) ;
#3463 = VERTEX_POINT ( 'NONE', #686 ) ;
#3464 = ORIENTED_EDGE ( 'NONE', *, *, #6764, .F. ) ;
#3465 = DIRECTION ( 'NONE',  ( -3.705389916733898200E-031, 1.224646799147353200E-016, 1.000000000000000000 ) ) ;
#3466 = ORIENTED_EDGE ( 'NONE', *, *, #380, .T. ) ;
#3467 = ORIENTED_EDGE ( 'NONE', *, *, #3106, .T. ) ;
#3468 = VECTOR ( 'NONE', #4099, 1000.000000000000000 ) ;
#3469 = ORIENTED_EDGE ( 'NONE', *, *, #970, .T. ) ;
#3470 = CARTESIAN_POINT ( 'NONE',  ( 12.34000000000001100, 1.084202172485504400E-016, -9.895000000000004900 ) ) ;
#3471 = DIRECTION ( 'NONE',  ( 9.664197637753745800E-016, 0.0000000000000000000, -1.000000000000000000 ) ) ;
#3472 = ORIENTED_EDGE ( 'NONE', *, *, #512, .T. ) ;
#3473 = DIRECTION ( 'NONE',  ( -3.552713678800500900E-015, 0.0000000000000000000, -1.000000000000000000 ) ) ;
#3474 = ORIENTED_EDGE ( 'NONE', *, *, #5295, .F. ) ;
#3475 = DIRECTION ( 'NONE',  ( 0.0000000000000000000, 0.0000000000000000000, -1.000000000000000000 ) ) ;
#3476 = CIRCLE ( 'NONE', #7045, 11.50000000000000000 ) ;
#3477 = AXIS2_PLACEMENT_3D ( 'NONE', #6047, #5995, #6602 ) ;
#3478 = VERTEX_POINT ( 'NONE', #3538 ) ;
#3479 = ADVANCED_FACE ( 'NONE', ( #3733 ), #4598, .T. ) ;
#3480 = EDGE_CURVE ( 'NONE', #1900, #6980, #2270, .T. ) ;
#3481 = VECTOR ( 'NONE', #4606, 1000.000000000000000 ) ;
#3482 = DIRECTION ( 'NONE',  ( -0.0000000000000000000, 1.000000000000000000, 0.0000000000000000000 ) ) ;
#3483 = EDGE_LOOP ( 'NONE', ( #4030, #4852, #592, #2324 ) ) ;
#3484 = VECTOR ( 'NONE', #6738, 1000.000000000000000 ) ;
#3485 = EDGE_CURVE ( 'NONE', #5863, #2283, #7010, .T. ) ;
#3486 = EDGE_LOOP ( 'NONE', ( #3819, #1223, #4811, #2382 ) ) ;
#3487 = ORIENTED_EDGE ( 'NONE', *, *, #2680, .F. ) ;
#3489 = AXIS2_PLACEMENT_3D ( 'NONE', #3158, #4282, #403 ) ;
#3488 = DIRECTION ( 'NONE',  ( 0.0000000000000000000, 0.0000000000000000000, 1.000000000000000000 ) ) ;
#3490 = ORIENTED_EDGE ( 'NONE', *, *, #1341, .F. ) ;
#3491 = CARTESIAN_POINT ( 'NONE',  ( 13.03141545561494800, 0.2449410381431484700, -10.58641545561494200 ) ) ;
#3492 = DIRECTION ( 'NONE',  ( 0.0000000000000000000, -1.000000000000000000, 0.0000000000000000000 ) ) ;
#3493 = DIRECTION ( 'NONE',  ( 1.734723475976817500E-014, 1.000000000000000000, 0.0000000000000000000 ) ) ;
#3494 = ORIENTED_EDGE ( 'NONE', *, *, #7013, .T. ) ;
#3495 = CARTESIAN_POINT ( 'NONE',  ( 1.633583096412245100E-029, 4.475989992084350900E-014, -10.89500000000002100 ) ) ;
#3496 = EDGE_CURVE ( 'NONE', #3635, #6089, #1056, .T. ) ;
#3497 = AXIS2_PLACEMENT_3D ( 'NONE', #664, #3996, #175 ) ;
#3498 = DIRECTION ( 'NONE',  ( -0.0000000000000000000, 1.000000000000000000, -0.0000000000000000000 ) ) ;
#3499 = CARTESIAN_POINT ( 'NONE',  ( 13.29999999999999700, 5.720000000000000600, -9.205000000000005400 ) ) ;
#3500 = CARTESIAN_POINT ( 'NONE',  ( 13.49129207106330800, 1.720000000000002400, 6.760501741057834300 ) ) ;
#3501 = VECTOR ( 'NONE', #4050, 1000.000000000000000 ) ;
#3502 = FACE_OUTER_BOUND ( 'NONE', #3591, .T. ) ;
#3503 = CARTESIAN_POINT ( 'NONE',  ( -13.34000000000001100, 5.400000000000000400, -7.646282237245133100 ) ) ;
#3504 = FACE_OUTER_BOUND ( 'NONE', #7114, .T. ) ;
#3505 = CARTESIAN_POINT ( 'NONE',  ( -13.59999999999999600, 5.620000000000002800, 6.544999999999995500 ) ) ;
#3506 = CARTESIAN_POINT ( 'NONE',  ( -12.34000000000001100, 5.400000000000000400, -8.173446322690200100 ) ) ;
#3508 = VERTEX_POINT ( 'NONE', #5146 ) ;
#3507 = AXIS2_PLACEMENT_3D ( 'NONE', #2259, #605, #3408 ) ;
#3509 = ORIENTED_EDGE ( 'NONE', *, *, #6446, .T. ) ;
#3510 = LINE ( 'NONE', #615, #6086 ) ;
#3511 = VECTOR ( 'NONE', #2111, 1000.000000000000000 ) ;
#3512 = DIRECTION ( 'NONE',  ( 1.000000000000000000, -0.0000000000000000000, -0.0000000000000000000 ) ) ;
#3513 = CARTESIAN_POINT ( 'NONE',  ( -12.34000000000001100, 5.400000000000000400, -5.616553677309848800 ) ) ;
#3514 = EDGE_LOOP ( 'NONE', ( #4749, #6225, #1165, #3099 ) ) ;
#3515 = LINE ( 'NONE', #857, #2992 ) ;
#3516 = DIRECTION ( 'NONE',  ( 0.0000000000000000000, 0.0000000000000000000, -1.000000000000000000 ) ) ;
#3517 = VECTOR ( 'NONE', #3943, 1000.000000000000000 ) ;
#3518 = AXIS2_PLACEMENT_3D ( 'NONE', #2840, #144, #6206 ) ;
#3519 = DIRECTION ( 'NONE',  ( 0.0000000000000000000, 0.0000000000000000000, 1.000000000000000000 ) ) ;
#3520 = CIRCLE ( 'NONE', #5852, 49.85488151972597100 ) ;
#3521 = AXIS2_PLACEMENT_3D ( 'NONE', #716, #4497, #2345 ) ;
#3522 = CARTESIAN_POINT ( 'NONE',  ( -13.60000000000001400, 1.000000000000000900, -6.895000000000024400 ) ) ;
#3523 = ORIENTED_EDGE ( 'NONE', *, *, #1529, .F. ) ;
#3524 = CARTESIAN_POINT ( 'NONE',  ( -4.054999999999997900, 5.720000000000000600, 3.927862566056165200 ) ) ;
#3525 = FACE_OUTER_BOUND ( 'NONE', #1885, .T. ) ;
#3526 = CARTESIAN_POINT ( 'NONE',  ( -2.499999999999994200, 1.000000000000000000, -13.38743516107378900 ) ) ;
#3527 = ORIENTED_EDGE ( 'NONE', *, *, #6933, .F. ) ;
#3528 =( BOUNDED_CURVE ( )  B_SPLINE_CURVE ( 3, ( #6221, #2898, #5645, #1873 ),
 .UNSPECIFIED., .F., .T. ) 
 B_SPLINE_CURVE_WITH_KNOTS ( ( 4, 4 ),
 ( 3.141592653589791300, 4.712388980384689700 ),
 .UNSPECIFIED. ) 
 CURVE ( )  GEOMETRIC_REPRESENTATION_ITEM ( )  RATIONAL_B_SPLINE_CURVE ( ( 1.000000000000000000, 0.8047378541243646000, 0.8047378541243646000, 1.000000000000000000 ) ) 
 REPRESENTATION_ITEM ( '' )  );
#3529 = VECTOR ( 'NONE', #4559, 1000.000000000000000 ) ;
#3530 = DIRECTION ( 'NONE',  ( 1.000000000000000000, 0.0000000000000000000, -0.0000000000000000000 ) ) ;
#3531 = ORIENTED_EDGE ( 'NONE', *, *, #4688, .F. ) ;
#3532 = ORIENTED_EDGE ( 'NONE', *, *, #1097, .T. ) ;
#3533 = CARTESIAN_POINT ( 'NONE',  ( 12.34000000000000700, 1.000000000000000000, -10.39500000000000300 ) ) ;
#3534 = EDGE_CURVE ( 'NONE', #4192, #2991, #6576, .T. ) ;
#3535 = AXIS2_PLACEMENT_3D ( 'NONE', #50, #2871, #5035 ) ;
#3536 = EDGE_LOOP ( 'NONE', ( #5336, #163, #1118, #1072 ) ) ;
#3537 = CIRCLE ( 'NONE', #6341, 0.5283243376972357500 ) ;
#3538 = CARTESIAN_POINT ( 'NONE',  ( 2.500000000000002200, 0.0000000000000000000, -12.73519967498293700 ) ) ;
#3539 = CIRCLE ( 'NONE', #3948, 0.09999999999999939500 ) ;
#3540 = ORIENTED_EDGE ( 'NONE', *, *, #1613, .T. ) ;
#3541 = ORIENTED_EDGE ( 'NONE', *, *, #3629, .T. ) ;
#3542 = CARTESIAN_POINT ( 'NONE',  ( -12.73983340063017200, 0.3854532388872444200, -10.69466680126034700 ) ) ;
#3543 = DIRECTION ( 'NONE',  ( -0.0000000000000000000, -0.0000000000000000000, 1.000000000000000000 ) ) ;
#3544 = ADVANCED_FACE ( 'NONE', ( #2095 ), #2892, .T. ) ;
#3545 = VERTEX_POINT ( 'NONE', #148 ) ;
#3546 = DIRECTION ( 'NONE',  ( 0.5372996083468185600, 0.0000000000000000000, 0.8433914458128890500 ) ) ;
#3547 = VERTEX_POINT ( 'NONE', #5737 ) ;
#3548 = FACE_OUTER_BOUND ( 'NONE', #270, .T. ) ;
#3549 = AXIS2_PLACEMENT_3D ( 'NONE', #6977, #7005, #448 ) ;
#3550 = EDGE_LOOP ( 'NONE', ( #3959, #1431, #6470, #6112 ) ) ;
#3551 = DIRECTION ( 'NONE',  ( 0.0000000000000000000, -1.000000000000000000, 0.0000000000000000000 ) ) ;
#3552 = ORIENTED_EDGE ( 'NONE', *, *, #3851, .T. ) ;
#3553 = ADVANCED_FACE ( 'NONE', ( #4748 ), #2706, .F. ) ;
#3554 = DIRECTION ( 'NONE',  ( -2.853163611803958200E-015, -1.000000000000000000, 0.0000000000000000000 ) ) ;
#3555 = ORIENTED_EDGE ( 'NONE', *, *, #6412, .F. ) ;
#3556 = CIRCLE ( 'NONE', #5761, 1.795000000000010100 ) ;
#3557 = VERTEX_POINT ( 'NONE', #4648 ) ;
#3558 = DIRECTION ( 'NONE',  ( 0.0000000000000000000, 0.0000000000000000000, -1.000000000000000000 ) ) ;
#3559 = CARTESIAN_POINT ( 'NONE',  ( 13.29999999999999500, 5.620000000000002800, -9.205000000000005400 ) ) ;
#3560 = EDGE_CURVE ( 'NONE', #1809, #4893, #3642, .T. ) ;
#3561 = CARTESIAN_POINT ( 'NONE',  ( 12.34000000000001100, 1.000000000000000000, -10.39500000000000300 ) ) ;
#3562 = CIRCLE ( 'NONE', #1320, 1.000000000000000000 ) ;
#3563 = CARTESIAN_POINT ( 'NONE',  ( 4.079999999999998300, 2.304219872357979000, 3.927862566056164400 ) ) ;
#3564 = LINE ( 'NONE', #6621, #5705 ) ;
#3565 = CARTESIAN_POINT ( 'NONE',  ( -13.34000000000001200, 1.000000000000001300, -10.89500000000000700 ) ) ;
#3566 = ORIENTED_EDGE ( 'NONE', *, *, #6663, .T. ) ;
#3567 = ORIENTED_EDGE ( 'NONE', *, *, #4074, .T. ) ;
#3568 = EDGE_CURVE ( 'NONE', #2639, #2718, #4155, .T. ) ;
#3569 = CARTESIAN_POINT ( 'NONE',  ( 17.17750000000000200, 1.118412265461594400E-014, -1.905000000000022000 ) ) ;
#3570 = DIRECTION ( 'NONE',  ( 0.0000000000000000000, 1.000000000000000000, 0.0000000000000000000 ) ) ;
#3571 = LINE ( 'NONE', #3428, #2113 ) ;
#3572 = DIRECTION ( 'NONE',  ( -0.0000000000000000000, -1.000000000000000000, -0.0000000000000000000 ) ) ;
#3573 = ORIENTED_EDGE ( 'NONE', *, *, #4859, .T. ) ;
#3574 = DIRECTION ( 'NONE',  ( 0.0000000000000000000, -1.000000000000000000, 0.0000000000000000000 ) ) ;
#3575 = EDGE_CURVE ( 'NONE', #2610, #3034, #2010, .T. ) ;
#3576 = DIRECTION ( 'NONE',  ( -1.000000000000000000, 0.0000000000000000000, 0.0000000000000000000 ) ) ;
#3578 = AXIS2_PLACEMENT_3D ( 'NONE', #3177, #4822, #5862 ) ;
#3577 = CARTESIAN_POINT ( 'NONE',  ( -12.36848664453580100, 5.620000000000000100, -11.09499999999999900 ) ) ;
#3579 = VECTOR ( 'NONE', #6952, 1000.000000000000000 ) ;
#3580 = CIRCLE ( 'NONE', #4619, 1.999999999999999600 ) ;
#3581 = CARTESIAN_POINT ( 'NONE',  ( -13.34000000000001200, 5.400000000000000400, 6.579228774286543800 ) ) ;
#3582 = FACE_OUTER_BOUND ( 'NONE', #1801, .T. ) ;
#3583 = ORIENTED_EDGE ( 'NONE', *, *, #6032, .F. ) ;
#3584 = EDGE_CURVE ( 'NONE', #4911, #6410, #5607, .T. ) ;
#3585 = PRODUCT_DEFINITION ( 'UNKNOWN', '', #5647, #1003 ) ;
#3586 = VECTOR ( 'NONE', #6211, 1000.000000000000000 ) ;
#3587 = CARTESIAN_POINT ( 'NONE',  ( -13.34000000000001200, 1.000000000000000900, -10.39500000000000700 ) ) ;
#3588 = DIRECTION ( 'NONE',  ( 0.0000000000000000000, -1.000000000000000000, 0.0000000000000000000 ) ) ;
#3589 = DIRECTION ( 'NONE',  ( -1.000000000000000000, 0.0000000000000000000, 0.0000000000000000000 ) ) ;
#3590 = CARTESIAN_POINT ( 'NONE',  ( 9.991930185743171900, 5.720000000000000600, -9.205000000000007200 ) ) ;
#3591 = EDGE_LOOP ( 'NONE', ( #324, #7007, #5948, #1149 ) ) ;
#3592 = CIRCLE ( 'NONE', #4575, 0.7950000000000101400 ) ;
#3593 = DIRECTION ( 'NONE',  ( 0.0000000000000000000, 0.0000000000000000000, -1.000000000000000000 ) ) ;
#3594 = LINE ( 'NONE', #700, #221 ) ;
#3595 = CARTESIAN_POINT ( 'NONE',  ( -12.63289321881346300, 3.978117947030157300E-016, -10.48078643762691600 ) ) ;
#3596 = CARTESIAN_POINT ( 'NONE',  ( 13.69999999999999800, 5.620000000000002800, 6.544999999999995500 ) ) ;
#3597 = EDGE_CURVE ( 'NONE', #1618, #5335, #2513, .T. ) ;
#3598 = VERTEX_POINT ( 'NONE', #5794 ) ;
#3599 = CARTESIAN_POINT ( 'NONE',  ( 11.99833690602219600, 5.400000000000000400, 12.26152045557934900 ) ) ;
#3600 = DIRECTION ( 'NONE',  ( -8.572527594031492900E-017, 1.000000000000000000, 0.0000000000000000000 ) ) ;
#3601 = LINE ( 'NONE', #3393, #663 ) ;
#3602 = CARTESIAN_POINT ( 'NONE',  ( -2.500000000000000000, 0.0000000000000000000, 9.577435161073747600 ) ) ;
#3603 = DIRECTION ( 'NONE',  ( 0.0000000000000000000, 1.000000000000000000, 0.0000000000000000000 ) ) ;
#3604 = VERTEX_POINT ( 'NONE', #2478 ) ;
#3605 = AXIS2_PLACEMENT_3D ( 'NONE', #6697, #5530, #3406 ) ;
#3606 = FACE_OUTER_BOUND ( 'NONE', #3140, .T. ) ;
#3607 = EDGE_CURVE ( 'NONE', #5764, #1189, #1050, .T. ) ;
#3608 = EDGE_CURVE ( 'NONE', #5164, #4431, #526, .T. ) ;
#3609 = CARTESIAN_POINT ( 'NONE',  ( -12.84361893687398900, 0.1262135936287271100, -10.14680946843706800 ) ) ;
#3610 = DIRECTION ( 'NONE',  ( 1.000000000000000000, 0.0000000000000000000, -0.0000000000000000000 ) ) ;
#3611 = ORIENTED_EDGE ( 'NONE', *, *, #3390, .T. ) ;
#3612 = DIRECTION ( 'NONE',  ( 0.0000000000000000000, -3.491481338843133400E-015, 1.000000000000000000 ) ) ;
#3613 = ORIENTED_EDGE ( 'NONE', *, *, #1389, .T. ) ;
#3614 = CARTESIAN_POINT ( 'NONE',  ( -13.49129207106330800, 1.720000000000002400, 6.760501741057834300 ) ) ;
#3615 = UNCERTAINTY_MEASURE_WITH_UNIT (LENGTH_MEASURE( 1.000000000000000100E-005 ), #4976, 'distance_accuracy_value', 'NONE');
#3616 = VECTOR ( 'NONE', #6532, 1000.000000000000000 ) ;
#3617 = AXIS2_PLACEMENT_3D ( 'NONE', #6851, #1362, #5208 ) ;
#3618 = CARTESIAN_POINT ( 'NONE',  ( 4.079999999999998300, 4.583326286608009800, -1.530520863929464100 ) ) ;
#3619 = EDGE_LOOP ( 'NONE', ( #6393, #4051, #5253, #1382 ) ) ;
#3620 = VERTEX_POINT ( 'NONE', #254 ) ;
#3621 = PLANE ( 'NONE',  #6182 ) ;
#3622 = DIRECTION ( 'NONE',  ( 0.0000000000000000000, 1.000000000000000000, 0.0000000000000000000 ) ) ;
#3623 = ORIENTED_EDGE ( 'NONE', *, *, #5969, .T. ) ;
#3624 = ORIENTED_EDGE ( 'NONE', *, *, #3774, .F. ) ;
#3625 = LINE ( 'NONE', #5599, #2502 ) ;
#3626 = EDGE_LOOP ( 'NONE', ( #2426, #6548, #4486, #1224 ) ) ;
#3627 = CARTESIAN_POINT ( 'NONE',  ( -13.40000000000001100, 1.719999999999999300, -9.205000000000005400 ) ) ;
#3628 = ORIENTED_EDGE ( 'NONE', *, *, #2214, .F. ) ;
#3629 = EDGE_CURVE ( 'NONE', #1394, #5221, #4488, .T. ) ;
#3630 = DIRECTION ( 'NONE',  ( 0.0000000000000000000, 0.0000000000000000000, 1.000000000000000000 ) ) ;
#3631 = CARTESIAN_POINT ( 'NONE',  ( 13.40000000000000400, 0.2000000000000076200, -4.445000000000021600 ) ) ;
#3632 = ORIENTED_EDGE ( 'NONE', *, *, #6376, .F. ) ;
#3633 = ORIENTED_EDGE ( 'NONE', *, *, #4207, .T. ) ;
#3634 = VECTOR ( 'NONE', #3841, 1000.000000000000000 ) ;
#3635 = VERTEX_POINT ( 'NONE', #1306 ) ;
#3636 = CARTESIAN_POINT ( 'NONE',  ( -12.36848664453580100, 5.919999999999999900, -9.205000000000005400 ) ) ;
#3637 = DIRECTION ( 'NONE',  ( -1.000000000000000000, 0.0000000000000000000, 0.0000000000000000000 ) ) ;
#3638 = ORIENTED_EDGE ( 'NONE', *, *, #2351, .T. ) ;
#3639 = CARTESIAN_POINT ( 'NONE',  ( 4.054999999999997900, 5.919999999999999900, -1.530520863929464100 ) ) ;
#3640 = ORIENTED_EDGE ( 'NONE', *, *, #6374, .T. ) ;
#3641 = AXIS2_PLACEMENT_3D ( 'NONE', #2980, #829, #6854 ) ;
#3642 = LINE ( 'NONE', #790, #535 ) ;
#3643 = CARTESIAN_POINT ( 'NONE',  ( -13.70000000000000600, 0.2000000000000075600, 0.6349999999999784700 ) ) ;
#3644 = CARTESIAN_POINT ( 'NONE',  ( -4.079999999999998300, 5.720000000000001500, 3.927862566056164400 ) ) ;
#3645 = ORIENTED_EDGE ( 'NONE', *, *, #51, .F. ) ;
#3646 = CARTESIAN_POINT ( 'NONE',  ( -9.991930185743171900, 4.475989992084350900E-014, -10.89500000000002100 ) ) ;
#3647 = VECTOR ( 'NONE', #3857, 1000.000000000000000 ) ;
#3648 = ADVANCED_FACE ( 'NONE', ( #451 ), #2439, .F. ) ;
#3649 = CARTESIAN_POINT ( 'NONE',  ( -13.51574803149607500, 2.891675662302792400, -6.895000000000020900 ) ) ;
#3650 = CARTESIAN_POINT ( 'NONE',  ( -6.659999999999999300, 3.879999999999998100, 11.24304453225985500 ) ) ;
#3651 = ORIENTED_EDGE ( 'NONE', *, *, #3328, .T. ) ;
#3652 = CARTESIAN_POINT ( 'NONE',  ( -13.51574803149607700, 3.420000000000027900, -6.895000000000020900 ) ) ;
#3653 = CARTESIAN_POINT ( 'NONE',  ( 4.079999999999998300, 5.604581757840326100, 3.047427840906390600 ) ) ;
#3654 = EDGE_CURVE ( 'NONE', #3098, #6214, #6726, .T. ) ;
#3655 = DIRECTION ( 'NONE',  ( 0.0000000000000000000, 0.0000000000000000000, 1.000000000000000000 ) ) ;
#3656 = EDGE_CURVE ( 'NONE', #3772, #3370, #2002, .T. ) ;
#3657 = DIRECTION ( 'NONE',  ( 1.000000000000000000, 0.0000000000000000000, 0.0000000000000000000 ) ) ;
#3658 = LINE ( 'NONE', #2500, #190 ) ;
#3659 = PLANE ( 'NONE',  #2142 ) ;
#3660 = ORIENTED_EDGE ( 'NONE', *, *, #6661, .F. ) ;
#3661 = ORIENTED_EDGE ( 'NONE', *, *, #1022, .F. ) ;
#3662 = ADVANCED_FACE ( 'NONE', ( #4565 ), #1284, .F. ) ;
#3663 = CARTESIAN_POINT ( 'NONE',  ( 9.991930185743171900, 5.720000000000000600, -11.09499999999999900 ) ) ;
#3664 = AXIS2_PLACEMENT_3D ( 'NONE', #6317, #5197, #1898 ) ;
#3665 = CARTESIAN_POINT ( 'NONE',  ( -12.23900214361331800, 0.9999999999999995600, 11.29091227334759200 ) ) ;
#3666 = CARTESIAN_POINT ( 'NONE',  ( -8.673617379884035500E-015, 5.400000000000000400, 60.65107638281947500 ) ) ;
#3667 = DIRECTION ( 'NONE',  ( 1.734723475976817500E-014, 1.000000000000000000, 0.0000000000000000000 ) ) ;
#3668 = LINE ( 'NONE', #2189, #5634 ) ;
#3669 = LINE ( 'NONE', #3269, #4947 ) ;
#3670 = LINE ( 'NONE', #1186, #2215 ) ;
#3671 = EDGE_CURVE ( 'NONE', #79, #6954, #617, .T. ) ;
#3673 = DIRECTION ( 'NONE',  ( -0.0000000000000000000, -0.0000000000000000000, 1.000000000000000000 ) ) ;
#3672 = AXIS2_PLACEMENT_3D ( 'NONE', #4777, #6441, #5894 ) ;
#3674 = AXIS2_PLACEMENT_3D ( 'NONE', #3078, #5785, #4204 ) ;
#3675 = CARTESIAN_POINT ( 'NONE',  ( 12.34000000000000900, 1.000000000000000000, 6.901052410065907400 ) ) ;
#3676 = DIRECTION ( 'NONE',  ( -1.000000000000000000, -0.0000000000000000000, -0.0000000000000000000 ) ) ;
#3677 = DIRECTION ( 'NONE',  ( 0.0000000000000000000, -1.000000000000000000, 0.0000000000000000000 ) ) ;
#3678 = DIRECTION ( 'NONE',  ( 1.000000000000000000, 0.0000000000000000000, -0.0000000000000000000 ) ) ;
#3679 = ORIENTED_EDGE ( 'NONE', *, *, #466, .T. ) ;
#3680 = VECTOR ( 'NONE', #6686, 1000.000000000000000 ) ;
#3681 = CARTESIAN_POINT ( 'NONE',  ( -6.659999999999999300, 5.399999999999998600, 11.24304453225985500 ) ) ;
#3682 = VECTOR ( 'NONE', #4364, 1000.000000000000000 ) ;
#3683 = ADVANCED_FACE ( 'NONE', ( #4837 ), #3817, .T. ) ;
#3684 = AXIS2_PLACEMENT_3D ( 'NONE', #381, #5326, #6911 ) ;
#3685 = EDGE_CURVE ( 'NONE', #5508, #5587, #6136, .T. ) ;
#3686 = VERTEX_POINT ( 'NONE', #5721 ) ;
#3687 = VECTOR ( 'NONE', #3706, 1000.000000000000000 ) ;
#3688 = CARTESIAN_POINT ( 'NONE',  ( 4.079999999999998300, 5.797823814539136800, 2.995876822266466900 ) ) ;
#3689 = ADVANCED_FACE ( 'NONE', ( #351 ), #5225, .T. ) ;
#3690 = LINE ( 'NONE', #1593, #748 ) ;
#3691 = DIRECTION ( 'NONE',  ( 1.000000000000000000, 0.0000000000000000000, -0.0000000000000000000 ) ) ;
#3692 = VECTOR ( 'NONE', #5801, 1000.000000000000000 ) ;
#3693 = CARTESIAN_POINT ( 'NONE',  ( 13.51574803149607700, 3.420000000000027900, -6.895000000000020900 ) ) ;
#3694 = CARTESIAN_POINT ( 'NONE',  ( 6.104999999999997800, 5.720000000000000600, 3.927862566056165200 ) ) ;
#3695 = AXIS2_PLACEMENT_3D ( 'NONE', #5822, #6888, #4142 ) ;
#3696 = ADVANCED_FACE ( 'NONE', ( #260 ), #85, .F. ) ;
#3697 = PLANE ( 'NONE',  #6920 ) ;
#3698 = CARTESIAN_POINT ( 'NONE',  ( 12.36848664453580100, 5.620000000000002800, -11.09499999999999900 ) ) ;
#3699 = ORIENTED_EDGE ( 'NONE', *, *, #1086, .T. ) ;
#3700 = VECTOR ( 'NONE', #4576, 1000.000000000000000 ) ;
#3701 = CARTESIAN_POINT ( 'NONE',  ( -13.33592814371258900, 3.420000000000028400, -6.895000000000020900 ) ) ;
#3702 = CARTESIAN_POINT ( 'NONE',  ( -13.49129207106330600, 5.620000000000002800, 6.760501741057831600 ) ) ;
#3703 = CARTESIAN_POINT ( 'NONE',  ( -13.29999999999999500, 5.620000000000002800, 6.544999999999995500 ) ) ;
#3704 = CARTESIAN_POINT ( 'NONE',  ( 4.079999999999998300, 4.683326286608007600, -1.569848563824564300 ) ) ;
#3705 = ORIENTED_EDGE ( 'NONE', *, *, #2822, .T. ) ;
#3706 = DIRECTION ( 'NONE',  ( 0.0000000000000000000, 0.0000000000000000000, 1.000000000000000000 ) ) ;
#3707 = LINE ( 'NONE', #1236, #767 ) ;
#3708 = EDGE_CURVE ( 'NONE', #5501, #4329, #5685, .T. ) ;
#3709 = EDGE_CURVE ( 'NONE', #1364, #3389, #5248, .T. ) ;
#3710 = ORIENTED_EDGE ( 'NONE', *, *, #4019, .F. ) ;
#3711 = DIRECTION ( 'NONE',  ( 1.953517427901810700E-016, -1.000000000000000000, 0.0000000000000000000 ) ) ;
#3712 = VERTEX_POINT ( 'NONE', #4078 ) ;
#3713 = VECTOR ( 'NONE', #2177, 1000.000000000000000 ) ;
#3714 = VECTOR ( 'NONE', #6414, 1000.000000000000000 ) ;
#3715 = ORIENTED_EDGE ( 'NONE', *, *, #7149, .F. ) ;
#3716 = DIRECTION ( 'NONE',  ( 0.0000000000000000000, 0.0000000000000000000, 1.000000000000000000 ) ) ;
#3717 = ORIENTED_EDGE ( 'NONE', *, *, #5541, .F. ) ;
#3718 = EDGE_CURVE ( 'NONE', #5265, #5394, #7179, .T. ) ;
#3719 = AXIS2_PLACEMENT_3D ( 'NONE', #4088, #3558, #1290 ) ;
#3720 = AXIS2_PLACEMENT_3D ( 'NONE', #9, #2311, #2242 ) ;
#3721 = DIRECTION ( 'NONE',  ( -0.0000000000000000000, 1.000000000000000000, -0.0000000000000000000 ) ) ;
#3722 = VERTEX_POINT ( 'NONE', #4342 ) ;
#3723 = ADVANCED_FACE ( 'NONE', ( #3301 ), #3127, .F. ) ;
#3724 = DIRECTION ( 'NONE',  ( -0.0000000000000000000, 0.0000000000000000000, 1.000000000000000000 ) ) ;
#3725 = VERTEX_POINT ( 'NONE', #2109 ) ;
#3726 = LINE ( 'NONE', #4675, #251 ) ;
#3727 = ORIENTED_EDGE ( 'NONE', *, *, #1632, .F. ) ;
#3728 = ORIENTED_EDGE ( 'NONE', *, *, #722, .T. ) ;
#3729 = ADVANCED_FACE ( 'NONE', ( #2348 ), #3209, .F. ) ;
#3730 = CARTESIAN_POINT ( 'NONE',  ( 13.60000000000001000, 1.720000000000000000, -9.205000000000005400 ) ) ;
#3731 = CARTESIAN_POINT ( 'NONE',  ( 6.079999999999998300, 2.304219872357979000, 3.927862566056164400 ) ) ;
#3732 = ORIENTED_EDGE ( 'NONE', *, *, #3018, .F. ) ;
#3733 = FACE_OUTER_BOUND ( 'NONE', #71, .T. ) ;
#3734 = EDGE_CURVE ( 'NONE', #2067, #6062, #4326, .T. ) ;
#3735 = CARTESIAN_POINT ( 'NONE',  ( -2.500000000000000400, 1.000000000000000000, -10.39500000000000300 ) ) ;
#3736 = EDGE_LOOP ( 'NONE', ( #3291, #2094, #5194, #6478 ) ) ;
#3737 = ADVANCED_FACE ( 'NONE', ( #6044 ), #7097, .T. ) ;
#3738 = CYLINDRICAL_SURFACE ( 'NONE', #4560, 0.09999999999999939500 ) ;
#3739 = DIRECTION ( 'NONE',  ( 1.000000000000000000, 0.0000000000000000000, 0.0000000000000000000 ) ) ;
#3740 = DIRECTION ( 'NONE',  ( 0.0000000000000000000, -1.000000000000000000, 0.0000000000000000000 ) ) ;
#3741 = AXIS2_PLACEMENT_3D ( 'NONE', #3228, #7082, #2136 ) ;
#3742 = DIRECTION ( 'NONE',  ( 0.0000000000000000000, 0.0000000000000000000, -1.000000000000000000 ) ) ;
#3743 = CARTESIAN_POINT ( 'NONE',  ( -1.734723475976806700E-015, 5.400000000000000400, -14.30500000000002300 ) ) ;
#3744 = VECTOR ( 'NONE', #5302, 1000.000000000000000 ) ;
#3745 = DIRECTION ( 'NONE',  ( 1.000000000000000000, 0.0000000000000000000, 0.0000000000000000000 ) ) ;
#3746 = VERTEX_POINT ( 'NONE', #5433 ) ;
#3747 = ORIENTED_EDGE ( 'NONE', *, *, #1722, .F. ) ;
#3748 = ORIENTED_EDGE ( 'NONE', *, *, #352, .T. ) ;
#3749 = CARTESIAN_POINT ( 'NONE',  ( 12.23900214361332100, 1.000000000000000000, 11.29091227334760600 ) ) ;
#3750 = PLANE ( 'NONE',  #3055 ) ;
#3751 = PLANE ( 'NONE',  #1229 ) ;
#3752 = PRESENTATION_STYLE_ASSIGNMENT (( #4191 ) ) ;
#3753 = CARTESIAN_POINT ( 'NONE',  ( 13.33592814371258800, 2.734076494996059200, -6.895000000000020900 ) ) ;
#3754 = MECHANICAL_DESIGN_GEOMETRIC_PRESENTATION_REPRESENTATION (  '', ( #6565 ), #1752 ) ;
#3755 = ORIENTED_EDGE ( 'NONE', *, *, #7, .T. ) ;
#3756 = DIRECTION ( 'NONE',  ( -1.000000000000000000, 0.0000000000000000000, 0.0000000000000000000 ) ) ;
#3757 = EDGE_CURVE ( 'NONE', #4883, #5609, #5426, .T. ) ;
#3758 =( BOUNDED_CURVE ( )  B_SPLINE_CURVE ( 3, ( #1930, #3595, #774, #6849 ),
 .UNSPECIFIED., .F., .F. ) 
 B_SPLINE_CURVE_WITH_KNOTS ( ( 4, 4 ),
 ( 1.570796326794896600, 3.141592653589794900 ),
 .UNSPECIFIED. ) 
 CURVE ( )  GEOMETRIC_REPRESENTATION_ITEM ( )  RATIONAL_B_SPLINE_CURVE ( ( 1.000000000000000000, 0.8047378541243646000, 0.8047378541243646000, 1.000000000000000000 ) ) 
 REPRESENTATION_ITEM ( '' )  );
#3759 = ADVANCED_FACE ( 'NONE', ( #5962 ), #2147, .T. ) ;
#3760 = ORIENTED_EDGE ( 'NONE', *, *, #927, .T. ) ;
#3761 = VECTOR ( 'NONE', #3323, 1000.000000000000000 ) ;
#3762 = VECTOR ( 'NONE', #3570, 1000.000000000000000 ) ;
#3763 = AXIS2_PLACEMENT_3D ( 'NONE', #4998, #2227, #1678 ) ;
#3764 = PLANE ( 'NONE',  #6605 ) ;
#3765 = PLANE ( 'NONE',  #948 ) ;
#3766 = LINE ( 'NONE', #7059, #399 ) ;
#3767 = CIRCLE ( 'NONE', #6627, 0.2999999999999999300 ) ;
#3768 = LINE ( 'NONE', #6186, #5814 ) ;
#3769 = CARTESIAN_POINT ( 'NONE',  ( 1.616798323924821300E-015, 4.430000000000004200, -10.89500000000000300 ) ) ;
#3770 = DIRECTION ( 'NONE',  ( 0.0000000000000000000, 0.0000000000000000000, -1.000000000000000000 ) ) ;
#3771 = ADVANCED_FACE ( 'NONE', ( #1641 ), #876, .T. ) ;
#3772 = VERTEX_POINT ( 'NONE', #414 ) ;
#3773 = FACE_OUTER_BOUND ( 'NONE', #6742, .T. ) ;
#3774 = EDGE_CURVE ( 'NONE', #5600, #5160, #4410, .T. ) ;
#3775 = DIRECTION ( 'NONE',  ( 0.0000000000000000000, -0.0000000000000000000, 1.000000000000000000 ) ) ;
#3776 = CARTESIAN_POINT ( 'NONE',  ( 12.84000000000000900, 1.000000000000000000, -9.895000000000004900 ) ) ;
#3777 = DIRECTION ( 'NONE',  ( 0.0000000000000000000, 0.0000000000000000000, 1.000000000000000000 ) ) ;
#3778 = DIRECTION ( 'NONE',  ( -0.0000000000000000000, -1.000000000000000000, -0.0000000000000000000 ) ) ;
#3779 = ORIENTED_EDGE ( 'NONE', *, *, #4126, .T. ) ;
#3780 = VECTOR ( 'NONE', #5560, 1000.000000000000000 ) ;
#3781 = AXIS2_PLACEMENT_3D ( 'NONE', #2449, #3073, #316 ) ;
#3782 = EDGE_CURVE ( 'NONE', #338, #5111, #1281, .T. ) ;
#3783 = EDGE_LOOP ( 'NONE', ( #7022, #1617, #5066, #2265 ) ) ;
#3784 = ORIENTED_EDGE ( 'NONE', *, *, #3422, .T. ) ;
#3785 = LINE ( 'NONE', #4271, #7153 ) ;
#3786 = CARTESIAN_POINT ( 'NONE',  ( -13.59999999999999600, 5.919999999999999900, 6.544999999999995500 ) ) ;
#3787 = FACE_OUTER_BOUND ( 'NONE', #7100, .T. ) ;
#3788 = CARTESIAN_POINT ( 'NONE',  ( 6.747374629565455500, 5.919999999999999900, 11.09499999999999900 ) ) ;
#3789 = ADVANCED_FACE ( 'NONE', ( #6314 ), #1463, .T. ) ;
#3790 = CARTESIAN_POINT ( 'NONE',  ( -6.079999999999998300, 5.604581757840326100, 3.047427840906390600 ) ) ;
#3791 = AXIS2_PLACEMENT_3D ( 'NONE', #3872, #557, #4421 ) ;
#3792 = VERTEX_POINT ( 'NONE', #5947 ) ;
#3793 = DIRECTION ( 'NONE',  ( -0.6956930964556202700, 0.0000000000000000000, -0.7183391368594579400 ) ) ;
#3794 = EDGE_CURVE ( 'NONE', #6815, #2198, #1735, .T. ) ;
#3795 = EDGE_CURVE ( 'NONE', #322, #1364, #3391, .T. ) ;
#3796 = ORIENTED_EDGE ( 'NONE', *, *, #2814, .F. ) ;
#3797 = DIRECTION ( 'NONE',  ( 2.766366363095582400E-015, 1.000000000000000000, 0.0000000000000000000 ) ) ;
#3798 = EDGE_LOOP ( 'NONE', ( #2769, #956, #3469, #1316 ) ) ;
#3799 = CIRCLE ( 'NONE', #6899, 0.1000000000000020000 ) ;
#3800 = CARTESIAN_POINT ( 'NONE',  ( -12.84000000000000900, 1.000000000000000000, -10.39500000000000700 ) ) ;
#3801 = DIRECTION ( 'NONE',  ( 0.0000000000000000000, 0.0000000000000000000, -1.000000000000000000 ) ) ;
#3802 = CIRCLE ( 'NONE', #3356, 0.2999999999999999300 ) ;
#3803 = ORIENTED_EDGE ( 'NONE', *, *, #5320, .F. ) ;
#3804 = ORIENTED_EDGE ( 'NONE', *, *, #3018, .T. ) ;
#3805 = CARTESIAN_POINT ( 'NONE',  ( -12.34000000000001200, 0.0000000000000000000, -8.173446322690201900 ) ) ;
#3806 = AXIS2_PLACEMENT_3D ( 'NONE', #5103, #5057, #1191 ) ;
#3807 = VERTEX_POINT ( 'NONE', #7048 ) ;
#3808 = ORIENTED_EDGE ( 'NONE', *, *, #1591, .F. ) ;
#3809 = ADVANCED_FACE ( 'NONE', ( #5775 ), #3750, .F. ) ;
#3810 = LINE ( 'NONE', #2249, #1041 ) ;
#3811 = VERTEX_POINT ( 'NONE', #4854 ) ;
#3812 = VERTEX_POINT ( 'NONE', #3916 ) ;
#3813 = CARTESIAN_POINT ( 'NONE',  ( 4.079999999999998300, 5.720000000000001500, 3.927862566056164400 ) ) ;
#3814 = DIRECTION ( 'NONE',  ( 0.0000000000000000000, -1.000000000000000000, 0.0000000000000000000 ) ) ;
#3815 = ORIENTED_EDGE ( 'NONE', *, *, #3456, .T. ) ;
#3816 = ORIENTED_EDGE ( 'NONE', *, *, #3155, .F. ) ;
#3817 = CYLINDRICAL_SURFACE ( 'NONE', #6250, 1.000000000000000400 ) ;
#3818 = VERTEX_POINT ( 'NONE', #5339 ) ;
#3819 = ORIENTED_EDGE ( 'NONE', *, *, #4618, .T. ) ;
#3820 = EDGE_CURVE ( 'NONE', #5707, #5423, #2779, .T. ) ;
#3821 = AXIS2_PLACEMENT_3D ( 'NONE', #1105, #2221, #6072 ) ;
#3822 = CARTESIAN_POINT ( 'NONE',  ( 13.34000000000000700, 1.000000000000000000, -6.143717762754913100 ) ) ;
#3823 = DIRECTION ( 'NONE',  ( -1.000000000000000000, 0.0000000000000000000, 0.0000000000000000000 ) ) ;
#3824 = CARTESIAN_POINT ( 'NONE',  ( 12.84000000000001100, 5.400000000000000400, -10.89500000000000300 ) ) ;
#3825 = ORIENTED_EDGE ( 'NONE', *, *, #3795, .T. ) ;
#3826 = FACE_OUTER_BOUND ( 'NONE', #4850, .T. ) ;
#3827 = DIRECTION ( 'NONE',  ( -0.7183391368594559400, -2.508067691305474600E-015, -0.6956930964556222700 ) ) ;
#3828 = CARTESIAN_POINT ( 'NONE',  ( -8.673617379884035500E-015, 5.400000000000000400, 10.79619486309350200 ) ) ;
#3829 = ORIENTED_EDGE ( 'NONE', *, *, #5193, .F. ) ;
#3830 = EDGE_CURVE ( 'NONE', #1299, #1456, #1908, .T. ) ;
#3831 = CIRCLE ( 'NONE', #2965, 49.85488151972596400 ) ;
#3832 = LINE ( 'NONE', #4116, #374 ) ;
#3833 = EDGE_LOOP ( 'NONE', ( #4564, #5449, #4989, #88 ) ) ;
#3834 = ORIENTED_EDGE ( 'NONE', *, *, #4774, .T. ) ;
#3835 = CARTESIAN_POINT ( 'NONE',  ( -12.34000000000001100, 5.400000000000000400, -8.173446322690200100 ) ) ;
#3836 = VERTEX_POINT ( 'NONE', #4363 ) ;
#3837 = AXIS2_PLACEMENT_3D ( 'NONE', #6588, #4389, #537 ) ;
#3838 = DIRECTION ( 'NONE',  ( 0.0000000000000000000, 1.000000000000000000, 0.0000000000000000000 ) ) ;
#3839 = DIRECTION ( 'NONE',  ( 1.000000000000000000, 8.572527594031490400E-017, 0.0000000000000000000 ) ) ;
#3840 = CARTESIAN_POINT ( 'NONE',  ( -18.36499999999999800, 6.817866684653116900E-015, -4.445000000000021600 ) ) ;
#3841 = DIRECTION ( 'NONE',  ( 0.0000000000000000000, 1.000000000000000000, 0.0000000000000000000 ) ) ;
#3842 = VECTOR ( 'NONE', #266, 1000.000000000000000 ) ;
#3843 = VECTOR ( 'NONE', #1927, 1000.000000000000000 ) ;
#3844 = CARTESIAN_POINT ( 'NONE',  ( 13.39999999999999900, 5.620000000000003700, -9.205000000000005400 ) ) ;
#3845 = FACE_OUTER_BOUND ( 'NONE', #423, .T. ) ;
#3846 = CARTESIAN_POINT ( 'NONE',  ( -12.34000000000001200, 0.0000000000000000000, -10.39500000000000700 ) ) ;
#3847 = DIRECTION ( 'NONE',  ( -1.000000000000000000, 0.0000000000000000000, -0.0000000000000000000 ) ) ;
#3848 = APPLICATION_PROTOCOL_DEFINITION ( 'draft international standard', 'automotive_design', 1998, #1685 ) ;
#3849 = DIRECTION ( 'NONE',  ( -0.0000000000000000000, -0.0000000000000000000, 1.000000000000000000 ) ) ;
#3850 = CARTESIAN_POINT ( 'NONE',  ( 13.39999999999999500, 5.620000000000002800, 6.544999999999995500 ) ) ;
#3851 = EDGE_CURVE ( 'NONE', #5329, #4246, #168, .T. ) ;
#3852 = LINE ( 'NONE', #5510, #4442 ) ;
#3853 = FACE_OUTER_BOUND ( 'NONE', #5493, .T. ) ;
#3854 = CIRCLE ( 'NONE', #4995, 50.85488151972597800 ) ;
#3855 = ORIENTED_EDGE ( 'NONE', *, *, #4173, .F. ) ;
#3856 = FACE_OUTER_BOUND ( 'NONE', #5858, .T. ) ;
#3857 = DIRECTION ( 'NONE',  ( -0.0000000000000000000, -0.0000000000000000000, 1.000000000000000000 ) ) ;
#3858 = EDGE_CURVE ( 'NONE', #6326, #679, #7094, .T. ) ;
#3859 = AXIS2_PLACEMENT_3D ( 'NONE', #5810, #884, #5270 ) ;
#3860 = CARTESIAN_POINT ( 'NONE',  ( -12.34000000000001100, 5.400000000000000400, -5.616553677309848800 ) ) ;
#3861 = CARTESIAN_POINT ( 'NONE',  ( -12.60000000000000500, 5.400000000000000400, 9.834999999999976000 ) ) ;
#3862 = ORIENTED_EDGE ( 'NONE', *, *, #6895, .T. ) ;
#3863 = FACE_OUTER_BOUND ( 'NONE', #6371, .T. ) ;
#3864 = VECTOR ( 'NONE', #7103, 1000.000000000000000 ) ;
#3865 = CARTESIAN_POINT ( 'NONE',  ( -1.500000000000000000, 5.200000000000001100, 9.280814232050447600 ) ) ;
#3866 = DIRECTION ( 'NONE',  ( -0.0000000000000000000, 1.000000000000000000, -0.0000000000000000000 ) ) ;
#3867 = EDGE_CURVE ( 'NONE', #6815, #5600, #1373, .T. ) ;
#3868 = DIRECTION ( 'NONE',  ( 0.0000000000000000000, 0.0000000000000000000, -1.000000000000000000 ) ) ;
#3869 = FACE_OUTER_BOUND ( 'NONE', #3381, .T. ) ;
#3870 = CARTESIAN_POINT ( 'NONE',  ( 13.30000000000001500, 3.420000000000028400, -6.895000000000020900 ) ) ;
#3871 = APPLICATION_PROTOCOL_DEFINITION ( 'draft international standard', 'automotive_design', 1998, #7172 ) ;
#3872 = CARTESIAN_POINT ( 'NONE',  ( 12.59999999999999600, 5.720000000000000600, 6.544999999999995500 ) ) ;
#3873 = DIRECTION ( 'NONE',  ( -1.000000000000000000, 0.0000000000000000000, 0.0000000000000000000 ) ) ;
#3874 = ORIENTED_EDGE ( 'NONE', *, *, #1097, .F. ) ;
#3875 = ORIENTED_EDGE ( 'NONE', *, *, #5670, .F. ) ;
#3876 = CARTESIAN_POINT ( 'NONE',  ( 12.34000000000001100, 1.084202172485504400E-016, -9.895000000000004900 ) ) ;
#3877 = LINE ( 'NONE', #2022, #844 ) ;
#3878 = AXIS2_PLACEMENT_3D ( 'NONE', #3299, #2210, #7147 ) ;
#3879 = ORIENTED_EDGE ( 'NONE', *, *, #2134, .T. ) ;
#3880 = VECTOR ( 'NONE', #6092, 1000.000000000000000 ) ;
#3881 = DIRECTION ( 'NONE',  ( -0.0000000000000000000, -1.000000000000000000, -0.0000000000000000000 ) ) ;
#3882 = VERTEX_POINT ( 'NONE', #1626 ) ;
#3883 = DIRECTION ( 'NONE',  ( -1.734723475976817500E-014, 1.000000000000000000, 0.0000000000000000000 ) ) ;
#3884 = CARTESIAN_POINT ( 'NONE',  ( -1.499999999999998700, 5.200000000000001100, -13.09081423205049400 ) ) ;
#3885 = DIRECTION ( 'NONE',  ( -0.0000000000000000000, 0.0000000000000000000, -1.000000000000000000 ) ) ;
#3886 = EDGE_LOOP ( 'NONE', ( #5683, #6270, #4058, #3384, #4502, #319, #6300, #6154, #2158, #4240, #2399, #7163, #3191, #5613, #6177, #4146 ) ) ;
#3887 = DIRECTION ( 'NONE',  ( 0.0000000000000000000, -1.000000000000000000, 0.0000000000000000000 ) ) ;
#3888 = AXIS2_PLACEMENT_3D ( 'NONE', #1583, #5434, #3218 ) ;
#3889 = ORIENTED_EDGE ( 'NONE', *, *, #6400, .T. ) ;
#3890 = VECTOR ( 'NONE', #4197, 1000.000000000000000 ) ;
#3891 = DIRECTION ( 'NONE',  ( -0.0000000000000000000, -0.0000000000000000000, 1.000000000000000000 ) ) ;
#3892 = EDGE_CURVE ( 'NONE', #2084, #1538, #2868, .T. ) ;
#3893 = VERTEX_POINT ( 'NONE', #6654 ) ;
#3894 = ORIENTED_EDGE ( 'NONE', *, *, #4075, .F. ) ;
#3895 = CARTESIAN_POINT ( 'NONE',  ( 4.079999999999998300, 4.683326286608007600, -1.569848563824564300 ) ) ;
#3896 = DIRECTION ( 'NONE',  ( 0.0000000000000000000, -1.000000000000000000, 0.0000000000000000000 ) ) ;
#3897 = EDGE_LOOP ( 'NONE', ( #1073, #4453, #4036, #2686 ) ) ;
#3898 = PLANE ( 'NONE',  #3791 ) ;
#3899 = ORIENTED_EDGE ( 'NONE', *, *, #6353, .F. ) ;
#3900 = VECTOR ( 'NONE', #642, 1000.000000000000000 ) ;
#3901 = ORIENTED_EDGE ( 'NONE', *, *, #387, .T. ) ;
#3902 = AXIS2_PLACEMENT_3D ( 'NONE', #2852, #6695, #794 ) ;
#3903 = VERTEX_POINT ( 'NONE', #4930 ) ;
#3904 = EDGE_CURVE ( 'NONE', #4385, #3389, #2700, .T. ) ;
#3905 = ADVANCED_FACE ( 'NONE', ( #5076 ), #4416, .T. ) ;
#3906 = EDGE_CURVE ( 'NONE', #1615, #789, #4641, .T. ) ;
#3907 = DIRECTION ( 'NONE',  ( -8.572527594031492900E-017, 1.000000000000000000, 0.0000000000000000000 ) ) ;
#3908 = VERTEX_POINT ( 'NONE', #34 ) ;
#3909 = LINE ( 'NONE', #6838, #6229 ) ;
#3910 = DIRECTION ( 'NONE',  ( -0.0000000000000000000, 1.000000000000000000, -0.0000000000000000000 ) ) ;
#3911 = VERTEX_POINT ( 'NONE', #6585 ) ;
#3912 = CARTESIAN_POINT ( 'NONE',  ( 13.49129207106330800, 1.720000000000000200, 6.760501741057834300 ) ) ;
#3913 = CIRCLE ( 'NONE', #3200, 0.7350000000000099800 ) ;
#3914 = EDGE_CURVE ( 'NONE', #6560, #4672, #3810, .T. ) ;
#3915 = AXIS2_PLACEMENT_3D ( 'NONE', #1168, #620, #4468 ) ;
#3916 = CARTESIAN_POINT ( 'NONE',  ( 4.054999999999997900, 5.720000000000000600, -1.530520863929464100 ) ) ;
#3917 = LINE ( 'NONE', #3813, #6667 ) ;
#3918 = CARTESIAN_POINT ( 'NONE',  ( -9.465059824164567800, 0.4757002814935264400, -10.75722490311051000 ) ) ;
#3919 = ORIENTED_EDGE ( 'NONE', *, *, #6353, .T. ) ;
#3920 = VERTEX_POINT ( 'NONE', #6020 ) ;
#3921 = CARTESIAN_POINT ( 'NONE',  ( -13.40000000000000600, 0.3000000000000083700, -4.445000000000021600 ) ) ;
#3922 = EDGE_CURVE ( 'NONE', #4124, #4548, #6127, .T. ) ;
#3923 = ORIENTED_EDGE ( 'NONE', *, *, #4821, .T. ) ;
#3924 = CARTESIAN_POINT ( 'NONE',  ( -13.30000000000001500, 3.420000000000028400, -6.895000000000020900 ) ) ;
#3925 = DIRECTION ( 'NONE',  ( -1.101411730778921300E-016, 1.101411730778925300E-016, -1.000000000000000000 ) ) ;
#3926 = CARTESIAN_POINT ( 'NONE',  ( -13.59999999999999800, 5.720000000000001500, -9.205000000000005400 ) ) ;
#3927 = PLANE ( 'NONE',  #6674 ) ;
#3928 = CARTESIAN_POINT ( 'NONE',  ( 13.34000000000000700, 5.400000000000000400, -6.143717762754913100 ) ) ;
#3929 = VECTOR ( 'NONE', #6405, 1000.000000000000000 ) ;
#3930 = VECTOR ( 'NONE', #4589, 1000.000000000000000 ) ;
#3931 = EDGE_CURVE ( 'NONE', #7159, #2443, #4316, .T. ) ;
#3932 = CYLINDRICAL_SURFACE ( 'NONE', #6812, 1.000000000000000900 ) ;
#3933 = DIRECTION ( 'NONE',  ( -1.000000000000000000, 0.0000000000000000000, 0.0000000000000000000 ) ) ;
#3934 = CARTESIAN_POINT ( 'NONE',  ( -4.079999999999998300, 2.304219872357979000, 3.927862566056164400 ) ) ;
#3935 = DIRECTION ( 'NONE',  ( 0.0000000000000000000, -0.0000000000000000000, 1.000000000000000000 ) ) ;
#3936 = ORIENTED_EDGE ( 'NONE', *, *, #2814, .T. ) ;
#3937 = CYLINDRICAL_SURFACE ( 'NONE', #2751, 0.3000000000000016500 ) ;
#3938 = CARTESIAN_POINT ( 'NONE',  ( -1.500000000000000000, 5.200000000000001100, 9.818321446800448300 ) ) ;
#3939 = EDGE_CURVE ( 'NONE', #551, #2848, #4063, .T. ) ;
#3940 = ORIENTED_EDGE ( 'NONE', *, *, #3851, .F. ) ;
#3941 = VECTOR ( 'NONE', #6354, 1000.000000000000100 ) ;
#3942 = LINE ( 'NONE', #2765, #4195 ) ;
#3943 = DIRECTION ( 'NONE',  ( 1.363460477434492400E-016, 0.0000000000000000000, 1.000000000000000000 ) ) ;
#3944 = DIRECTION ( 'NONE',  ( 0.0000000000000000000, 1.000000000000000000, 0.0000000000000000000 ) ) ;
#3945 = EDGE_CURVE ( 'NONE', #52, #1538, #867, .T. ) ;
#3946 = CARTESIAN_POINT ( 'NONE',  ( -12.36848664453580100, 5.919999999999999900, -11.09499999999999900 ) ) ;
#3947 = LINE ( 'NONE', #1558, #2913 ) ;
#3948 = AXIS2_PLACEMENT_3D ( 'NONE', #297, #2474, #5816 ) ;
#3949 = CARTESIAN_POINT ( 'NONE',  ( -4.079999999999998300, 4.383326286608009600, -1.530520863929464100 ) ) ;
#3950 = ORIENTED_EDGE ( 'NONE', *, *, #5398, .T. ) ;
#3951 = PLANE ( 'NONE',  #6754 ) ;
#3952 = DIRECTION ( 'NONE',  ( 1.000000000000000000, 2.981555974335129700E-015, 0.0000000000000000000 ) ) ;
#3953 = FACE_OUTER_BOUND ( 'NONE', #886, .T. ) ;
#3954 = EDGE_CURVE ( 'NONE', #6417, #6954, #441, .T. ) ;
#3955 = PRODUCT_RELATED_PRODUCT_CATEGORY ( 'part', '', ( #2667 ) ) ;
#3956 = VECTOR ( 'NONE', #3259, 1000.000000000000000 ) ;
#3957 = ORIENTED_EDGE ( 'NONE', *, *, #5878, .T. ) ;
#3958 = DIRECTION ( 'NONE',  ( 0.0000000000000000000, 0.0000000000000000000, 1.000000000000000000 ) ) ;
#3959 = ORIENTED_EDGE ( 'NONE', *, *, #707, .F. ) ;
#3960 = ORIENTED_EDGE ( 'NONE', *, *, #5596, .F. ) ;
#3961 = ORIENTED_EDGE ( 'NONE', *, *, #847, .F. ) ;
#3962 = ADVANCED_FACE ( 'NONE', ( #3975 ), #1134, .T. ) ;
#3963 = LINE ( 'NONE', #6554, #3616 ) ;
#3964 = CARTESIAN_POINT ( 'NONE',  ( -1.734723475976806700E-015, 1.000000000000000000, -14.30500000000002300 ) ) ;
#3965 = CARTESIAN_POINT ( 'NONE',  ( 9.529003095812292700, 5.400000000000000400, -10.89500000000000500 ) ) ;
#3966 = AXIS2_PLACEMENT_3D ( 'NONE', #2129, #5481, #3318 ) ;
#3967 = FACE_OUTER_BOUND ( 'NONE', #3486, .T. ) ;
#3968 = ORIENTED_EDGE ( 'NONE', *, *, #3312, .T. ) ;
#3969 = EDGE_CURVE ( 'NONE', #680, #5148, #2692, .T. ) ;
#3970 = ORIENTED_EDGE ( 'NONE', *, *, #5241, .F. ) ;
#3971 = DIRECTION ( 'NONE',  ( -0.0000000000000000000, 1.000000000000000000, -0.0000000000000000000 ) ) ;
#3972 = DIRECTION ( 'NONE',  ( 1.000000000000000000, -0.0000000000000000000, -0.0000000000000000000 ) ) ;
#3973 = ORIENTED_EDGE ( 'NONE', *, *, #4746, .F. ) ;
#3974 = ORIENTED_EDGE ( 'NONE', *, *, #6680, .F. ) ;
#3975 = FACE_OUTER_BOUND ( 'NONE', #4208, .T. ) ;
#3976 = DIRECTION ( 'NONE',  ( 1.000000000000000000, 0.0000000000000000000, 0.0000000000000000000 ) ) ;
#3977 = CARTESIAN_POINT ( 'NONE',  ( 14.79703923862027700, 1.720000000000002400, 8.025084503675147500 ) ) ;
#3978 = ORIENTED_EDGE ( 'NONE', *, *, #594, .T. ) ;
#3979 = ORIENTED_EDGE ( 'NONE', *, *, #2166, .T. ) ;
#3980 = PRODUCT_DEFINITION_SHAPE ( 'NONE', 'NONE',  #3585 ) ;
#3981 = DIRECTION ( 'NONE',  ( 0.0000000000000000000, 0.0000000000000000000, -1.000000000000000000 ) ) ;
#3982 = CARTESIAN_POINT ( 'NONE',  ( -2.220000000000002400, 5.399999999999999500, -15.10628448577629600 ) ) ;
#3983 = ORIENTED_EDGE ( 'NONE', *, *, #6426, .T. ) ;
#3984 = EDGE_CURVE ( 'NONE', #519, #5178, #3462, .T. ) ;
#3985 = EDGE_LOOP ( 'NONE', ( #2694, #3628, #6859, #2329 ) ) ;
#3986 = LINE ( 'NONE', #1839, #696 ) ;
#3987 = EDGE_LOOP ( 'NONE', ( #6386, #6842, #746, #3324 ) ) ;
#3988 = ORIENTED_EDGE ( 'NONE', *, *, #352, .F. ) ;
#3989 = VECTOR ( 'NONE', #1672, 1000.000000000000000 ) ;
#3990 = EDGE_CURVE ( 'NONE', #5069, #6346, #3625, .T. ) ;
#3991 = ORIENTED_EDGE ( 'NONE', *, *, #420, .F. ) ;
#3992 = DIRECTION ( 'NONE',  ( 0.0000000000000000000, 1.000000000000000000, 0.0000000000000000000 ) ) ;
#3993 = CIRCLE ( 'NONE', #417, 11.50000000000014200 ) ;
#3994 = EDGE_LOOP ( 'NONE', ( #1124, #4740, #6276, #2881 ) ) ;
#3995 = DIRECTION ( 'NONE',  ( -0.8433914458128890500, 0.0000000000000000000, 0.5372996083468185600 ) ) ;
#3996 = DIRECTION ( 'NONE',  ( 1.000000000000000000, 3.025680481354897600E-015, -0.0000000000000000000 ) ) ;
#3997 = CARTESIAN_POINT ( 'NONE',  ( 12.34000000000001100, 1.000000000000000000, -9.895000000000004900 ) ) ;
#3998 = EDGE_CURVE ( 'NONE', #1881, #675, #2163, .T. ) ;
#3999 = LINE ( 'NONE', #3982, #4166 ) ;
#4000 = CARTESIAN_POINT ( 'NONE',  ( 1.500000000000000000, 5.400000000000000400, 9.818321446800455400 ) ) ;
#4001 = ORIENTED_EDGE ( 'NONE', *, *, #1473, .T. ) ;
#4002 = ORIENTED_EDGE ( 'NONE', *, *, #3173, .F. ) ;
#4003 = DIRECTION ( 'NONE',  ( 0.0000000000000000000, 0.0000000000000000000, -1.000000000000000000 ) ) ;
#4004 = VERTEX_POINT ( 'NONE', #129 ) ;
#4005 = CARTESIAN_POINT ( 'NONE',  ( 9.991930185743171900, 5.919999999999999900, -11.09499999999999900 ) ) ;
#4006 = DIRECTION ( 'NONE',  ( -1.000000000000000000, 0.0000000000000000000, 0.0000000000000000000 ) ) ;
#4007 = LINE ( 'NONE', #6280, #3240 ) ;
#4008 = AXIS2_PLACEMENT_3D ( 'NONE', #6085, #2799, #6642 ) ;
#4009 = CIRCLE ( 'NONE', #2986, 1.500000000000003100 ) ;
#4010 = ADVANCED_FACE ( 'NONE', ( #1992 ), #6169, .T. ) ;
#4011 = CARTESIAN_POINT ( 'NONE',  ( 1.500000000000000900, 5.400000000000000400, -14.20675425099140000 ) ) ;
#4012 = DIRECTION ( 'NONE',  ( 1.000000000000000000, 0.0000000000000000000, 0.0000000000000000000 ) ) ;
#4013 = VECTOR ( 'NONE', #7124, 1000.000000000000000 ) ;
#4014 = VECTOR ( 'NONE', #3295, 1000.000000000000000 ) ;
#4015 = CARTESIAN_POINT ( 'NONE',  ( 9.991930185743171900, 5.720000000000000600, -9.205000000000007200 ) ) ;
#4016 = LINE ( 'NONE', #1552, #2552 ) ;
#4017 = CARTESIAN_POINT ( 'NONE',  ( 13.60000000000001000, 1.000000000000000900, -6.895000000000020900 ) ) ;
#4018 = EDGE_CURVE ( 'NONE', #5508, #4814, #1901, .T. ) ;
#4019 = EDGE_CURVE ( 'NONE', #4333, #4911, #6390, .T. ) ;
#4020 = ORIENTED_EDGE ( 'NONE', *, *, #2762, .T. ) ;
#4021 = FACE_OUTER_BOUND ( 'NONE', #4245, .T. ) ;
#4022 = FACE_OUTER_BOUND ( 'NONE', #5605, .T. ) ;
#4023 = DIRECTION ( 'NONE',  ( 0.0000000000000000000, 0.0000000000000000000, -1.000000000000000000 ) ) ;
#4024 = CARTESIAN_POINT ( 'NONE',  ( -13.29999999999999500, 5.620000000000002800, -9.205000000000005400 ) ) ;
#4025 = EDGE_LOOP ( 'NONE', ( #6539, #1732, #666, #6523 ) ) ;
#4026 = CYLINDRICAL_SURFACE ( 'NONE', #1836, 0.09999999999999939500 ) ;
#4027 = DIRECTION ( 'NONE',  ( -1.000000000000000000, 2.981555974335129700E-015, 0.0000000000000000000 ) ) ;
#4028 = CARTESIAN_POINT ( 'NONE',  ( -12.59999999999999600, 5.720000000000000600, 6.544999999999995500 ) ) ;
#4029 = CIRCLE ( 'NONE', #1880, 0.2999999999999999300 ) ;
#4030 = ORIENTED_EDGE ( 'NONE', *, *, #7102, .F. ) ;
#4031 = CARTESIAN_POINT ( 'NONE',  ( 13.12852863578068300, 0.3412470536927443300, -10.68352863578067500 ) ) ;
#4032 = EDGE_CURVE ( 'NONE', #4246, #3635, #958, .T. ) ;
#4033 = AXIS2_PLACEMENT_3D ( 'NONE', #1425, #3118, #1453 ) ;
#4034 = PLANE ( 'NONE',  #710 ) ;
#4035 = AXIS2_PLACEMENT_3D ( 'NONE', #5638, #6207, #6907 ) ;
#4036 = ORIENTED_EDGE ( 'NONE', *, *, #3708, .T. ) ;
#4037 = ORIENTED_EDGE ( 'NONE', *, *, #5167, .T. ) ;
#4038 = CARTESIAN_POINT ( 'NONE',  ( 18.36499999999999800, 6.817866684653116900E-015, 0.6349999999999784700 ) ) ;
#4039 = LINE ( 'NONE', #355, #6106 ) ;
#4040 = CARTESIAN_POINT ( 'NONE',  ( 9.465059824164567800, 0.4757002814935267200, -10.75722490311050800 ) ) ;
#4041 = ORIENTED_EDGE ( 'NONE', *, *, #2723, .T. ) ;
#4042 = DIRECTION ( 'NONE',  ( 0.0000000000000000000, 0.0000000000000000000, -1.000000000000000000 ) ) ;
#4043 = CARTESIAN_POINT ( 'NONE',  ( 6.747374629565455500, 5.919999999999999900, 9.594999999999997100 ) ) ;
#4044 = ADVANCED_FACE ( 'NONE', ( #5068 ), #5570, .T. ) ;
#4045 = VECTOR ( 'NONE', #6490, 1000.000000000000000 ) ;
#4046 = CARTESIAN_POINT ( 'NONE',  ( 12.59999999999999600, 5.720000000000000600, 7.644999999999995100 ) ) ;
#4047 = VERTEX_POINT ( 'NONE', #3450 ) ;
#4048 = EDGE_CURVE ( 'NONE', #6848, #2451, #5237, .T. ) ;
#4049 = EDGE_CURVE ( 'NONE', #4329, #6707, #6718, .T. ) ;
#4050 = DIRECTION ( 'NONE',  ( -0.0000000000000000000, -1.000000000000000000, -0.0000000000000000000 ) ) ;
#4051 = ORIENTED_EDGE ( 'NONE', *, *, #3040, .T. ) ;
#4052 = FILL_AREA_STYLE_COLOUR ( '', #1597 ) ;
#4053 = ORIENTED_EDGE ( 'NONE', *, *, #6978, .T. ) ;
#4054 = FACE_OUTER_BOUND ( 'NONE', #5652, .T. ) ;
#4055 = CARTESIAN_POINT ( 'NONE',  ( -13.49129207106330600, 5.620000000000002800, 6.760501741057831600 ) ) ;
#4056 = ORIENTED_EDGE ( 'NONE', *, *, #3267, .T. ) ;
#4057 = ORIENTED_EDGE ( 'NONE', *, *, #4049, .T. ) ;
#4058 = ORIENTED_EDGE ( 'NONE', *, *, #1172, .T. ) ;
#4059 = CARTESIAN_POINT ( 'NONE',  ( -13.30000000000001300, 2.640753569145180400, -6.895000000000020900 ) ) ;
#4060 = VERTEX_POINT ( 'NONE', #3499 ) ;
#4061 = AXIS2_PLACEMENT_3D ( 'NONE', #4656, #6823, #4708 ) ;
#4062 = ORIENTED_EDGE ( 'NONE', *, *, #3213, .F. ) ;
#4063 = CIRCLE ( 'NONE', #5867, 12.50000000000000000 ) ;
#4064 = ORIENTED_EDGE ( 'NONE', *, *, #4126, .F. ) ;
#4065 = CARTESIAN_POINT ( 'NONE',  ( -13.34000000000001100, 1.000000000000001800, -10.39500000000000700 ) ) ;
#4066 = ORIENTED_EDGE ( 'NONE', *, *, #4387, .T. ) ;
#4067 = DIRECTION ( 'NONE',  ( 8.572527594031491700E-017, -1.000000000000000000, -0.0000000000000000000 ) ) ;
#4068 = ORIENTED_EDGE ( 'NONE', *, *, #4207, .F. ) ;
#4069 = DIRECTION ( 'NONE',  ( 1.000000000000000000, 9.469014606860299000E-017, 0.0000000000000000000 ) ) ;
#4070 = LINE ( 'NONE', #4492, #883 ) ;
#4071 = CARTESIAN_POINT ( 'NONE',  ( -13.29999999999999700, 5.919999999999999900, 6.544999999999995500 ) ) ;
#4072 = AXIS2_PLACEMENT_3D ( 'NONE', #3926, #681, #6750 ) ;
#4073 = EDGE_LOOP ( 'NONE', ( #4717, #3808, #719, #5271 ) ) ;
#4074 = EDGE_CURVE ( 'NONE', #1189, #6932, #6307, .T. ) ;
#4075 = EDGE_CURVE ( 'NONE', #6848, #5411, #684, .T. ) ;
#4076 = VECTOR ( 'NONE', #1061, 1000.000000000000000 ) ;
#4077 = CARTESIAN_POINT ( 'NONE',  ( -5.079999999999996500, 5.919999999999999900, -3.247895313489022900 ) ) ;
#4078 = CARTESIAN_POINT ( 'NONE',  ( -6.079999999999999200, 4.583326286608009800, -3.247895313489022900 ) ) ;
#4079 = PLANE ( 'NONE',  #6864 ) ;
#4080 = CARTESIAN_POINT ( 'NONE',  ( -12.84704354155604000, 0.1004616409437023300, -5.844793797164173900 ) ) ;
#4081 = CARTESIAN_POINT ( 'NONE',  ( 12.34000000000000700, 0.0000000000000000000, -5.616553677309846100 ) ) ;
#4082 = FACE_OUTER_BOUND ( 'NONE', #6216, .T. ) ;
#4083 = EDGE_CURVE ( 'NONE', #4644, #5820, #6999, .T. ) ;
#4084 = ADVANCED_FACE ( 'NONE', ( #1728 ), #4471, .T. ) ;
#4085 = ORIENTED_EDGE ( 'NONE', *, *, #4880, .F. ) ;
#4086 = ORIENTED_EDGE ( 'NONE', *, *, #4423, .F. ) ;
#4088 = CARTESIAN_POINT ( 'NONE',  ( -12.84000000000001100, 5.400000000000000400, -9.895000000000008500 ) ) ;
#4087 = AXIS2_PLACEMENT_3D ( 'NONE', #4105, #5826, #5802 ) ;
#4089 = ORIENTED_EDGE ( 'NONE', *, *, #4386, .T. ) ;
#4090 = CARTESIAN_POINT ( 'NONE',  ( 4.054999999999997900, 5.720000000000000600, -1.530520863929464100 ) ) ;
#4091 = ADVANCED_FACE ( 'NONE', ( #517 ), #624, .T. ) ;
#4092 = VERTEX_POINT ( 'NONE', #4071 ) ;
#4093 = EDGE_CURVE ( 'NONE', #2223, #261, #1129, .T. ) ;
#4094 = CARTESIAN_POINT ( 'NONE',  ( 16.03250000000000200, 1.108596721366428300E-014, -1.905000000000022000 ) ) ;
#4095 = DIRECTION ( 'NONE',  ( 0.0000000000000000000, -1.000000000000000000, 0.0000000000000000000 ) ) ;
#4096 = FACE_OUTER_BOUND ( 'NONE', #800, .T. ) ;
#4097 = VECTOR ( 'NONE', #227, 1000.000000000000100 ) ;
#4098 = DIRECTION ( 'NONE',  ( 0.0000000000000000000, 0.0000000000000000000, 1.000000000000000000 ) ) ;
#4099 = DIRECTION ( 'NONE',  ( 0.0000000000000000000, -1.000000000000000000, 0.0000000000000000000 ) ) ;
#4100 = DIRECTION ( 'NONE',  ( -3.491481338843133400E-015, -1.000000000000000000, 3.845558504397534600E-031 ) ) ;
#4101 = AXIS2_PLACEMENT_3D ( 'NONE', #6513, #3775, #3220 ) ;
#4102 = EDGE_CURVE ( 'NONE', #3048, #1833, #3726, .T. ) ;
#4103 = EDGE_LOOP ( 'NONE', ( #4958, #7165, #7111, #5013 ) ) ;
#4104 = CYLINDRICAL_SURFACE ( 'NONE', #2976, 1.000000000000000000 ) ;
#4105 = CARTESIAN_POINT ( 'NONE',  ( -8.673617379884035500E-015, 5.200000000000001100, 60.65107638281947500 ) ) ;
#4106 = CARTESIAN_POINT ( 'NONE',  ( 6.747374629565455500, 5.720000000000000600, 11.09499999999999900 ) ) ;
#4107 = ORIENTED_EDGE ( 'NONE', *, *, #6669, .T. ) ;
#4108 = CYLINDRICAL_SURFACE ( 'NONE', #1620, 3.415780127642022100 ) ;
#4109 = LINE ( 'NONE', #1110, #3342 ) ;
#4110 = AXIS2_PLACEMENT_3D ( 'NONE', #7061, #1548, #3233 ) ;
#4111 = DIRECTION ( 'NONE',  ( 8.572527594031492900E-017, 1.000000000000000000, -0.0000000000000000000 ) ) ;
#4112 = EDGE_CURVE ( 'NONE', #6336, #5078, #7086, .T. ) ;
#4113 = CARTESIAN_POINT ( 'NONE',  ( -12.83999999986907900, 0.8690767580597678100, -10.89500000000000700 ) ) ;
#4114 = ADVANCED_FACE ( 'NONE', ( #6481 ), #5156, .T. ) ;
#4115 = CYLINDRICAL_SURFACE ( 'NONE', #116, 0.2999999999999999300 ) ;
#4116 = CARTESIAN_POINT ( 'NONE',  ( 4.054999999999997900, 5.720000000000000600, 3.927862566056165200 ) ) ;
#4117 = CARTESIAN_POINT ( 'NONE',  ( 13.40000000000000900, 1.719999999999999300, 1.475891719243760800E-015 ) ) ;
#4118 = ORIENTED_EDGE ( 'NONE', *, *, #1248, .F. ) ;
#4119 = EDGE_CURVE ( 'NONE', #6014, #3807, #4991, .T. ) ;
#4120 = LINE ( 'NONE', #4015, #2671 ) ;
#4121 = VECTOR ( 'NONE', #6316, 1000.000000000000000 ) ;
#4122 = DIRECTION ( 'NONE',  ( 0.0000000000000000000, 1.000000000000000000, 0.0000000000000000000 ) ) ;
#4123 = EDGE_LOOP ( 'NONE', ( #1527, #495, #2693, #4268 ) ) ;
#4124 = VERTEX_POINT ( 'NONE', #6266 ) ;
#4125 = CARTESIAN_POINT ( 'NONE',  ( -17.17750000000000200, 0.2000000000000112000, -1.905000000000022000 ) ) ;
#4126 = EDGE_CURVE ( 'NONE', #2154, #4694, #3028, .T. ) ;
#4127 = ORIENTED_EDGE ( 'NONE', *, *, #887, .T. ) ;
#4128 = CIRCLE ( 'NONE', #5639, 50.85488151972597800 ) ;
#4129 = LINE ( 'NONE', #4160, #4121 ) ;
#4130 = ORIENTED_EDGE ( 'NONE', *, *, #5857, .T. ) ;
#4131 = ORIENTED_EDGE ( 'NONE', *, *, #1432, .T. ) ;
#4132 = CARTESIAN_POINT ( 'NONE',  ( 7.553324042085684200, 5.720000000000000600, 10.86008716871933400 ) ) ;
#4133 = VERTEX_POINT ( 'NONE', #1375 ) ;
#4134 = ORIENTED_EDGE ( 'NONE', *, *, #753, .F. ) ;
#4135 = VECTOR ( 'NONE', #5716, 1000.000000000000000 ) ;
#4136 = AXIS2_PLACEMENT_3D ( 'NONE', #2520, #882, #6927 ) ;
#4137 = ORIENTED_EDGE ( 'NONE', *, *, #2184, .T. ) ;
#4138 = CARTESIAN_POINT ( 'NONE',  ( 2.219999999999998900, 3.879999999999999900, 10.84564684601180300 ) ) ;
#4139 = ORIENTED_EDGE ( 'NONE', *, *, #1480, .T. ) ;
#4140 = DIRECTION ( 'NONE',  ( 0.0000000000000000000, -1.000000000000000000, 0.0000000000000000000 ) ) ;
#4141 = ORIENTED_EDGE ( 'NONE', *, *, #4285, .T. ) ;
#4142 = DIRECTION ( 'NONE',  ( -1.363460477434492400E-016, 0.0000000000000000000, -1.000000000000000000 ) ) ;
#4143 = DIRECTION ( 'NONE',  ( 0.0000000000000000000, 0.0000000000000000000, -1.000000000000000000 ) ) ;
#4144 = ORIENTED_EDGE ( 'NONE', *, *, #150, .T. ) ;
#4145 = DIRECTION ( 'NONE',  ( 0.0000000000000000000, 0.0000000000000000000, 1.000000000000000000 ) ) ;
#4146 = ORIENTED_EDGE ( 'NONE', *, *, #271, .T. ) ;
#4147 = VECTOR ( 'NONE', #575, 1000.000000000000000 ) ;
#4148 = ORIENTED_EDGE ( 'NONE', *, *, #5016, .T. ) ;
#4149 = DIRECTION ( 'NONE',  ( 0.0000000000000000000, 0.0000000000000000000, 1.000000000000000000 ) ) ;
#4150 = DIRECTION ( 'NONE',  ( -1.000000000000000000, 0.0000000000000000000, 0.0000000000000000000 ) ) ;
#4151 = CARTESIAN_POINT ( 'NONE',  ( 1.987236715034471000E-015, 3.000000000000000000, -1.905000000000022900 ) ) ;
#4152 = VERTEX_POINT ( 'NONE', #1345 ) ;
#4153 = EDGE_CURVE ( 'NONE', #2607, #1436, #1544, .T. ) ;
#4154 = EDGE_CURVE ( 'NONE', #6549, #607, #5342, .T. ) ;
#4155 = CIRCLE ( 'NONE', #837, 0.7792464308548482400 ) ;
#4156 = CARTESIAN_POINT ( 'NONE',  ( -12.36848664453580100, 4.430000000000000600, -11.09500000000000400 ) ) ;
#4157 = VERTEX_POINT ( 'NONE', #4132 ) ;
#4158 = LINE ( 'NONE', #4757, #3744 ) ;
#4159 = ORIENTED_EDGE ( 'NONE', *, *, #1674, .T. ) ;
#4160 = CARTESIAN_POINT ( 'NONE',  ( 12.34000000000000900, 5.400000000000000400, 6.901052410065907400 ) ) ;
#4161 = CARTESIAN_POINT ( 'NONE',  ( 14.63074834367267300, 5.400000000000000400, 8.376898095237935500 ) ) ;
#4162 = AXIS2_PLACEMENT_3D ( 'NONE', #6425, #2015, #330 ) ;
#4163 = CARTESIAN_POINT ( 'NONE',  ( 13.59999999999999600, 5.620000000000002800, 6.544999999999995500 ) ) ;
#4164 = EDGE_CURVE ( 'NONE', #6199, #762, #2264, .T. ) ;
#4165 = CARTESIAN_POINT ( 'NONE',  ( 12.84000000000000900, 5.400000000000000400, -10.39500000000000300 ) ) ;
#4166 = VECTOR ( 'NONE', #4518, 1000.000000000000000 ) ;
#4167 = CARTESIAN_POINT ( 'NONE',  ( 4.419758247507250100, 5.400000000000000400, -16.44083555422837200 ) ) ;
#4168 = ORIENTED_EDGE ( 'NONE', *, *, #2183, .T. ) ;
#4169 = ORIENTED_EDGE ( 'NONE', *, *, #4093, .T. ) ;
#4170 = DIRECTION ( 'NONE',  ( 0.0000000000000000000, 1.000000000000000000, 0.0000000000000000000 ) ) ;
#4171 = DIRECTION ( 'NONE',  ( 0.0000000000000000000, -1.000000000000000000, 0.0000000000000000000 ) ) ;
#4172 = EDGE_CURVE ( 'NONE', #2945, #1058, #2087, .T. ) ;
#4173 = EDGE_CURVE ( 'NONE', #2862, #322, #1200, .T. ) ;
#4174 = DIRECTION ( 'NONE',  ( 1.000000000000000000, -0.0000000000000000000, -0.0000000000000000000 ) ) ;
#4176 = DIRECTION ( 'NONE',  ( 0.0000000000000000000, -1.000000000000000000, 0.0000000000000000000 ) ) ;
#4175 = AXIS2_PLACEMENT_3D ( 'NONE', #5002, #6681, #4479 ) ;
#4177 = VECTOR ( 'NONE', #1887, 1000.000000000000000 ) ;
#4178 = CARTESIAN_POINT ( 'NONE',  ( -6.747374629565455500, 5.720000000000000600, 9.594999999999997100 ) ) ;
#4179 = FACE_OUTER_BOUND ( 'NONE', #2674, .T. ) ;
#4180 = PLANE ( 'NONE',  #764 ) ;
#4181 = DIRECTION ( 'NONE',  ( -0.0000000000000000000, -0.0000000000000000000, 1.000000000000000000 ) ) ;
#4182 = CIRCLE ( 'NONE', #446, 0.7792464308548482400 ) ;
#4183 = CARTESIAN_POINT ( 'NONE',  ( -4.079999999999998300, 4.683326286608007600, -1.569848563824564300 ) ) ;
#4184 = VECTOR ( 'NONE', #5484, 1000.000000000000000 ) ;
#4185 = FACE_OUTER_BOUND ( 'NONE', #4349, .T. ) ;
#4186 = EDGE_CURVE ( 'NONE', #6675, #6671, #2425, .T. ) ;
#4187 =( GEOMETRIC_REPRESENTATION_CONTEXT ( 3 ) GLOBAL_UNCERTAINTY_ASSIGNED_CONTEXT ( ( #1338 ) ) GLOBAL_UNIT_ASSIGNED_CONTEXT ( ( #40, #2744, #3367 ) ) REPRESENTATION_CONTEXT ( 'NONE', 'WORKASPACE' ) );
#4188 = DIRECTION ( 'NONE',  ( 0.0000000000000000000, 0.0000000000000000000, -1.000000000000000000 ) ) ;
#4189 = DIRECTION ( 'NONE',  ( -0.8122993374690682400, 0.0000000000000000000, -0.5832407619048182200 ) ) ;
#4190 = ADVANCED_FACE ( 'NONE', ( #3548 ), #3036, .F. ) ;
#4191 = SURFACE_STYLE_USAGE ( .BOTH. , #5818 ) ;
#4192 = VERTEX_POINT ( 'NONE', #1843 ) ;
#4193 = CIRCLE ( 'NONE', #6579, 0.2999999999999999300 ) ;
#4194 = DIRECTION ( 'NONE',  ( -0.0000000000000000000, -0.0000000000000000000, -1.000000000000000000 ) ) ;
#4195 = VECTOR ( 'NONE', #2810, 1000.000000000000000 ) ;
#4196 = DIRECTION ( 'NONE',  ( 0.0000000000000000000, 2.891205793294679000E-015, -1.000000000000000000 ) ) ;
#4197 = DIRECTION ( 'NONE',  ( 0.0000000000000000000, -0.9662102834940529100, 0.2577550931996145400 ) ) ;
#4198 = VERTEX_POINT ( 'NONE', #4585 ) ;
#4199 = DIRECTION ( 'NONE',  ( -1.101411730778921300E-016, 1.101411730778925300E-016, -1.000000000000000000 ) ) ;
#4200 = FACE_OUTER_BOUND ( 'NONE', #602, .T. ) ;
#4201 = CARTESIAN_POINT ( 'NONE',  ( -6.079999999999998300, 4.586705258258603200, -1.544073054504602900 ) ) ;
#4202 = DIRECTION ( 'NONE',  ( -0.5832407619048173300, 0.0000000000000000000, -0.8122993374690687900 ) ) ;
#4203 = CARTESIAN_POINT ( 'NONE',  ( 13.40000000000000900, 1.719999999999999300, 1.475891719243760800E-015 ) ) ;
#4204 = DIRECTION ( 'NONE',  ( 0.0000000000000000000, 0.0000000000000000000, 1.000000000000000000 ) ) ;
#4205 = AXIS2_PLACEMENT_3D ( 'NONE', #2292, #5036, #2274 ) ;
#4206 = LINE ( 'NONE', #2376, #4534 ) ;
#4207 = EDGE_CURVE ( 'NONE', #4548, #1368, #3195, .T. ) ;
#4208 = EDGE_LOOP ( 'NONE', ( #3348, #1727, #688, #6111 ) ) ;
#4209 = CARTESIAN_POINT ( 'NONE',  ( 4.079999999999998300, 2.304219872357979000, 3.927862566056164400 ) ) ;
#4210 = DIRECTION ( 'NONE',  ( 0.0000000000000000000, 1.000000000000000000, 0.0000000000000000000 ) ) ;
#4211 = DIRECTION ( 'NONE',  ( 0.0000000000000000000, 0.0000000000000000000, -1.000000000000000000 ) ) ;
#4212 = ORIENTED_EDGE ( 'NONE', *, *, #6128, .T. ) ;
#4213 = CARTESIAN_POINT ( 'NONE',  ( -13.69999999999999800, -0.4131883529488403800, 6.544999999999995500 ) ) ;
#4214 = VERTEX_POINT ( 'NONE', #1922 ) ;
#4215 = CIRCLE ( 'NONE', #6965, 0.3000000000000016500 ) ;
#4216 = ORIENTED_EDGE ( 'NONE', *, *, #4731, .F. ) ;
#4217 = PLANE ( 'NONE',  #1824 ) ;
#4218 = ORIENTED_EDGE ( 'NONE', *, *, #4032, .F. ) ;
#4219 = EDGE_CURVE ( 'NONE', #5394, #20, #73, .T. ) ;
#4220 = LINE ( 'NONE', #3840, #5495 ) ;
#4221 = AXIS2_PLACEMENT_3D ( 'NONE', #4742, #2487, #1435 ) ;
#4222 = ADVANCED_FACE ( 'NONE', ( #1533 ), #950, .T. ) ;
#4223 = CARTESIAN_POINT ( 'NONE',  ( -9.529003095812298000, 5.400000000000000400, -10.89500000000000100 ) ) ;
#4224 = ORIENTED_EDGE ( 'NONE', *, *, #2279, .F. ) ;
#4225 = ADVANCED_FACE ( 'NONE', ( #6472 ), #4725, .T. ) ;
#4226 = CARTESIAN_POINT ( 'NONE',  ( 13.60000000000000700, 0.3000000000000077600, -4.445000000000021600 ) ) ;
#4227 = CARTESIAN_POINT ( 'NONE',  ( -12.34000000000001400, 0.0000000000000000000, 6.901052410065903000 ) ) ;
#4228 = EDGE_LOOP ( 'NONE', ( #6129, #5144, #1834, #4982 ) ) ;
#4229 = ORIENTED_EDGE ( 'NONE', *, *, #1187, .F. ) ;
#4230 = LINE ( 'NONE', #7140, #3372 ) ;
#4231 = CARTESIAN_POINT ( 'NONE',  ( 9.529003095812292700, 1.000000000000001800, -10.89500000000000500 ) ) ;
#4232 = DIRECTION ( 'NONE',  ( 0.0000000000000000000, 0.0000000000000000000, 1.000000000000000000 ) ) ;
#4233 = DIRECTION ( 'NONE',  ( -0.0000000000000000000, 1.000000000000000000, -0.0000000000000000000 ) ) ;
#4234 = ORIENTED_EDGE ( 'NONE', *, *, #7120, .T. ) ;
#4235 = PLANE ( 'NONE',  #1399 ) ;
#4236 = ORIENTED_EDGE ( 'NONE', *, *, #3213, .T. ) ;
#4237 = EDGE_CURVE ( 'NONE', #1378, #5416, #1890, .T. ) ;
#4238 = ORIENTED_EDGE ( 'NONE', *, *, #2858, .F. ) ;
#4239 = CARTESIAN_POINT ( 'NONE',  ( 6.659999999999999300, 5.400000000000000400, -12.18020133117153000 ) ) ;
#4240 = ORIENTED_EDGE ( 'NONE', *, *, #2034, .F. ) ;
#4241 = ORIENTED_EDGE ( 'NONE', *, *, #1951, .F. ) ;
#4242 = ADVANCED_FACE ( 'NONE', ( #429 ), #1420, .F. ) ;
#4243 = VECTOR ( 'NONE', #5334, 1000.000000000000000 ) ;
#4244 = ORIENTED_EDGE ( 'NONE', *, *, #3708, .F. ) ;
#4245 = EDGE_LOOP ( 'NONE', ( #1560, #2053, #1484, #2869 ) ) ;
#4246 = VERTEX_POINT ( 'NONE', #4161 ) ;
#4247 = CIRCLE ( 'NONE', #604, 0.5283243376972357500 ) ;
#4248 = DIRECTION ( 'NONE',  ( -1.000000000000000000, 0.0000000000000000000, 0.0000000000000000000 ) ) ;
#4249 = ORIENTED_EDGE ( 'NONE', *, *, #928, .T. ) ;
#4250 = CARTESIAN_POINT ( 'NONE',  ( 12.59999999999999800, 5.400000000000000400, 9.834999999999979500 ) ) ;
#4251 = FACE_OUTER_BOUND ( 'NONE', #3783, .T. ) ;
#4252 = DIRECTION ( 'NONE',  ( -0.0000000000000000000, -1.000000000000000000, -0.0000000000000000000 ) ) ;
#4253 = VERTEX_POINT ( 'NONE', #3111 ) ;
#4254 = DIRECTION ( 'NONE',  ( -2.226155176705503000E-015, 1.000000000000000000, 0.0000000000000000000 ) ) ;
#4255 = DIRECTION ( 'NONE',  ( 1.000000000000000000, 0.0000000000000000000, -0.0000000000000000000 ) ) ;
#4256 = EDGE_CURVE ( 'NONE', #930, #2991, #241, .T. ) ;
#4257 = DIRECTION ( 'NONE',  ( -1.000000000000000000, -0.0000000000000000000, -0.0000000000000000000 ) ) ;
#4258 = FACE_OUTER_BOUND ( 'NONE', #711, .T. ) ;
#4259 = CARTESIAN_POINT ( 'NONE',  ( -12.59999999999999600, 5.720000000000000600, 7.644999999999995100 ) ) ;
#4260 = VERTEX_POINT ( 'NONE', #1974 ) ;
#4261 = ORIENTED_EDGE ( 'NONE', *, *, #4796, .F. ) ;
#4262 = ORIENTED_EDGE ( 'NONE', *, *, #1304, .T. ) ;
#4263 = ADVANCED_FACE ( 'NONE', ( #6119 ), #6806, .T. ) ;
#4264 = AXIS2_PLACEMENT_3D ( 'NONE', #1325, #6342, #4681 ) ;
#4265 = ADVANCED_FACE ( 'NONE', ( #4054 ), #4983, .F. ) ;
#4266 = DIRECTION ( 'NONE',  ( 1.000000000000000000, 3.025680481354897600E-015, -0.0000000000000000000 ) ) ;
#4267 = EDGE_CURVE ( 'NONE', #1436, #3013, #5936, .T. ) ;
#4268 = ORIENTED_EDGE ( 'NONE', *, *, #6569, .F. ) ;
#4269 = DIRECTION ( 'NONE',  ( 0.0000000000000000000, 0.0000000000000000000, -1.000000000000000000 ) ) ;
#4270 = CARTESIAN_POINT ( 'NONE',  ( -14.88750000000000100, 1.098781177271262200E-014, -1.905000000000021800 ) ) ;
#4271 = CARTESIAN_POINT ( 'NONE',  ( -12.84000000000001100, 5.400000000000000400, -10.89500000000000700 ) ) ;
#4272 = DIRECTION ( 'NONE',  ( -0.0000000000000000000, -0.0000000000000000000, -1.000000000000000000 ) ) ;
#4273 = DIRECTION ( 'NONE',  ( 0.0000000000000000000, 0.0000000000000000000, -1.000000000000000000 ) ) ;
#4274 = ADVANCED_FACE ( 'NONE', ( #6210 ), #6997, .T. ) ;
#4275 = FACE_OUTER_BOUND ( 'NONE', #249, .T. ) ;
#4276 = LINE ( 'NONE', #6966, #2812 ) ;
#4277 = SHAPE_DEFINITION_REPRESENTATION ( #3980, #5093 ) ;
#4278 = EDGE_CURVE ( 'NONE', #1119, #2612, #773, .T. ) ;
#4279 = DIRECTION ( 'NONE',  ( 0.0000000000000000000, 1.000000000000000000, 0.0000000000000000000 ) ) ;
#4280 = CARTESIAN_POINT ( 'NONE',  ( -13.69999999999999800, 1.720000000000000600, 6.544999999999995500 ) ) ;
#4281 = ORIENTED_EDGE ( 'NONE', *, *, #6896, .F. ) ;
#4282 = DIRECTION ( 'NONE',  ( 0.0000000000000000000, -1.000000000000000000, 0.0000000000000000000 ) ) ;
#4283 =( BOUNDED_SURFACE ( )  B_SPLINE_SURFACE ( 3, 2, ( 
 ( #6877, #4674, #3084 ),
 ( #6934, #6841, #5738 ),
 ( #5217, #4724, #1374 ),
 ( #3609, #4700, #5251 ),
 ( #1318, #273, #1921 ),
 ( #1946, #1419, #3542 ),
 ( #5274, #247, #223 ),
 ( #836, #863, #3008 ),
 ( #5760, #5789, #4113 ),
 ( #3587, #3565, #1897 ) ),
 .UNSPECIFIED., .F., .F., .F. ) 
 B_SPLINE_SURFACE_WITH_KNOTS ( ( 4, 2, 2, 2, 4 ),
 ( 3, 3 ),
 ( 1.570796326794896600, 1.963495408493620700, 2.356194490192344800, 2.748893571891069000, 3.141592653589793100 ),
 ( 0.0000000000000000000, 1.000000000000000000 ),
 .UNSPECIFIED. ) 
 GEOMETRIC_REPRESENTATION_ITEM ( )  RATIONAL_B_SPLINE_SURFACE ( (
 ( 1.000000000000000000, 1.000000000000000000, 1.000000000000000000),
 ( 1.000000000000000000, 1.000158598892040100, 1.000000000000000000),
 ( 1.000000000000000000, 0.9867291651255268900, 1.000000000000000000),
 ( 1.000000000000000000, 0.9386556746367861200, 1.000000000000000000),
 ( 1.000000000000000000, 0.9038128289597144900, 1.000000000000000000),
 ( 1.000000000000000000, 0.8282379786091629300, 1.000000000000000000),
 ( 1.000000000000000000, 0.7876784249695210100, 1.000000000000000000),
 ( 1.000000000000000000, 0.7265518147276841500, 1.000000000000000000),
 ( 1.000000000000000000, 0.7066757001360756100, 1.000000000000000000),
 ( 1.000000000000000000, 0.7071067811865475700, 1.000000000000000000) ) ) 
 REPRESENTATION_ITEM ( '' )  SURFACE ( )  );
#4284 = AXIS2_PLACEMENT_3D ( 'NONE', #7015, #296, #4925 ) ;
#4285 = EDGE_CURVE ( 'NONE', #5160, #2162, #6641, .T. ) ;
#4286 = ORIENTED_EDGE ( 'NONE', *, *, #2118, .F. ) ;
#4287 = FACE_OUTER_BOUND ( 'NONE', #4123, .T. ) ;
#4288 = LINE ( 'NONE', #6846, #2826 ) ;
#4289 = DIRECTION ( 'NONE',  ( 0.0000000000000000000, 1.000000000000000000, 0.0000000000000000000 ) ) ;
#4290 = LINE ( 'NONE', #5729, #3000 ) ;
#4291 = CARTESIAN_POINT ( 'NONE',  ( 12.36848664453580100, 5.919999999999999900, -10.79499999999999800 ) ) ;
#4292 = ADVANCED_FACE ( 'NONE', ( #1716 ), #3019, .T. ) ;
#4293 = DIRECTION ( 'NONE',  ( -1.000000000000000000, 0.0000000000000000000, 0.0000000000000000000 ) ) ;
#4294 = CARTESIAN_POINT ( 'NONE',  ( 13.29999999999999500, 5.620000000000002800, -9.205000000000005400 ) ) ;
#4295 = CARTESIAN_POINT ( 'NONE',  ( -4.079999999999998300, 4.393463201559789900, -1.492522035864679400 ) ) ;
#4296 = EDGE_LOOP ( 'NONE', ( #2787, #916, #5747, #6631 ) ) ;
#4297 = LINE ( 'NONE', #25, #1437 ) ;
#4298 = DIRECTION ( 'NONE',  ( -0.0000000000000000000, 1.000000000000000000, 0.0000000000000000000 ) ) ;
#4299 = DIRECTION ( 'NONE',  ( -1.000000000000000000, -3.025680481354897600E-015, 0.0000000000000000000 ) ) ;
#4300 = AXIS2_PLACEMENT_3D ( 'NONE', #3861, #3310, #528 ) ;
#4301 = LINE ( 'NONE', #1598, #2855 ) ;
#4302 = ADVANCED_FACE ( 'NONE', ( #2598 ), #1356, .F. ) ;
#4303 = EDGE_LOOP ( 'NONE', ( #6039, #6369, #4913, #1150 ) ) ;
#4304 = ORIENTED_EDGE ( 'NONE', *, *, #2000, .F. ) ;
#4305 = ORIENTED_EDGE ( 'NONE', *, *, #2947, .F. ) ;
#4306 = DIRECTION ( 'NONE',  ( 1.000000000000000000, 0.0000000000000000000, 0.0000000000000000000 ) ) ;
#4307 = LINE ( 'NONE', #5824, #1192 ) ;
#4308 = VECTOR ( 'NONE', #5300, 1000.000000000000000 ) ;
#4309 = VERTEX_POINT ( 'NONE', #4684 ) ;
#4310 = DIRECTION ( 'NONE',  ( -0.0000000000000000000, 1.000000000000000000, -0.0000000000000000000 ) ) ;
#4311 = VERTEX_POINT ( 'NONE', #5800 ) ;
#4312 = AXIS2_PLACEMENT_3D ( 'NONE', #2407, #765, #2318 ) ;
#4313 = DIRECTION ( 'NONE',  ( 0.0000000000000000000, 1.000000000000000000, 0.0000000000000000000 ) ) ;
#4314 = VERTEX_POINT ( 'NONE', #2037 ) ;
#4315 = DIRECTION ( 'NONE',  ( 0.0000000000000000000, 0.0000000000000000000, -1.000000000000000000 ) ) ;
#4316 = LINE ( 'NONE', #2828, #5417 ) ;
#4317 = CARTESIAN_POINT ( 'NONE',  ( -4.079999999999998300, 5.720000000000001500, 3.927862566056164400 ) ) ;
#4318 = ORIENTED_EDGE ( 'NONE', *, *, #6433, .T. ) ;
#4319 = EDGE_LOOP ( 'NONE', ( #6747, #4373, #7023, #2309 ) ) ;
#4320 = CARTESIAN_POINT ( 'NONE',  ( -2.499999999999993300, -0.0000000000000000000, -13.38743516107378900 ) ) ;
#4321 = DIRECTION ( 'NONE',  ( 0.0000000000000000000, -1.000000000000000000, 0.0000000000000000000 ) ) ;
#4322 = PLANE ( 'NONE',  #1545 ) ;
#4323 = CARTESIAN_POINT ( 'NONE',  ( 13.49129207106330800, -0.4131883529488403800, 6.760501741057834300 ) ) ;
#4324 = ORIENTED_EDGE ( 'NONE', *, *, #231, .F. ) ;
#4325 = ORIENTED_EDGE ( 'NONE', *, *, #1590, .T. ) ;
#4326 = CIRCLE ( 'NONE', #6009, 0.6859235050039693700 ) ;
#4327 = AXIS2_PLACEMENT_3D ( 'NONE', #826, #237, #4642 ) ;
#4328 = DIRECTION ( 'NONE',  ( 0.0000000000000000000, 0.0000000000000000000, 1.000000000000000000 ) ) ;
#4329 = VERTEX_POINT ( 'NONE', #6448 ) ;
#4330 = ADVANCED_FACE ( 'NONE', ( #1628 ), #2538, .T. ) ;
#4331 = FACE_OUTER_BOUND ( 'NONE', #1170, .T. ) ;
#4332 = DIRECTION ( 'NONE',  ( 0.0000000000000000000, 0.0000000000000000000, -1.000000000000000000 ) ) ;
#4333 = VERTEX_POINT ( 'NONE', #4223 ) ;
#4334 = DIRECTION ( 'NONE',  ( -3.025680481354897600E-015, -1.000000000000000000, 0.0000000000000000000 ) ) ;
#4335 = AXIS2_PLACEMENT_3D ( 'NONE', #3096, #6402, #1486 ) ;
#4336 = CARTESIAN_POINT ( 'NONE',  ( 4.079999999999998300, 5.604581757840326100, 3.047427840906390200 ) ) ;
#4337 = CARTESIAN_POINT ( 'NONE',  ( 13.60000000000001000, 1.720000000000006200, 0.6349999999999784700 ) ) ;
#4338 = LINE ( 'NONE', #2819, #2879 ) ;
#4339 = ORIENTED_EDGE ( 'NONE', *, *, #6698, .T. ) ;
#4340 = ORIENTED_EDGE ( 'NONE', *, *, #2279, .T. ) ;
#4341 = CARTESIAN_POINT ( 'NONE',  ( -13.34000000000001100, 5.400000000000000400, -6.143717762754916700 ) ) ;
#4342 = CARTESIAN_POINT ( 'NONE',  ( -13.70000000000000600, 7.546521107385085500E-015, 0.6349999999999784700 ) ) ;
#4343 = ADVANCED_FACE ( 'NONE', ( #2684 ), #2590, .F. ) ;
#4344 = DIRECTION ( 'NONE',  ( -3.491481338843133400E-015, 1.000000000000000000, -3.845558504397534600E-031 ) ) ;
#4345 = LINE ( 'NONE', #4776, #5269 ) ;
#4346 = DIRECTION ( 'NONE',  ( -1.000000000000000000, -0.0000000000000000000, -0.0000000000000000000 ) ) ;
#4347 = AXIS2_PLACEMENT_3D ( 'NONE', #7090, #4799, #962 ) ;
#4348 = ORIENTED_EDGE ( 'NONE', *, *, #6847, .F. ) ;
#4349 = EDGE_LOOP ( 'NONE', ( #3, #3748, #6518, #2688 ) ) ;
#4350 = DIRECTION ( 'NONE',  ( -0.7183391368594560500, 0.0000000000000000000, -0.6956930964556222700 ) ) ;
#4351 = EDGE_CURVE ( 'NONE', #1905, #5249, #4402, .T. ) ;
#4352 = CIRCLE ( 'NONE', #3039, 1.000000000000000900 ) ;
#4353 = VECTOR ( 'NONE', #3058, 1000.000000000000000 ) ;
#4354 = LINE ( 'NONE', #6925, #1761 ) ;
#4355 = DIRECTION ( 'NONE',  ( 0.0000000000000000000, 0.0000000000000000000, 1.000000000000000000 ) ) ;
#4356 = AXIS2_PLACEMENT_3D ( 'NONE', #6923, #5850, #5312 ) ;
#4357 = CARTESIAN_POINT ( 'NONE',  ( -4.079999999999996500, 4.383326286608009600, -3.247895313489022900 ) ) ;
#4358 = CARTESIAN_POINT ( 'NONE',  ( 13.34000000000000700, 1.000000000000002700, -6.143717762754913100 ) ) ;
#4359 = VERTEX_POINT ( 'NONE', #3148 ) ;
#4360 = VECTOR ( 'NONE', #4369, 1000.000000000000000 ) ;
#4361 = CARTESIAN_POINT ( 'NONE',  ( -13.70000000000000600, 7.546521107385085500E-015, 0.6349999999999784700 ) ) ;
#4362 = LINE ( 'NONE', #5593, #6348 ) ;
#4363 = CARTESIAN_POINT ( 'NONE',  ( -9.991930185743171900, 5.919999999999999000, -10.79499999999999800 ) ) ;
#4364 = DIRECTION ( 'NONE',  ( 0.0000000000000000000, -0.0000000000000000000, -1.000000000000000000 ) ) ;
#4365 = EDGE_LOOP ( 'NONE', ( #4868, #1280, #5046, #2850 ) ) ;
#4366 = CIRCLE ( 'NONE', #8, 1.500000000000001300 ) ;
#4367 = EDGE_CURVE ( 'NONE', #4470, #3137, #5505, .T. ) ;
#4368 = CARTESIAN_POINT ( 'NONE',  ( 12.34000000000001100, 5.400000000000000400, -10.39500000000000300 ) ) ;
#4369 = DIRECTION ( 'NONE',  ( -1.000000000000000000, 1.028143289152397600E-044, -1.472359708348122600E-030 ) ) ;
#4370 = LINE ( 'NONE', #5486, #5202 ) ;
#4371 = CARTESIAN_POINT ( 'NONE',  ( -6.550849154917930400, 5.720000000000000600, 11.08207018590736600 ) ) ;
#4372 = CARTESIAN_POINT ( 'NONE',  ( -1.734723475976806700E-015, 1.000000000000000000, -14.30500000000002300 ) ) ;
#4373 = ORIENTED_EDGE ( 'NONE', *, *, #2183, .F. ) ;
#4374 = CYLINDRICAL_SURFACE ( 'NONE', #4463, 0.2999999999999999300 ) ;
#4375 = ADVANCED_FACE ( 'NONE', ( #4472 ), #5756, .T. ) ;
#4376 = EDGE_CURVE ( 'NONE', #679, #2774, #4632, .T. ) ;
#4377 = DIRECTION ( 'NONE',  ( -1.000000000000000000, 8.572527594031490400E-017, 0.0000000000000000000 ) ) ;
#4378 = DIRECTION ( 'NONE',  ( -0.0000000000000000000, -1.000000000000000000, -0.0000000000000000000 ) ) ;
#4379 = CIRCLE ( 'NONE', #4335, 1.795000000000010100 ) ;
#4380 = ORIENTED_EDGE ( 'NONE', *, *, #1858, .F. ) ;
#4381 = CARTESIAN_POINT ( 'NONE',  ( -13.63043069035443200, -0.4131883529488403800, 6.616833913685942600 ) ) ;
#4382 = ORIENTED_EDGE ( 'NONE', *, *, #6896, .T. ) ;
#4383 = CARTESIAN_POINT ( 'NONE',  ( -13.60000000000001000, 3.420000000000027500, -6.895000000000020900 ) ) ;
#4384 = DIRECTION ( 'NONE',  ( -0.0000000000000000000, -0.0000000000000000000, 1.000000000000000000 ) ) ;
#4385 = VERTEX_POINT ( 'NONE', #2511 ) ;
#4386 = EDGE_CURVE ( 'NONE', #6914, #4470, #598, .T. ) ;
#4387 = EDGE_CURVE ( 'NONE', #6346, #7159, #3287, .T. ) ;
#4388 = ORIENTED_EDGE ( 'NONE', *, *, #2653, .F. ) ;
#4389 = DIRECTION ( 'NONE',  ( -1.000000000000000000, 0.0000000000000000000, 0.0000000000000000000 ) ) ;
#4390 = CARTESIAN_POINT ( 'NONE',  ( 9.991930185743171900, 4.475989992084350900E-014, -10.89500000000002100 ) ) ;
#4391 = ORIENTED_EDGE ( 'NONE', *, *, #2201, .T. ) ;
#4392 = VECTOR ( 'NONE', #4456, 1000.000000000000000 ) ;
#4393 = CARTESIAN_POINT ( 'NONE',  ( -18.36499999999999800, 0.2000000000000068400, 0.6349999999999784700 ) ) ;
#4394 = DIRECTION ( 'NONE',  ( 0.8122993374690687900, 0.0000000000000000000, -0.5832407619048173300 ) ) ;
#4395 = DIRECTION ( 'NONE',  ( 1.000000000000000000, 0.0000000000000000000, 0.0000000000000000000 ) ) ;
#4396 = EDGE_LOOP ( 'NONE', ( #5661, #1645, #703, #6253, #5224, #5911, #176, #4281 ) ) ;
#4397 = ORIENTED_EDGE ( 'NONE', *, *, #1379, .T. ) ;
#4398 = AXIS2_PLACEMENT_3D ( 'NONE', #3934, #4436, #5503 ) ;
#4399 = EDGE_LOOP ( 'NONE', ( #4535, #6552, #3302, #4631, #4639 ) ) ;
#4400 = ADVANCED_FACE ( 'NONE', ( #5145 ), #5364, .F. ) ;
#4401 = ORIENTED_EDGE ( 'NONE', *, *, #2680, .T. ) ;
#4402 = CIRCLE ( 'NONE', #185, 0.6270765503509231300 ) ;
#4403 = ORIENTED_EDGE ( 'NONE', *, *, #5428, .T. ) ;
#4404 = EDGE_LOOP ( 'NONE', ( #701, #4579, #6737, #1117 ) ) ;
#4405 = VERTEX_POINT ( 'NONE', #1984 ) ;
#4406 = DIRECTION ( 'NONE',  ( 8.572527594031491700E-017, 1.000000000000000000, 0.0000000000000000000 ) ) ;
#4407 = DIRECTION ( 'NONE',  ( 0.0000000000000000000, 0.0000000000000000000, -1.000000000000000000 ) ) ;
#4408 = VERTEX_POINT ( 'NONE', #4782 ) ;
#4409 = ORIENTED_EDGE ( 'NONE', *, *, #3608, .F. ) ;
#4410 = LINE ( 'NONE', #993, #4649 ) ;
#4411 = ORIENTED_EDGE ( 'NONE', *, *, #6731, .F. ) ;
#4412 = VERTEX_POINT ( 'NONE', #4736 ) ;
#4413 = EDGE_CURVE ( 'NONE', #6679, #7148, #4307, .T. ) ;
#4414 = AXIS2_PLACEMENT_3D ( 'NONE', #2990, #1350, #2458 ) ;
#4415 = AXIS2_PLACEMENT_3D ( 'NONE', #6803, #4620, #3473 ) ;
#4416 = PLANE ( 'NONE',  #3763 ) ;
#4417 = ORIENTED_EDGE ( 'NONE', *, *, #6151, .F. ) ;
#4418 = CIRCLE ( 'NONE', #6659, 50.85488151972597800 ) ;
#4419 = CARTESIAN_POINT ( 'NONE',  ( 2.500000000000001800, 0.0000000000000000000, 8.925199674982893700 ) ) ;
#4420 = ORIENTED_EDGE ( 'NONE', *, *, #4256, .T. ) ;
#4421 = DIRECTION ( 'NONE',  ( 0.0000000000000000000, 0.0000000000000000000, 1.000000000000000000 ) ) ;
#4422 = CARTESIAN_POINT ( 'NONE',  ( -6.659999999999999300, 5.400000000000000400, -12.18020133117153000 ) ) ;
#4423 = EDGE_CURVE ( 'NONE', #6008, #5534, #3537, .T. ) ;
#4424 = EDGE_CURVE ( 'NONE', #2848, #4487, #2853, .T. ) ;
#4425 = VECTOR ( 'NONE', #2397, 1000.000000000000000 ) ;
#4426 = DIRECTION ( 'NONE',  ( 0.0000000000000000000, -0.0000000000000000000, -1.000000000000000000 ) ) ;
#4427 = LINE ( 'NONE', #1950, #4851 ) ;
#4428 = VERTEX_POINT ( 'NONE', #7025 ) ;
#4429 = EDGE_LOOP ( 'NONE', ( #4756, #811, #2297, #6808 ) ) ;
#4430 = CARTESIAN_POINT ( 'NONE',  ( 12.34000000000000900, 0.0000000000000000000, 6.901052410065908300 ) ) ;
#4431 = VERTEX_POINT ( 'NONE', #898 ) ;
#4432 = AXIS2_PLACEMENT_3D ( 'NONE', #843, #4100, #820 ) ;
#4433 = DIRECTION ( 'NONE',  ( 0.0000000000000000000, 1.000000000000000000, 0.0000000000000000000 ) ) ;
#4434 = DIRECTION ( 'NONE',  ( 1.363460477434492400E-016, -0.0000000000000000000, 1.000000000000000000 ) ) ;
#4435 = ADVANCED_FACE ( 'NONE', ( #5583 ), #340, .T. ) ;
#4436 = DIRECTION ( 'NONE',  ( -1.000000000000000000, 0.0000000000000000000, 0.0000000000000000000 ) ) ;
#4437 = EDGE_LOOP ( 'NONE', ( #4653, #1595, #6041, #5581 ) ) ;
#4438 = CARTESIAN_POINT ( 'NONE',  ( 4.079999999999998300, 5.604581757840326100, 3.047427840906390200 ) ) ;
#4439 = EDGE_CURVE ( 'NONE', #7093, #1808, #4554, .T. ) ;
#4440 = CARTESIAN_POINT ( 'NONE',  ( 12.34000000000000700, 1.000000000000000000, -5.616553677309846100 ) ) ;
#4441 = EDGE_CURVE ( 'NONE', #6848, #6549, #4728, .T. ) ;
#4442 = VECTOR ( 'NONE', #580, 1000.000000000000000 ) ;
#4443 = VECTOR ( 'NONE', #2372, 1000.000000000000100 ) ;
#4444 = CIRCLE ( 'NONE', #2473, 1.000000000000000900 ) ;
#4445 = FACE_OUTER_BOUND ( 'NONE', #6904, .T. ) ;
#4446 = VECTOR ( 'NONE', #2562, 1000.000000000000000 ) ;
#4447 = LINE ( 'NONE', #4879, #3682 ) ;
#4448 = EDGE_CURVE ( 'NONE', #5335, #2451, #7076, .T. ) ;
#4449 = AXIS2_PLACEMENT_3D ( 'NONE', #6303, #5263, #5286 ) ;
#4450 = DIRECTION ( 'NONE',  ( 0.0000000000000000000, -0.2577550931996183700, -0.9662102834940516900 ) ) ;
#4451 = AXIS2_PLACEMENT_3D ( 'NONE', #845, #6946, #6345 ) ;
#4452 = DIRECTION ( 'NONE',  ( -1.953517427901810700E-016, 1.000000000000000000, -0.0000000000000000000 ) ) ;
#4453 = ORIENTED_EDGE ( 'NONE', *, *, #6060, .F. ) ;
#4454 = FACE_OUTER_BOUND ( 'NONE', #516, .T. ) ;
#4455 = LINE ( 'NONE', #2921, #7132 ) ;
#4456 = DIRECTION ( 'NONE',  ( -1.000000000000000000, 0.0000000000000000000, 0.0000000000000000000 ) ) ;
#4457 = CARTESIAN_POINT ( 'NONE',  ( -13.34000000000001100, 5.400000000000000400, -7.646282237245133100 ) ) ;
#4458 = EDGE_CURVE ( 'NONE', #1507, #3262, #4128, .T. ) ;
#4459 = LINE ( 'NONE', #1330, #4710 ) ;
#4460 = CARTESIAN_POINT ( 'NONE',  ( -9.054385677670433500, 5.400000000000000400, -9.895000000000008500 ) ) ;
#4461 = CARTESIAN_POINT ( 'NONE',  ( 12.52770066253094000, 5.400000000000000400, 7.162469536191364800 ) ) ;
#4462 = FACE_OUTER_BOUND ( 'NONE', #2089, .T. ) ;
#4463 = AXIS2_PLACEMENT_3D ( 'NONE', #3895, #2228, #577 ) ;
#4464 = VERTEX_POINT ( 'NONE', #5309 ) ;
#4465 = CARTESIAN_POINT ( 'NONE',  ( -1.734723475976806700E-015, 5.200000000000001100, -2.805000000000021900 ) ) ;
#4466 = VECTOR ( 'NONE', #4334, 1000.000000000000000 ) ;
#4467 = ORIENTED_EDGE ( 'NONE', *, *, #1949, .T. ) ;
#4468 = DIRECTION ( 'NONE',  ( 0.0000000000000000000, 0.0000000000000000000, -1.000000000000000000 ) ) ;
#4469 = PLANE ( 'NONE',  #991 ) ;
#4470 = VERTEX_POINT ( 'NONE', #6945 ) ;
#4471 = PLANE ( 'NONE',  #1903 ) ;
#4472 = FACE_OUTER_BOUND ( 'NONE', #3371, .T. ) ;
#4473 = CARTESIAN_POINT ( 'NONE',  ( -13.33592814371258800, 2.734076494996059200, -6.895000000000020900 ) ) ;
#4474 = EDGE_CURVE ( 'NONE', #632, #4694, #6036, .T. ) ;
#4475 = FACE_OUTER_BOUND ( 'NONE', #4992, .T. ) ;
#4476 = EDGE_CURVE ( 'NONE', #6707, #5221, #6889, .T. ) ;
#4477 = ORIENTED_EDGE ( 'NONE', *, *, #7137, .F. ) ;
#4478 = ORIENTED_EDGE ( 'NONE', *, *, #3225, .F. ) ;
#4479 = DIRECTION ( 'NONE',  ( 0.0000000000000000000, 0.0000000000000000000, -1.000000000000000000 ) ) ;
#4480 = ORIENTED_EDGE ( 'NONE', *, *, #1077, .F. ) ;
#4481 = EDGE_LOOP ( 'NONE', ( #6396, #6969, #2192 ) ) ;
#4482 = VECTOR ( 'NONE', #2453, 1000.000000000000000 ) ;
#4483 = ORIENTED_EDGE ( 'NONE', *, *, #4805, .T. ) ;
#4484 = AXIS2_PLACEMENT_3D ( 'NONE', #2689, #5401, #3770 ) ;
#4485 = ORIENTED_EDGE ( 'NONE', *, *, #5333, .F. ) ;
#4486 = ORIENTED_EDGE ( 'NONE', *, *, #742, .T. ) ;
#4487 = VERTEX_POINT ( 'NONE', #306 ) ;
#4488 = CIRCLE ( 'NONE', #1609, 1.500000000000001300 ) ;
#4489 = ORIENTED_EDGE ( 'NONE', *, *, #61, .T. ) ;
#4490 = CARTESIAN_POINT ( 'NONE',  ( -2.500000000000000000, 0.0000000000000000000, 9.577435161073747600 ) ) ;
#4491 = CARTESIAN_POINT ( 'NONE',  ( 12.36848664453580100, 5.620000000000000100, -11.09499999999999900 ) ) ;
#4492 = CARTESIAN_POINT ( 'NONE',  ( -4.079999999999998300, 4.383326286608009600, -1.569848563824564300 ) ) ;
#4493 = VECTOR ( 'NONE', #2389, 1000.000000000000000 ) ;
#4494 = EDGE_CURVE ( 'NONE', #4431, #4912, #2936, .T. ) ;
#4495 = AXIS2_PLACEMENT_3D ( 'NONE', #6781, #3445, #5640 ) ;
#4496 = ADVANCED_FACE ( 'NONE', ( #1451 ), #1272, .T. ) ;
#4497 = DIRECTION ( 'NONE',  ( 0.0000000000000000000, 1.000000000000000000, 0.0000000000000000000 ) ) ;
#4498 = ORIENTED_EDGE ( 'NONE', *, *, #6669, .F. ) ;
#4499 = DIRECTION ( 'NONE',  ( 1.000000000000000000, 0.0000000000000000000, 0.0000000000000000000 ) ) ;
#4500 = VECTOR ( 'NONE', #4964, 1000.000000000000000 ) ;
#4501 = CARTESIAN_POINT ( 'NONE',  ( -12.36848664453580100, 5.720000000000000600, -9.205000000000005400 ) ) ;
#4502 = ORIENTED_EDGE ( 'NONE', *, *, #3718, .T. ) ;
#4503 = ORIENTED_EDGE ( 'NONE', *, *, #5042, .T. ) ;
#4504 = CARTESIAN_POINT ( 'NONE',  ( 4.079999999999998300, 5.720000000000001500, 3.927862566056164400 ) ) ;
#4505 = ORIENTED_EDGE ( 'NONE', *, *, #3007, .T. ) ;
#4506 = VERTEX_POINT ( 'NONE', #1429 ) ;
#4507 = CARTESIAN_POINT ( 'NONE',  ( -9.991930185743171900, 5.720000000000000600, -9.205000000000007200 ) ) ;
#4508 = DIRECTION ( 'NONE',  ( 1.000000000000000000, -0.0000000000000000000, -0.0000000000000000000 ) ) ;
#4509 = DIRECTION ( 'NONE',  ( 1.000000000000000000, -3.491481338843133400E-015, -1.101411730778925300E-016 ) ) ;
#4510 = PLANE ( 'NONE',  #3720 ) ;
#4511 = CARTESIAN_POINT ( 'NONE',  ( 1.499999999999998700, 5.400000000000000400, -13.09081423205049400 ) ) ;
#4512 = VECTOR ( 'NONE', #5318, 1000.000000000000000 ) ;
#4513 = LINE ( 'NONE', #5128, #1398 ) ;
#4514 = EDGE_CURVE ( 'NONE', #255, #5840, #5677, .T. ) ;
#4515 = LINE ( 'NONE', #3946, #1584 ) ;
#4516 = CARTESIAN_POINT ( 'NONE',  ( -13.69999999999999800, 5.620000000000002800, 6.544999999999995500 ) ) ;
#4517 = DIRECTION ( 'NONE',  ( 0.0000000000000000000, -1.000000000000000000, 0.0000000000000000000 ) ) ;
#4518 = DIRECTION ( 'NONE',  ( 0.0000000000000000000, -1.000000000000000000, 0.0000000000000000000 ) ) ;
#4519 = VECTOR ( 'NONE', #5804, 1000.000000000000100 ) ;
#4520 = CIRCLE ( 'NONE', #6752, 1.145000000000000200 ) ;
#4521 = LINE ( 'NONE', #2364, #3586 ) ;
#4522 = EDGE_CURVE ( 'NONE', #3620, #1436, #4230, .T. ) ;
#4523 = ORIENTED_EDGE ( 'NONE', *, *, #1736, .F. ) ;
#4524 = VECTOR ( 'NONE', #2999, 1000.000000000000000 ) ;
#4525 = DIRECTION ( 'NONE',  ( 0.0000000000000000000, 1.000000000000000000, 0.0000000000000000000 ) ) ;
#4526 = ORIENTED_EDGE ( 'NONE', *, *, #5878, .F. ) ;
#4527 = AXIS2_PLACEMENT_3D ( 'NONE', #2082, #6992, #3742 ) ;
#4528 = VECTOR ( 'NONE', #1585, 1000.000000000000100 ) ;
#4529 = AXIS2_PLACEMENT_3D ( 'NONE', #2988, #4624, #6960 ) ;
#4530 = CARTESIAN_POINT ( 'NONE',  ( -13.81844900620361300, 1.000000000000000000, 8.960138857142752000 ) ) ;
#4531 = CARTESIAN_POINT ( 'NONE',  ( 12.84000000000001100, 1.000000000000000000, -10.89500000000000300 ) ) ;
#4532 = DIRECTION ( 'NONE',  ( 0.0000000000000000000, 0.0000000000000000000, 1.000000000000000000 ) ) ;
#4533 = ADVANCED_FACE ( 'NONE', ( #5854 ), #7166, .T. ) ;
#4534 = VECTOR ( 'NONE', #658, 1000.000000000000000 ) ;
#4535 = ORIENTED_EDGE ( 'NONE', *, *, #2151, .F. ) ;
#4536 = AXIS2_PLACEMENT_3D ( 'NONE', #3800, #1561, #555 ) ;
#4537 = EDGE_CURVE ( 'NONE', #1884, #4464, #2250, .T. ) ;
#4539 = DIRECTION ( 'NONE',  ( -3.469446951953613400E-015, -1.000000000000000000, -2.168404344971008400E-016 ) ) ;
#4538 = MECHANICAL_DESIGN_GEOMETRIC_PRESENTATION_REPRESENTATION (  '', ( #5554 ), #724 ) ;
#4540 = ORIENTED_EDGE ( 'NONE', *, *, #1575, .T. ) ;
#4541 = DIRECTION ( 'NONE',  ( 0.0000000000000000000, 8.036057834512290200E-015, -1.000000000000000000 ) ) ;
#4542 = ORIENTED_EDGE ( 'NONE', *, *, #5629, .F. ) ;
#4543 = VERTEX_POINT ( 'NONE', #486 ) ;
#4544 = VECTOR ( 'NONE', #3239, 1000.000000000000000 ) ;
#4545 = DIRECTION ( 'NONE',  ( -3.469446951953613400E-015, 1.000000000000000000, 4.379057701015053300E-047 ) ) ;
#4546 = DIRECTION ( 'NONE',  ( 1.000000000000000000, 0.0000000000000000000, 0.0000000000000000000 ) ) ;
#4547 = AXIS2_PLACEMENT_3D ( 'NONE', #4954, #6665, #2675 ) ;
#4548 = VERTEX_POINT ( 'NONE', #7096 ) ;
#4549 = DIRECTION ( 'NONE',  ( 1.000000000000000000, -0.0000000000000000000, -0.0000000000000000000 ) ) ;
#4550 = CARTESIAN_POINT ( 'NONE',  ( -2.220000000000002400, 5.399999999999999500, 9.844673495138421200 ) ) ;
#4551 = DIRECTION ( 'NONE',  ( 1.000000000000000000, 0.0000000000000000000, 1.101411730778925300E-016 ) ) ;
#4552 = ORIENTED_EDGE ( 'NONE', *, *, #1845, .T. ) ;
#4553 = ORIENTED_EDGE ( 'NONE', *, *, #2184, .F. ) ;
#4554 = LINE ( 'NONE', #5847, #4815 ) ;
#4555 = CARTESIAN_POINT ( 'NONE',  ( 2.220000000000003300, 5.399999999999994100, 10.84564684601180300 ) ) ;
#4556 = DIRECTION ( 'NONE',  ( 0.0000000000000000000, 0.0000000000000000000, 1.000000000000000000 ) ) ;
#4557 = EDGE_LOOP ( 'NONE', ( #1865, #6652, #6322, #1726 ) ) ;
#4558 = ORIENTED_EDGE ( 'NONE', *, *, #2877, .F. ) ;
#4559 = DIRECTION ( 'NONE',  ( 0.0000000000000000000, 0.0000000000000000000, 1.000000000000000000 ) ) ;
#4560 = AXIS2_PLACEMENT_3D ( 'NONE', #5125, #6816, #5697 ) ;
#4561 = EDGE_LOOP ( 'NONE', ( #5686, #5755, #2001, #2839 ) ) ;
#4562 = PLANE ( 'NONE',  #7034 ) ;
#4563 = EDGE_CURVE ( 'NONE', #6954, #6284, #4220, .T. ) ;
#4564 = ORIENTED_EDGE ( 'NONE', *, *, #4774, .F. ) ;
#4565 = FACE_OUTER_BOUND ( 'NONE', #7049, .T. ) ;
#4566 = ORIENTED_EDGE ( 'NONE', *, *, #2436, .F. ) ;
#4567 = ORIENTED_EDGE ( 'NONE', *, *, #1068, .T. ) ;
#4568 = CARTESIAN_POINT ( 'NONE',  ( 4.079999999999998300, 5.797823814539136800, 2.995876822266466900 ) ) ;
#4569 = EDGE_LOOP ( 'NONE', ( #5122, #4305, #2282, #6995 ) ) ;
#4570 = CIRCLE ( 'NONE', #741, 11.50000000000000000 ) ;
#4571 = ORIENTED_EDGE ( 'NONE', *, *, #3998, .T. ) ;
#4572 = EDGE_CURVE ( 'NONE', #2910, #5178, #3963, .T. ) ;
#4573 = DIRECTION ( 'NONE',  ( 0.0000000000000000000, 0.0000000000000000000, -1.000000000000000000 ) ) ;
#4575 = AXIS2_PLACEMENT_3D ( 'NONE', #1380, #2953, #5229 ) ;
#4574 = DIRECTION ( 'NONE',  ( 1.000000000000000000, 1.561960177346129100E-016, 0.0000000000000000000 ) ) ;
#4576 = DIRECTION ( 'NONE',  ( 1.101411730778925200E-016, -0.0000000000000000000, -1.000000000000000000 ) ) ;
#4577 = VECTOR ( 'NONE', #4874, 1000.000000000000000 ) ;
#4578 = CARTESIAN_POINT ( 'NONE',  ( 12.59999999999999800, 1.000000000000000000, 9.834999999999979500 ) ) ;
#4579 = ORIENTED_EDGE ( 'NONE', *, *, #989, .T. ) ;
#4580 = DIRECTION ( 'NONE',  ( 0.0000000000000000000, 1.000000000000000000, 0.0000000000000000000 ) ) ;
#4581 = CARTESIAN_POINT ( 'NONE',  ( 9.428150001776066000, 0.3644977664323063000, -10.67800926865091400 ) ) ;
#4582 = EDGE_CURVE ( 'NONE', #7031, #2175, #6551, .T. ) ;
#4583 = AXIS2_PLACEMENT_3D ( 'NONE', #5806, #6349, #6903 ) ;
#4584 = CARTESIAN_POINT ( 'NONE',  ( 6.104999999999997800, 5.720000000000000600, 3.927862566056164400 ) ) ;
#4585 = CARTESIAN_POINT ( 'NONE',  ( -8.673617379884035500E-015, 1.000000000000000000, 9.796194863093500500 ) ) ;
#4586 = ORIENTED_EDGE ( 'NONE', *, *, #5100, .T. ) ;
#4587 = ORIENTED_EDGE ( 'NONE', *, *, #16, .F. ) ;
#4588 = CARTESIAN_POINT ( 'NONE',  ( 12.23900214361332300, 0.0000000000000000000, 11.29091227334759800 ) ) ;
#4589 = DIRECTION ( 'NONE',  ( 0.0000000000000000000, 1.000000000000000000, 0.0000000000000000000 ) ) ;
#4590 = EDGE_LOOP ( 'NONE', ( #1899, #1778, #3467, #1797, #6363, #4130, #3919, #4734 ) ) ;
#4591 = PLANE ( 'NONE',  #3719 ) ;
#4592 = VECTOR ( 'NONE', #1587, 1000.000000000000000 ) ;
#4593 = VECTOR ( 'NONE', #3673, 1000.000000000000000 ) ;
#4594 = CARTESIAN_POINT ( 'NONE',  ( 12.60174792785621500, 0.02602734134870092500, -10.02587396392803300 ) ) ;
#4595 = CIRCLE ( 'NONE', #6898, 1.500000000000001300 ) ;
#4596 = CARTESIAN_POINT ( 'NONE',  ( 6.079999999999998300, 5.604581757840326100, 3.047427840906390600 ) ) ;
#4597 = AXIS2_PLACEMENT_3D ( 'NONE', #644, #5624, #1219 ) ;
#4598 = PLANE ( 'NONE',  #7170 ) ;
#4599 = EDGE_CURVE ( 'NONE', #6560, #7074, #676, .T. ) ;
#4600 = CIRCLE ( 'NONE', #3684, 50.85488151972597100 ) ;
#4601 = FACE_OUTER_BOUND ( 'NONE', #5845, .T. ) ;
#4602 = VECTOR ( 'NONE', #4682, 1000.000000000000000 ) ;
#4603 = CARTESIAN_POINT ( 'NONE',  ( 14.79703923862027700, -0.4131883529488403800, 8.025084503675147500 ) ) ;
#4604 = CARTESIAN_POINT ( 'NONE',  ( -8.673617379884035500E-015, 5.400000000000000400, 10.79619486309350200 ) ) ;
#4605 = ADVANCED_FACE ( 'NONE', ( #2330 ), #1113, .T. ) ;
#4606 = DIRECTION ( 'NONE',  ( 0.0000000000000000000, -0.0000000000000000000, -1.000000000000000000 ) ) ;
#4607 = DIRECTION ( 'NONE',  ( 0.0000000000000000000, -1.000000000000000000, 0.0000000000000000000 ) ) ;
#4608 = ORIENTED_EDGE ( 'NONE', *, *, #6435, .F. ) ;
#4609 = FACE_OUTER_BOUND ( 'NONE', #4365, .T. ) ;
#4610 = CARTESIAN_POINT ( 'NONE',  ( -6.079999999999998300, 5.720000000000001500, 3.927862566056164400 ) ) ;
#4611 = EDGE_CURVE ( 'NONE', #4198, #5148, #328, .T. ) ;
#4612 = LINE ( 'NONE', #4167, #3175 ) ;
#4613 = DIRECTION ( 'NONE',  ( -3.469446951953613400E-015, -1.000000000000000000, -2.168404344971008400E-016 ) ) ;
#4614 = DIRECTION ( 'NONE',  ( 1.000000000000000000, 0.0000000000000000000, 0.0000000000000000000 ) ) ;
#4615 = DIRECTION ( 'NONE',  ( -0.0000000000000000000, -1.000000000000000000, -0.0000000000000000000 ) ) ;
#4616 = LINE ( 'NONE', #233, #4884 ) ;
#4617 = DIRECTION ( 'NONE',  ( 0.0000000000000000000, 0.0000000000000000000, -1.000000000000000000 ) ) ;
#4618 = EDGE_CURVE ( 'NONE', #860, #2948, #4806, .T. ) ;
#4619 = AXIS2_PLACEMENT_3D ( 'NONE', #4077, #1952, #4098 ) ;
#4620 = DIRECTION ( 'NONE',  ( 0.0000000000000000000, 1.000000000000000000, 0.0000000000000000000 ) ) ;
#4621 = FACE_OUTER_BOUND ( 'NONE', #282, .T. ) ;
#4622 = CARTESIAN_POINT ( 'NONE',  ( -6.659999999999999300, 5.399999999999998600, -15.30500000000002300 ) ) ;
#4623 = PLANE ( 'NONE',  #2484 ) ;
#4624 = DIRECTION ( 'NONE',  ( 0.0000000000000000000, -1.000000000000000000, 0.0000000000000000000 ) ) ;
#4625 = LINE ( 'NONE', #6689, #776 ) ;
#4626 = ORIENTED_EDGE ( 'NONE', *, *, #4582, .F. ) ;
#4627 = DIRECTION ( 'NONE',  ( -0.0000000000000000000, 1.000000000000000000, 0.0000000000000000000 ) ) ;
#4628 = EDGE_LOOP ( 'NONE', ( #6378, #1033, #6018, #6591 ) ) ;
#4629 = AXIS2_PLACEMENT_3D ( 'NONE', #4178, #5711, #6279 ) ;
#4630 = CARTESIAN_POINT ( 'NONE',  ( -12.84000000000001100, 5.400000000000000400, -10.89500000000000700 ) ) ;
#4631 = ORIENTED_EDGE ( 'NONE', *, *, #1180, .F. ) ;
#4632 = CIRCLE ( 'NONE', #2337, 0.7950000000000110300 ) ;
#4633 = CARTESIAN_POINT ( 'NONE',  ( 9.991930185743171900, 5.620000000000000100, -10.79499999999999800 ) ) ;
#4634 = VECTOR ( 'NONE', #914, 1000.000000000000100 ) ;
#4635 = VERTEX_POINT ( 'NONE', #4291 ) ;
#4636 = EDGE_LOOP ( 'NONE', ( #2777, #6922, #4586, #3054 ) ) ;
#4637 = ADVANCED_FACE ( 'NONE', ( #2071 ), #992, .T. ) ;
#4638 = CARTESIAN_POINT ( 'NONE',  ( 12.34000000000000900, 5.400000000000000400, 6.901052410065907400 ) ) ;
#4639 = ORIENTED_EDGE ( 'NONE', *, *, #3906, .F. ) ;
#4640 = ORIENTED_EDGE ( 'NONE', *, *, #1574, .T. ) ;
#4641 = LINE ( 'NONE', #3865, #2340 ) ;
#4642 = DIRECTION ( 'NONE',  ( 1.000000000000000000, 0.0000000000000000000, 0.0000000000000000000 ) ) ;
#4643 = EDGE_CURVE ( 'NONE', #6089, #6646, #510, .T. ) ;
#4644 = VERTEX_POINT ( 'NONE', #5431 ) ;
#4645 = DIRECTION ( 'NONE',  ( -0.0000000000000000000, -0.0000000000000000000, -1.000000000000000000 ) ) ;
#4646 = ORIENTED_EDGE ( 'NONE', *, *, #2959, .F. ) ;
#4647 = ORIENTED_EDGE ( 'NONE', *, *, #4765, .F. ) ;
#4648 = CARTESIAN_POINT ( 'NONE',  ( -4.054999999999997900, 5.720000000000000600, -1.530520863929464100 ) ) ;
#4649 = VECTOR ( 'NONE', #969, 1000.000000000000100 ) ;
#4650 = DIRECTION ( 'NONE',  ( 1.000000000000000000, 0.0000000000000000000, -0.0000000000000000000 ) ) ;
#4651 = CARTESIAN_POINT ( 'NONE',  ( 6.659999999999999300, 3.879999999999999900, -15.30500000000002300 ) ) ;
#4652 = CARTESIAN_POINT ( 'NONE',  ( -13.70000000000000600, 0.2000000000000075600, 0.6349999999999784700 ) ) ;
#4653 = ORIENTED_EDGE ( 'NONE', *, *, #5126, .F. ) ;
#4654 = EDGE_CURVE ( 'NONE', #4133, #5594, #859, .T. ) ;
#4655 = CARTESIAN_POINT ( 'NONE',  ( -12.60000000000000500, 0.9999999999999991100, 9.834999999999976000 ) ) ;
#4656 = CARTESIAN_POINT ( 'NONE',  ( -13.34000000000001100, 5.400000000000000400, -10.39500000000000700 ) ) ;
#4657 = ORIENTED_EDGE ( 'NONE', *, *, #4164, .F. ) ;
#4658 = DIRECTION ( 'NONE',  ( -0.6956930964556291600, 0.0000000000000000000, -0.7183391368594493900 ) ) ;
#4659 = DIRECTION ( 'NONE',  ( 0.0000000000000000000, 0.0000000000000000000, 1.000000000000000000 ) ) ;
#4660 = VECTOR ( 'NONE', #2583, 1000.000000000000000 ) ;
#4661 = EDGE_CURVE ( 'NONE', #2501, #5833, #5409, .T. ) ;
#4662 = ORIENTED_EDGE ( 'NONE', *, *, #4494, .T. ) ;
#4663 = CARTESIAN_POINT ( 'NONE',  ( 13.49129207106330600, 5.620000000000002800, 6.760501741057831600 ) ) ;
#4665 = DIRECTION ( 'NONE',  ( 0.0000000000000000000, 1.000000000000000000, 0.0000000000000000000 ) ) ;
#4664 = AXIS2_PLACEMENT_3D ( 'NONE', #2390, #1221, #4006 ) ;
#4666 = AXIS2_PLACEMENT_3D ( 'NONE', #4383, #4929, #3215 ) ;
#4667 = DIRECTION ( 'NONE',  ( 0.0000000000000000000, 0.9662102834940529100, -0.2577550931996145400 ) ) ;
#4668 = DIRECTION ( 'NONE',  ( 0.0000000000000000000, 1.000000000000000000, 0.0000000000000000000 ) ) ;
#4669 = LINE ( 'NONE', #3569, #714 ) ;
#4670 = DIRECTION ( 'NONE',  ( 1.000000000000000000, -0.0000000000000000000, -0.0000000000000000000 ) ) ;
#4671 = EDGE_LOOP ( 'NONE', ( #6310, #4907, #1361, #6213 ) ) ;
#4672 = VERTEX_POINT ( 'NONE', #2665 ) ;
#4673 = EDGE_CURVE ( 'NONE', #5416, #1209, #1983, .T. ) ;
#4674 = CARTESIAN_POINT ( 'NONE',  ( -12.34000000000001200, 1.084202172485504400E-016, -9.895000000000008500 ) ) ;
#4675 = CARTESIAN_POINT ( 'NONE',  ( -14.88750000000000100, 1.098781177271262200E-014, -1.905000000000021800 ) ) ;
#4676 = ADVANCED_FACE ( 'NONE', ( #3366 ), #595, .T. ) ;
#4677 = CARTESIAN_POINT ( 'NONE',  ( -13.40000000000000600, 0.3000000000000083700, 0.6349999999999784700 ) ) ;
#4678 = CIRCLE ( 'NONE', #2679, 0.2999999999999999300 ) ;
#4679 = LINE ( 'NONE', #4117, #6757 ) ;
#4680 = CIRCLE ( 'NONE', #4955, 0.09999999999999939500 ) ;
#4681 = DIRECTION ( 'NONE',  ( 0.0000000000000000000, 0.0000000000000000000, 1.000000000000000000 ) ) ;
#4682 = DIRECTION ( 'NONE',  ( -0.0000000000000000000, -0.0000000000000000000, -1.000000000000000000 ) ) ;
#4683 = CARTESIAN_POINT ( 'NONE',  ( -6.659999999999999300, 3.879999999999998100, -15.30500000000002300 ) ) ;
#4684 = CARTESIAN_POINT ( 'NONE',  ( -13.39999999999999500, 5.620000000000002800, 6.544999999999995500 ) ) ;
#4685 = AXIS2_PLACEMENT_3D ( 'NONE', #5610, #6723, #2331 ) ;
#4686 = CIRCLE ( 'NONE', #4327, 0.2999999999999999300 ) ;
#4687 = VECTOR ( 'NONE', #2206, 1000.000000000000000 ) ;
#4688 = EDGE_CURVE ( 'NONE', #1246, #3911, #4896, .T. ) ;
#4689 = VECTOR ( 'NONE', #1669, 1000.000000000000000 ) ;
#4690 = CARTESIAN_POINT ( 'NONE',  ( 13.34000000000001100, 5.400000000000000400, -7.646282237245129600 ) ) ;
#4691 = DIRECTION ( 'NONE',  ( 1.000000000000000000, -1.028143289152397600E-044, 1.472359708348122600E-030 ) ) ;
#4692 = CARTESIAN_POINT ( 'NONE',  ( 13.63043069035443200, 1.720000000000000200, 6.616833913685941800 ) ) ;
#4693 = PLANE ( 'NONE',  #5051 ) ;
#4694 = VERTEX_POINT ( 'NONE', #3788 ) ;
#4695 = LINE ( 'NONE', #2398, #4959 ) ;
#4696 = PLANE ( 'NONE',  #7044 ) ;
#4697 = AXIS2_PLACEMENT_3D ( 'NONE', #4703, #359, #323 ) ;
#4698 = EDGE_CURVE ( 'NONE', #5520, #5943, #6201, .T. ) ;
#4699 = ORIENTED_EDGE ( 'NONE', *, *, #6475, .T. ) ;
#4700 = CARTESIAN_POINT ( 'NONE',  ( -12.73533255410653500, 0.06750116944100577300, -10.29033255410668700 ) ) ;
#4701 = DIRECTION ( 'NONE',  ( 1.363460477434492400E-016, 0.0000000000000000000, -1.000000000000000000 ) ) ;
#4702 = FACE_OUTER_BOUND ( 'NONE', #4103, .T. ) ;
#4703 = CARTESIAN_POINT ( 'NONE',  ( -1.734723475976806700E-015, 1.000000000000000000, -2.805000000000021900 ) ) ;
#4704 = PLANE ( 'NONE',  #6159 ) ;
#4705 = CARTESIAN_POINT ( 'NONE',  ( 12.34000000000001100, 1.000000000000000000, -8.173446322690198300 ) ) ;
#4706 = EDGE_CURVE ( 'NONE', #5522, #3811, #1619, .T. ) ;
#4707 = EDGE_LOOP ( 'NONE', ( #3784, #1889, #5939, #416 ) ) ;
#4708 = DIRECTION ( 'NONE',  ( 0.0000000000000000000, 0.0000000000000000000, 1.000000000000000000 ) ) ;
#4709 = EDGE_CURVE ( 'NONE', #3454, #6183, #5059, .T. ) ;
#4710 = VECTOR ( 'NONE', #4614, 1000.000000000000000 ) ;
#4711 = DIRECTION ( 'NONE',  ( -0.0000000000000000000, -0.2577550931996183700, -0.9662102834940518000 ) ) ;
#4712 = ORIENTED_EDGE ( 'NONE', *, *, #7013, .F. ) ;
#4713 = ADVANCED_FACE ( 'NONE', ( #2408 ), #5568, .F. ) ;
#4714 = CARTESIAN_POINT ( 'NONE',  ( -13.39999999999999300, 5.620000000000001900, 6.544999999999995500 ) ) ;
#4715 = CARTESIAN_POINT ( 'NONE',  ( 12.34000000000001100, 0.0000000000000000000, -8.173446322690198300 ) ) ;
#4716 = ORIENTED_EDGE ( 'NONE', *, *, #5723, .F. ) ;
#4717 = ORIENTED_EDGE ( 'NONE', *, *, #5193, .T. ) ;
#4718 = DIRECTION ( 'NONE',  ( -1.363460477434492400E-016, 0.0000000000000000000, 1.000000000000000000 ) ) ;
#4719 = ORIENTED_EDGE ( 'NONE', *, *, #1412, .F. ) ;
#4720 = EDGE_CURVE ( 'NONE', #6549, #6299, #2764, .T. ) ;
#4721 = ORIENTED_EDGE ( 'NONE', *, *, #908, .T. ) ;
#4722 = FACE_OUTER_BOUND ( 'NONE', #2968, .T. ) ;
#4723 = ORIENTED_EDGE ( 'NONE', *, *, #5734, .T. ) ;
#4724 = CARTESIAN_POINT ( 'NONE',  ( -12.53871931895498000, 0.01310357430006642600, -10.09371931895482200 ) ) ;
#4725 = PLANE ( 'NONE',  #2284 ) ;
#4726 = ORIENTED_EDGE ( 'NONE', *, *, #4881, .F. ) ;
#4727 = EDGE_LOOP ( 'NONE', ( #2368, #192, #1660, #431 ) ) ;
#4728 = CIRCLE ( 'NONE', #6017, 0.09999999999999939500 ) ;
#4729 = AXIS2_PLACEMENT_3D ( 'NONE', #855, #6926, #3655 ) ;
#4730 = ORIENTED_EDGE ( 'NONE', *, *, #3629, .F. ) ;
#4731 = EDGE_CURVE ( 'NONE', #5244, #3048, #5668, .T. ) ;
#4732 = PLANE ( 'NONE',  #4033 ) ;
#4733 = CARTESIAN_POINT ( 'NONE',  ( 6.747374629565455500, 5.720000000000000600, 9.594999999999997100 ) ) ;
#4734 = ORIENTED_EDGE ( 'NONE', *, *, #2580, .T. ) ;
#4735 = DIRECTION ( 'NONE',  ( 0.0000000000000000000, 1.000000000000000000, 0.0000000000000000000 ) ) ;
#4736 = CARTESIAN_POINT ( 'NONE',  ( 4.079999999999998300, 4.583326286608009800, -1.569848563824564300 ) ) ;
#4737 = EDGE_LOOP ( 'NONE', ( #1786, #1351 ) ) ;
#4738 = VERTEX_POINT ( 'NONE', #6073 ) ;
#4739 = VECTOR ( 'NONE', #4140, 1000.000000000000000 ) ;
#4740 = ORIENTED_EDGE ( 'NONE', *, *, #2231, .T. ) ;
#4741 = ORIENTED_EDGE ( 'NONE', *, *, #5617, .T. ) ;
#4742 = CARTESIAN_POINT ( 'NONE',  ( -12.59999999999999600, 5.720000000000000600, 7.644999999999995100 ) ) ;
#4743 = DIRECTION ( 'NONE',  ( 1.000000000000000000, 3.025680481354897600E-015, -0.0000000000000000000 ) ) ;
#4744 = EDGE_LOOP ( 'NONE', ( #5047, #1539, #4241, #1753 ) ) ;
#4745 = EDGE_CURVE ( 'NONE', #258, #4672, #6797, .T. ) ;
#4746 = EDGE_CURVE ( 'NONE', #3908, #3235, #5228, .T. ) ;
#4747 = DIRECTION ( 'NONE',  ( 0.0000000000000000000, 8.673617379884037000E-015, 1.000000000000000000 ) ) ;
#4748 = FACE_OUTER_BOUND ( 'NONE', #921, .T. ) ;
#4749 = ORIENTED_EDGE ( 'NONE', *, *, #1329, .T. ) ;
#4750 = ADVANCED_FACE ( 'NONE', ( #154 ), #3951, .T. ) ;
#4751 = FACE_OUTER_BOUND ( 'NONE', #3443, .T. ) ;
#4752 = PLANE ( 'NONE',  #5264 ) ;
#4753 = CARTESIAN_POINT ( 'NONE',  ( -13.51574803149607700, 3.420000000000027900, -6.895000000000020900 ) ) ;
#4754 = AXIS2_PLACEMENT_3D ( 'NONE', #3618, #2564, #4145 ) ;
#4755 = ADVANCED_FACE ( 'NONE', ( #422 ), #5040, .T. ) ;
#4756 = ORIENTED_EDGE ( 'NONE', *, *, #2435, .F. ) ;
#4757 = CARTESIAN_POINT ( 'NONE',  ( 6.079999999999998300, 4.383326286608009600, -1.569848563824564300 ) ) ;
#4758 = CARTESIAN_POINT ( 'NONE',  ( -13.29999999999999500, 5.620000000000002800, -9.205000000000005400 ) ) ;
#4759 = LINE ( 'NONE', #1655, #5017 ) ;
#4760 = ORIENTED_EDGE ( 'NONE', *, *, #4821, .F. ) ;
#4761 = ORIENTED_EDGE ( 'NONE', *, *, #5928, .F. ) ;
#4762 = ORIENTED_EDGE ( 'NONE', *, *, #207, .T. ) ;
#4763 = DIRECTION ( 'NONE',  ( 1.000000000000000000, 0.0000000000000000000, 0.0000000000000000000 ) ) ;
#4764 = ADVANCED_FACE ( 'NONE', ( #2926 ), #4469, .T. ) ;
#4765 = EDGE_CURVE ( 'NONE', #2974, #1378, #2155, .T. ) ;
#4766 = CARTESIAN_POINT ( 'NONE',  ( -2.500000000000000000, 3.000000000000000000, 9.577435161073747600 ) ) ;
#4767 = ORIENTED_EDGE ( 'NONE', *, *, #1447, .F. ) ;
#4768 = CARTESIAN_POINT ( 'NONE',  ( 12.34000000000001100, 1.000000000000000000, -10.39500000000000300 ) ) ;
#4769 = CARTESIAN_POINT ( 'NONE',  ( -1.500000000000000000, 5.400000000000000400, 9.280814232050447600 ) ) ;
#4770 = CARTESIAN_POINT ( 'NONE',  ( 13.51574803149607900, 3.948324337697263900, -6.895000000000020900 ) ) ;
#4771 = TOROIDAL_SURFACE ( 'NONE', #2772, 0.7792464308548483500, 0.1000000000000000100 ) ;
#4772 = LINE ( 'NONE', #6469, #6519 ) ;
#4773 = EDGE_CURVE ( 'NONE', #6817, #5329, #2494, .T. ) ;
#4774 = EDGE_CURVE ( 'NONE', #4405, #3016, #5322, .T. ) ;
#4775 = LINE ( 'NONE', #547, #482 ) ;
#4776 = CARTESIAN_POINT ( 'NONE',  ( -13.39999999999999900, 5.620000000000003700, -9.205000000000005400 ) ) ;
#4777 = CARTESIAN_POINT ( 'NONE',  ( -1.734723475976806700E-015, 3.879999999999999900, -2.805000000000021900 ) ) ;
#4778 = ORIENTED_EDGE ( 'NONE', *, *, #6827, .F. ) ;
#4779 = FACE_OUTER_BOUND ( 'NONE', #6246, .T. ) ;
#4780 = DIRECTION ( 'NONE',  ( 1.994743669622075200E-015, 0.0000000000000000000, -1.000000000000000000 ) ) ;
#4781 = LINE ( 'NONE', #4317, #39 ) ;
#4782 = CARTESIAN_POINT ( 'NONE',  ( -4.079999999999998300, 4.583326286608009800, -3.247895313489022500 ) ) ;
#4783 = ADVANCED_FACE ( 'NONE', ( #2241 ), #6380, .F. ) ;
#4784 = DIRECTION ( 'NONE',  ( 0.0000000000000000000, 0.0000000000000000000, 1.000000000000000000 ) ) ;
#4785 = AXIS2_PLACEMENT_3D ( 'NONE', #6343, #1956, #6365 ) ;
#4786 = VERTEX_POINT ( 'NONE', #1676 ) ;
#4787 = CYLINDRICAL_SURFACE ( 'NONE', #337, 50.00000000000000700 ) ;
#4788 = ADVANCED_FACE ( 'NONE', ( #4722 ), #2917, .F. ) ;
#4789 = PLANE ( 'NONE',  #4221 ) ;
#4790 = VECTOR ( 'NONE', #3326, 1000.000000000000000 ) ;
#4791 = CARTESIAN_POINT ( 'NONE',  ( 4.079999999999998300, 4.586705258258603200, -1.544073054504602900 ) ) ;
#4792 = CARTESIAN_POINT ( 'NONE',  ( 13.70000000000000600, 0.2000000000000075600, 0.6349999999999784700 ) ) ;
#4793 = DIRECTION ( 'NONE',  ( 0.0000000000000000000, 0.0000000000000000000, 1.000000000000000000 ) ) ;
#4794 = ORIENTED_EDGE ( 'NONE', *, *, #6192, .T. ) ;
#4795 = LINE ( 'NONE', #1226, #2753 ) ;
#4796 = EDGE_CURVE ( 'NONE', #3013, #3463, #590, .T. ) ;
#4797 = ADVANCED_FACE ( 'NONE', ( #5135 ), #1882, .T. ) ;
#4798 = ORIENTED_EDGE ( 'NONE', *, *, #3830, .F. ) ;
#4799 = DIRECTION ( 'NONE',  ( -1.000000000000000000, 0.0000000000000000000, 0.0000000000000000000 ) ) ;
#4800 = VECTOR ( 'NONE', #787, 1000.000000000000000 ) ;
#4801 = DIRECTION ( 'NONE',  ( -1.994743669622075200E-015, 0.0000000000000000000, 1.000000000000000000 ) ) ;
#4802 = EDGE_LOOP ( 'NONE', ( #1603, #4760, #1194, #4401, #7024, #5363 ) ) ;
#4803 = DIRECTION ( 'NONE',  ( 0.0000000000000000000, 0.0000000000000000000, -1.000000000000000000 ) ) ;
#4804 = DIRECTION ( 'NONE',  ( -1.000000000000000000, 0.0000000000000000000, 0.0000000000000000000 ) ) ;
#4805 = EDGE_CURVE ( 'NONE', #7159, #6410, #6462, .T. ) ;
#4806 = CIRCLE ( 'NONE', #5200, 1.000000000000000700 ) ;
#4807 = AXIS2_PLACEMENT_3D ( 'NONE', #5882, #4150, #286 ) ;
#4808 = AXIS2_PLACEMENT_3D ( 'NONE', #5455, #1624, #3188 ) ;
#4809 = DIRECTION ( 'NONE',  ( 0.0000000000000000000, 0.0000000000000000000, -1.000000000000000000 ) ) ;
#4810 = B_SPLINE_CURVE_WITH_KNOTS ( 'NONE', 3,
 ( #4931, #6022, #1629, #894, #465, #4857, #7099, #5478, #6559, #5950 ),
 .UNSPECIFIED., .F., .F.,
 ( 4, 2, 2, 2, 4 ),
 ( 2.168404344971008900E-018, 0.0004147309507746933900, 0.0008294619015493846000, 0.001244192852324075800, 0.001658923803098767000 ),
 .UNSPECIFIED. ) ;
#4811 = ORIENTED_EDGE ( 'NONE', *, *, #1613, .F. ) ;
#4812 = DIRECTION ( 'NONE',  ( -0.7183391368594560500, 0.0000000000000000000, -0.6956930964556222700 ) ) ;
#4813 = CARTESIAN_POINT ( 'NONE',  ( 13.34000000000000900, 1.000000000000001800, 6.579228774286547400 ) ) ;
#4814 = VERTEX_POINT ( 'NONE', #2367 ) ;
#4815 = VECTOR ( 'NONE', #1457, 1000.000000000000000 ) ;
#4816 = CARTESIAN_POINT ( 'NONE',  ( -13.60000000000000900, 1.720000000000000000, 6.544999999999995500 ) ) ;
#4817 = DIRECTION ( 'NONE',  ( 0.0000000000000000000, 0.0000000000000000000, 1.000000000000000000 ) ) ;
#4818 = CIRCLE ( 'NONE', #5168, 49.85488151972597100 ) ;
#4819 = ORIENTED_EDGE ( 'NONE', *, *, #4237, .F. ) ;
#4820 = EDGE_LOOP ( 'NONE', ( #3444, #244, #5980 ) ) ;
#4821 = EDGE_CURVE ( 'NONE', #1353, #3812, #3707, .T. ) ;
#4822 = DIRECTION ( 'NONE',  ( 0.0000000000000000000, 0.0000000000000000000, -1.000000000000000000 ) ) ;
#4823 = CARTESIAN_POINT ( 'NONE',  ( -13.40000000000001500, 3.420000000000027900, -6.895000000000020900 ) ) ;
#4824 = ORIENTED_EDGE ( 'NONE', *, *, #3065, .F. ) ;
#4825 = ORIENTED_EDGE ( 'NONE', *, *, #2403, .F. ) ;
#4826 = ADVANCED_FACE ( 'NONE', ( #7156 ), #2942, .F. ) ;
#4827 = ORIENTED_EDGE ( 'NONE', *, *, #6638, .T. ) ;
#4828 = VECTOR ( 'NONE', #6708, 1000.000000000000000 ) ;
#4829 = EDGE_LOOP ( 'NONE', ( #945, #3207, #1763, #1953 ) ) ;
#4830 = ORIENTED_EDGE ( 'NONE', *, *, #2733, .T. ) ;
#4831 = CARTESIAN_POINT ( 'NONE',  ( 6.659999999999999300, 3.879999999999999900, -15.30500000000002300 ) ) ;
#4832 = ORIENTED_EDGE ( 'NONE', *, *, #2932, .F. ) ;
#4833 = CARTESIAN_POINT ( 'NONE',  ( -8.673617379884035500E-015, 5.919999999999999900, 60.65107638281947500 ) ) ;
#4834 = ORIENTED_EDGE ( 'NONE', *, *, #1474, .F. ) ;
#4835 = AXIS2_PLACEMENT_3D ( 'NONE', #46, #5929, #4328 ) ;
#4836 = EDGE_CURVE ( 'NONE', #7151, #534, #3799, .T. ) ;
#4837 = FACE_OUTER_BOUND ( 'NONE', #2025, .T. ) ;
#4838 = DIRECTION ( 'NONE',  ( 1.000000000000000000, -0.0000000000000000000, -0.0000000000000000000 ) ) ;
#4839 = CARTESIAN_POINT ( 'NONE',  ( 13.60000000000001000, 1.720000000000006200, 0.6349999999999784700 ) ) ;
#4840 = VERTEX_POINT ( 'NONE', #200 ) ;
#4841 = CARTESIAN_POINT ( 'NONE',  ( -6.079999999999998300, 4.586705258258603200, -1.544073054504602900 ) ) ;
#4842 = DIRECTION ( 'NONE',  ( 0.0000000000000000000, 0.0000000000000000000, 1.000000000000000000 ) ) ;
#4843 = ADVANCED_FACE ( 'NONE', ( #1796 ), #6288, .T. ) ;
#4844 = CIRCLE ( 'NONE', #5667, 0.09999999999999982500 ) ;
#4845 = AXIS2_PLACEMENT_3D ( 'NONE', #1028, #2141, #2219 ) ;
#4846 = ORIENTED_EDGE ( 'NONE', *, *, #645, .T. ) ;
#4847 = EDGE_CURVE ( 'NONE', #4635, #3212, #6982, .T. ) ;
#4848 = LINE ( 'NONE', #661, #2962 ) ;
#4849 = CARTESIAN_POINT ( 'NONE',  ( 12.36848664453580100, 5.919999999999999900, -9.205000000000005400 ) ) ;
#4850 = EDGE_LOOP ( 'NONE', ( #5344, #564, #4262, #3875, #6555, #674, #3063, #6392 ) ) ;
#4851 = VECTOR ( 'NONE', #6359, 1000.000000000000000 ) ;
#4852 = ORIENTED_EDGE ( 'NONE', *, *, #6067, .F. ) ;
#4853 = ADVANCED_FACE ( 'NONE', ( #1030 ), #6474, .F. ) ;
#4854 = CARTESIAN_POINT ( 'NONE',  ( 6.079999999999998300, 5.920000000000001700, 3.927862566056164400 ) ) ;
#4855 = LINE ( 'NONE', #5830, #3410 ) ;
#4856 = FACE_OUTER_BOUND ( 'NONE', #1199, .T. ) ;
#4857 = CARTESIAN_POINT ( 'NONE',  ( 12.93983222366684600, 0.1895873327363318500, -5.897319638428819600 ) ) ;
#4858 = LINE ( 'NONE', #313, #2548 ) ;
#4859 = EDGE_CURVE ( 'NONE', #258, #7152, #3280, .T. ) ;
#4860 = AXIS2_PLACEMENT_3D ( 'NONE', #3495, #736, #5616 ) ;
#4861 = DIRECTION ( 'NONE',  ( 1.000000000000000000, 0.0000000000000000000, 0.0000000000000000000 ) ) ;
#4862 = DIRECTION ( 'NONE',  ( 0.0000000000000000000, 1.000000000000000000, 0.0000000000000000000 ) ) ;
#4863 = CARTESIAN_POINT ( 'NONE',  ( -13.40000000000001500, 3.420000000000027900, -6.895000000000020900 ) ) ;
#4864 = LINE ( 'NONE', #5250, #2123 ) ;
#4865 = VECTOR ( 'NONE', #4346, 1000.000000000000000 ) ;
#4866 = FACE_BOUND ( 'NONE', #1462, .T. ) ;
#4867 = ADVANCED_FACE ( 'NONE', ( #6109 ), #5399, .F. ) ;
#4868 = ORIENTED_EDGE ( 'NONE', *, *, #3238, .T. ) ;
#4869 = LINE ( 'NONE', #3506, #2303 ) ;
#4870 = CIRCLE ( 'NONE', #1935, 0.6859235050039693700 ) ;
#4871 = CARTESIAN_POINT ( 'NONE',  ( 12.59999999999999800, 0.0000000000000000000, 9.834999999999979500 ) ) ;
#4872 = CARTESIAN_POINT ( 'NONE',  ( -12.36848664453580100, 5.919999999999999900, -9.205000000000005400 ) ) ;
#4873 = CARTESIAN_POINT ( 'NONE',  ( 4.079999999999998300, 5.604581757840326100, 3.047427840906390600 ) ) ;
#4874 = DIRECTION ( 'NONE',  ( 0.0000000000000000000, 0.0000000000000000000, -1.000000000000000000 ) ) ;
#4875 = ORIENTED_EDGE ( 'NONE', *, *, #6731, .T. ) ;
#4876 = LINE ( 'NONE', #582, #3431 ) ;
#4877 = DIRECTION ( 'NONE',  ( -0.0000000000000000000, 1.000000000000000000, -0.0000000000000000000 ) ) ;
#4878 = DIRECTION ( 'NONE',  ( -1.000000000000000000, 0.0000000000000000000, -0.0000000000000000000 ) ) ;
#4879 = CARTESIAN_POINT ( 'NONE',  ( 13.60000000000000700, 0.3000000000000077600, 0.6349999999999784700 ) ) ;
#4880 = EDGE_CURVE ( 'NONE', #551, #3818, #5930, .T. ) ;
#4881 = EDGE_CURVE ( 'NONE', #1228, #338, #4129, .T. ) ;
#4882 = DIRECTION ( 'NONE',  ( -1.561960177346129100E-016, -1.000000000000000000, 0.0000000000000000000 ) ) ;
#4883 = VERTEX_POINT ( 'NONE', #4584 ) ;
#4884 = VECTOR ( 'NONE', #2515, 1000.000000000000000 ) ;
#4885 = CARTESIAN_POINT ( 'NONE',  ( 13.06500000000000000, 3.420000000000027500, -6.895000000000020900 ) ) ;
#4886 = CARTESIAN_POINT ( 'NONE',  ( -13.30000000000000100, 5.920000000000001700, -9.205000000000005400 ) ) ;
#4887 = EDGE_LOOP ( 'NONE', ( #3804, #301, #5853, #2286, #4900, #6609, #91, #5695, #2924, #2864, #3202, #5578, #4139, #1625, #2510, #58 ) ) ;
#4888 = DIRECTION ( 'NONE',  ( 1.000000000000000000, 3.025680481354897600E-015, -0.0000000000000000000 ) ) ;
#4889 = AXIS2_PLACEMENT_3D ( 'NONE', #3015, #6869, #5129 ) ;
#4890 = EDGE_CURVE ( 'NONE', #3807, #860, #4818, .T. ) ;
#4891 = ADVANCED_FACE ( 'NONE', ( #3374 ), #4283, .T. ) ;
#4892 = ORIENTED_EDGE ( 'NONE', *, *, #2633, .F. ) ;
#4893 = VERTEX_POINT ( 'NONE', #6356 ) ;
#4894 = ORIENTED_EDGE ( 'NONE', *, *, #6775, .T. ) ;
#4895 = CARTESIAN_POINT ( 'NONE',  ( 6.079999999999998300, 4.383326286608009600, -1.569848563824564300 ) ) ;
#4896 = LINE ( 'NONE', #7162, #3104 ) ;
#4897 = ORIENTED_EDGE ( 'NONE', *, *, #6543, .F. ) ;
#4898 = CARTESIAN_POINT ( 'NONE',  ( 9.991930185743171900, 5.620000000000000100, -10.89499999999999800 ) ) ;
#4899 = CARTESIAN_POINT ( 'NONE',  ( 4.079999999999998300, 4.383326286608009600, -1.530520863929464100 ) ) ;
#4900 = ORIENTED_EDGE ( 'NONE', *, *, #4654, .T. ) ;
#4901 = EDGE_CURVE ( 'NONE', #4912, #2149, #3539, .T. ) ;
#4902 = AXIS2_PLACEMENT_3D ( 'NONE', #2709, #1521, #1573 ) ;
#4903 = AXIS2_PLACEMENT_3D ( 'NONE', #3109, #523, #1081 ) ;
#4904 = DIRECTION ( 'NONE',  ( 0.6956930964556222700, -0.0000000000000000000, 0.7183391368594559400 ) ) ;
#4905 = VERTEX_POINT ( 'NONE', #6285 ) ;
#4906 = DIRECTION ( 'NONE',  ( 0.0000000000000000000, -0.9662102834940516900, 0.2577550931996187600 ) ) ;
#4907 = ORIENTED_EDGE ( 'NONE', *, *, #177, .T. ) ;
#4908 = ADVANCED_FACE ( 'NONE', ( #1892 ), #6861, .F. ) ;
#4909 = VECTOR ( 'NONE', #5085, 1000.000000000000000 ) ;
#4910 = CARTESIAN_POINT ( 'NONE',  ( 13.70000000000000600, 0.3000000000000074800, 0.6349999999999784700 ) ) ;
#4911 = VERTEX_POINT ( 'NONE', #6912 ) ;
#4912 = VERTEX_POINT ( 'NONE', #890 ) ;
#4913 = ORIENTED_EDGE ( 'NONE', *, *, #4367, .T. ) ;
#4914 = CARTESIAN_POINT ( 'NONE',  ( 13.40000000000001100, 1.719999999999999300, -9.205000000000005400 ) ) ;
#4915 = CARTESIAN_POINT ( 'NONE',  ( -12.36848664453580100, 5.720000000000000600, -9.205000000000005400 ) ) ;
#4916 = SURFACE_SIDE_STYLE ('',( #2117 ) ) ;
#4917 = ORIENTED_EDGE ( 'NONE', *, *, #2822, .F. ) ;
#4918 = EDGE_LOOP ( 'NONE', ( #4566, #3950, #3566, #5000, #2699, #2081, #1823, #4926 ) ) ;
#4919 = VECTOR ( 'NONE', #2993, 1000.000000000000000 ) ;
#4920 = EDGE_CURVE ( 'NONE', #5078, #2757, #1193, .T. ) ;
#4921 = EDGE_LOOP ( 'NONE', ( #2867, #2687, #5444, #6789 ) ) ;
#4922 = ORIENTED_EDGE ( 'NONE', *, *, #4709, .T. ) ;
#4923 = ORIENTED_EDGE ( 'NONE', *, *, #7079, .F. ) ;
#4924 = VECTOR ( 'NONE', #4967, 1000.000000000000000 ) ;
#4925 = DIRECTION ( 'NONE',  ( 0.0000000000000000000, 0.0000000000000000000, 1.000000000000000000 ) ) ;
#4926 = ORIENTED_EDGE ( 'NONE', *, *, #3121, .T. ) ;
#4927 = LINE ( 'NONE', #4899, #4577 ) ;
#4928 = ORIENTED_EDGE ( 'NONE', *, *, #2436, .T. ) ;
#4929 = DIRECTION ( 'NONE',  ( 0.0000000000000000000, 0.0000000000000000000, 1.000000000000000000 ) ) ;
#4930 = CARTESIAN_POINT ( 'NONE',  ( -2.499999999999995600, 0.0000000000000000000, -12.73519967498293700 ) ) ;
#4931 = CARTESIAN_POINT ( 'NONE',  ( 13.34000000000000700, 1.000000000000002700, -6.143717762754913100 ) ) ;
#4932 = FACE_OUTER_BOUND ( 'NONE', #4829, .T. ) ;
#4933 = AXIS2_PLACEMENT_3D ( 'NONE', #1454, #1426, #3691 ) ;
#4934 = ORIENTED_EDGE ( 'NONE', *, *, #1116, .F. ) ;
#4935 = EDGE_LOOP ( 'NONE', ( #3117, #24, #1363, #1565 ) ) ;
#4936 = CARTESIAN_POINT ( 'NONE',  ( 1.500000000000000000, 5.200000000000001100, 10.81876546564532200 ) ) ;
#4937 = ORIENTED_EDGE ( 'NONE', *, *, #4083, .F. ) ;
#4938 = CARTESIAN_POINT ( 'NONE',  ( -4.054999999999997900, 5.919999999999999900, 3.927862566056165200 ) ) ;
#4939 = EDGE_CURVE ( 'NONE', #1222, #571, #2080, .T. ) ;
#4940 = ORIENTED_EDGE ( 'NONE', *, *, #1001, .T. ) ;
#4941 = CARTESIAN_POINT ( 'NONE',  ( -13.63043069035443200, 5.620000000000002800, 6.616833913685942600 ) ) ;
#4942 = EDGE_CURVE ( 'NONE', #4506, #4464, #6702, .T. ) ;
#4943 = AXIS2_PLACEMENT_3D ( 'NONE', #5799, #1906, #6794 ) ;
#4944 = DIRECTION ( 'NONE',  ( 1.000000000000000000, 0.0000000000000000000, -0.0000000000000000000 ) ) ;
#4945 = DIRECTION ( 'NONE',  ( 1.000000000000000000, 0.0000000000000000000, 0.0000000000000000000 ) ) ;
#4946 = LINE ( 'NONE', #1244, #3501 ) ;
#4947 = VECTOR ( 'NONE', #5979, 1000.000000000000000 ) ;
#4948 = FACE_OUTER_BOUND ( 'NONE', #5557, .T. ) ;
#4949 = CARTESIAN_POINT ( 'NONE',  ( 13.34000000000000700, 5.400000000000000400, -6.143717762754913100 ) ) ;
#4950 = PLANE ( 'NONE',  #2493 ) ;
#4951 = VECTOR ( 'NONE', #4667, 1000.000000000000000 ) ;
#4952 = LINE ( 'NONE', #2816, #302 ) ;
#4953 = EDGE_CURVE ( 'NONE', #4412, #5754, #4985, .T. ) ;
#4954 = CARTESIAN_POINT ( 'NONE',  ( 12.84000000000000900, 1.000000000000000000, -10.39500000000000300 ) ) ;
#4956 = DIRECTION ( 'NONE',  ( -2.659658226162767000E-015, 0.0000000000000000000, 1.000000000000000000 ) ) ;
#4955 = AXIS2_PLACEMENT_3D ( 'NONE', #6537, #698, #3976 ) ;
#4957 = FACE_OUTER_BOUND ( 'NONE', #3094, .T. ) ;
#4958 = ORIENTED_EDGE ( 'NONE', *, *, #1529, .T. ) ;
#4959 = VECTOR ( 'NONE', #121, 1000.000000000000000 ) ;
#4960 = FACE_OUTER_BOUND ( 'NONE', #5866, .T. ) ;
#4961 = ADVANCED_FACE ( 'NONE', ( #4475 ), #2685, .F. ) ;
#4962 = AXIS2_PLACEMENT_3D ( 'NONE', #1413, #5243, #807 ) ;
#4963 = ORIENTED_EDGE ( 'NONE', *, *, #5479, .F. ) ;
#4964 = DIRECTION ( 'NONE',  ( -0.0000000000000000000, -0.0000000000000000000, 1.000000000000000000 ) ) ;
#4965 = CARTESIAN_POINT ( 'NONE',  ( 13.81844900620360400, 1.000000000000000000, 8.960138857142753800 ) ) ;
#4966 = FACE_OUTER_BOUND ( 'NONE', #1909, .T. ) ;
#4967 = DIRECTION ( 'NONE',  ( 4.386213107978057400E-015, -0.0000000000000000000, 1.000000000000000000 ) ) ;
#4968 = ORIENTED_EDGE ( 'NONE', *, *, #1275, .F. ) ;
#4969 = CARTESIAN_POINT ( 'NONE',  ( 13.70000000000000600, 0.2000000000000075600, -4.445000000000021600 ) ) ;
#4970 = PRESENTATION_LAYER_ASSIGNMENT (  '', '', ( #6565 ) ) ;
#4971 = LINE ( 'NONE', #4938, #6876 ) ;
#4972 = DIRECTION ( 'NONE',  ( 0.0000000000000000000, 0.9662102834940518000, -0.2577550931996184200 ) ) ;
#4973 = EDGE_CURVE ( 'NONE', #1546, #5384, #2842, .T. ) ;
#4974 = CARTESIAN_POINT ( 'NONE',  ( -12.84000000000000900, 5.400000000000000400, -10.39500000000000700 ) ) ;
#4975 = VECTOR ( 'NONE', #1842, 1000.000000000000000 ) ;
#4976 =( LENGTH_UNIT ( ) NAMED_UNIT ( * ) SI_UNIT ( .MILLI., .METRE. ) );
#4977 = CARTESIAN_POINT ( 'NONE',  ( 13.40000000000001500, 3.420000000000027900, -6.895000000000020900 ) ) ;
#4978 = CARTESIAN_POINT ( 'NONE',  ( 11.99833690602219600, 1.000000000000000900, 12.26152045557934900 ) ) ;
#4979 = ORIENTED_EDGE ( 'NONE', *, *, #1601, .F. ) ;
#4980 = AXIS2_PLACEMENT_3D ( 'NONE', #2625, #1485, #6506 ) ;
#4981 = EDGE_CURVE ( 'NONE', #5586, #895, #6121, .T. ) ;
#4982 = ORIENTED_EDGE ( 'NONE', *, *, #4219, .F. ) ;
#4983 = CYLINDRICAL_SURFACE ( 'NONE', #1517, 1.500000000000003100 ) ;
#4984 = CARTESIAN_POINT ( 'NONE',  ( 12.64727338055639900, 0.2003331987396611800, -10.50954676111276100 ) ) ;
#4985 = LINE ( 'NONE', #1059, #4308 ) ;
#4986 = EDGE_LOOP ( 'NONE', ( #815, #1450, #3044, #5511 ) ) ;
#4987 = VERTEX_POINT ( 'NONE', #6985 ) ;
#4988 = DIRECTION ( 'NONE',  ( 0.0000000000000000000, 1.000000000000000000, 0.0000000000000000000 ) ) ;
#4989 = ORIENTED_EDGE ( 'NONE', *, *, #6252, .T. ) ;
#4990 = EDGE_LOOP ( 'NONE', ( #1640, #1277, #3423, #1195 ) ) ;
#4991 = LINE ( 'NONE', #4604, #5514 ) ;
#4992 = EDGE_LOOP ( 'NONE', ( #2150, #683, #4825, #3645, #307, #1301, #6711, #881 ) ) ;
#4993 = ORIENTED_EDGE ( 'NONE', *, *, #2722, .T. ) ;
#4994 = EDGE_CURVE ( 'NONE', #3903, #5744, #5053, .T. ) ;
#4995 = AXIS2_PLACEMENT_3D ( 'NONE', #2805, #3402, #6649 ) ;
#4996 = CARTESIAN_POINT ( 'NONE',  ( -13.40000000000000400, 0.2000000000000076200, 0.6349999999999784700 ) ) ;
#4997 = ADVANCED_FACE ( 'NONE', ( #7065 ), #4752, .T. ) ;
#4998 = CARTESIAN_POINT ( 'NONE',  ( 4.079999999999998300, 5.797823814539136800, 2.995876822266466500 ) ) ;
#4999 = CARTESIAN_POINT ( 'NONE',  ( 9.991930185743171900, 4.430000000000001500, -11.09500000000000400 ) ) ;
#5000 = ORIENTED_EDGE ( 'NONE', *, *, #1411, .F. ) ;
#5001 = VECTOR ( 'NONE', #481, 1000.000000000000000 ) ;
#5002 = CARTESIAN_POINT ( 'NONE',  ( 9.991930185743171900, 5.620000000000000100, -10.79499999999999800 ) ) ;
#5003 = EDGE_LOOP ( 'NONE', ( #4798, #5328, #3300, #4229, #191, #6355 ) ) ;
#5004 = DIRECTION ( 'NONE',  ( 2.226155176705503000E-015, 1.000000000000000000, 0.0000000000000000000 ) ) ;
#5005 = EDGE_CURVE ( 'NONE', #682, #3620, #600, .T. ) ;
#5006 = EDGE_CURVE ( 'NONE', #6336, #5887, #1536, .T. ) ;
#5007 = LINE ( 'NONE', #5153, #4493 ) ;
#5008 = DIRECTION ( 'NONE',  ( 1.000000000000000000, 3.025680481354897600E-015, -0.0000000000000000000 ) ) ;
#5009 = DIRECTION ( 'NONE',  ( 1.101411730778921300E-016, 1.101411730778925300E-016, -1.000000000000000000 ) ) ;
#5010 = FACE_OUTER_BOUND ( 'NONE', #5259, .T. ) ;
#5011 =( BOUNDED_SURFACE ( )  B_SPLINE_SURFACE ( 3, 2, ( 
 ( #3876, #3470, #5116 ),
 ( #6232, #758, #586 ),
 ( #6802, #2930, #4594 ),
 ( #1291, #704, #1837 ),
 ( #4984, #6105, #143 ),
 ( #5142, #3491, #6064 ),
 ( #170, #4031, #5098 ),
 ( #5687, #1812, #1693 ),
 ( #5519, #5712, #5657 ),
 ( #6620, #6776, #2268 ) ),
 .UNSPECIFIED., .F., .F., .F. ) 
 B_SPLINE_SURFACE_WITH_KNOTS ( ( 4, 2, 2, 2, 4 ),
 ( 3, 3 ),
 ( 1.570796326794896600, 1.963495408493620700, 2.356194490192344800, 2.748893571891069000, 3.141592653589793100 ),
 ( 0.0000000000000000000, 1.000000000000000000 ),
 .UNSPECIFIED. ) 
 GEOMETRIC_REPRESENTATION_ITEM ( )  RATIONAL_B_SPLINE_SURFACE ( (
 ( 1.000000000000000000, 1.000000000000000000, 1.000000000000000000),
 ( 1.000000000000000000, 1.000158598892042900, 1.000000000000000000),
 ( 1.000000000000000000, 0.9867291651255221100, 1.000000000000000000),
 ( 1.000000000000000000, 0.9386556746367911200, 1.000000000000000000),
 ( 1.000000000000000000, 0.9038128289596963900, 1.000000000000000000),
 ( 1.000000000000000000, 0.8282379786091803600, 1.000000000000000000),
 ( 1.000000000000000000, 0.7876784249694587200, 1.000000000000000000),
 ( 1.000000000000000000, 0.7265518147277464400, 1.000000000000000000),
 ( 1.000000000000000000, 0.7066757001360307600, 1.000000000000000000),
 ( 1.000000000000000000, 0.7071067811865475700, 1.000000000000000000) ) ) 
 REPRESENTATION_ITEM ( '' )  SURFACE ( )  );
#5012 = ORIENTED_EDGE ( 'NONE', *, *, #4673, .T. ) ;
#5013 = ORIENTED_EDGE ( 'NONE', *, *, #6011, .F. ) ;
#5014 = AXIS2_PLACEMENT_3D ( 'NONE', #1327, #3572, #1403 ) ;
#5015 = CARTESIAN_POINT ( 'NONE',  ( -4.054999999999997900, 5.919999999999999900, 3.927862566056165200 ) ) ;
#5016 = EDGE_CURVE ( 'NONE', #4047, #5111, #1523, .T. ) ;
#5017 = VECTOR ( 'NONE', #6170, 1000.000000000000100 ) ;
#5018 = CARTESIAN_POINT ( 'NONE',  ( -9.991930185743171900, 4.430000000000001500, -11.09500000000000400 ) ) ;
#5019 = ORIENTED_EDGE ( 'NONE', *, *, #1371, .F. ) ;
#5020 = CARTESIAN_POINT ( 'NONE',  ( 13.40000000000000600, 0.3000000000000083700, 0.6349999999999784700 ) ) ;
#5021 = DIRECTION ( 'NONE',  ( 0.0000000000000000000, 1.000000000000000000, 0.0000000000000000000 ) ) ;
#5022 = AXIS2_PLACEMENT_3D ( 'NONE', #1699, #11, #6690 ) ;
#5023 = DIRECTION ( 'NONE',  ( 0.0000000000000000000, 0.0000000000000000000, 1.000000000000000000 ) ) ;
#5024 = CIRCLE ( 'NONE', #2349, 0.5283243376972357500 ) ;
#5025 = FACE_OUTER_BOUND ( 'NONE', #5420, .T. ) ;
#5026 = VECTOR ( 'NONE', #6755, 1000.000000000000000 ) ;
#5027 = ADVANCED_FACE ( 'NONE', ( #1347 ), #1650, .T. ) ;
#5028 = DIRECTION ( 'NONE',  ( 0.0000000000000000000, 0.0000000000000000000, 1.000000000000000000 ) ) ;
#5029 = CARTESIAN_POINT ( 'NONE',  ( 4.419758247507244800, 0.0000000000000000000, -16.44083555422837200 ) ) ;
#5030 = ORIENTED_EDGE ( 'NONE', *, *, #5753, .F. ) ;
#5031 = CIRCLE ( 'NONE', #6403, 50.00000000000000000 ) ;
#5032 = VECTOR ( 'NONE', #3419, 1000.000000000000000 ) ;
#5033 = AXIS2_PLACEMENT_3D ( 'NONE', #3666, #2557, #2035 ) ;
#5034 = DIRECTION ( 'NONE',  ( -0.0000000000000000000, -0.0000000000000000000, 1.000000000000000000 ) ) ;
#5035 = DIRECTION ( 'NONE',  ( 0.0000000000000000000, 1.000000000000000000, 0.0000000000000000000 ) ) ;
#5036 = DIRECTION ( 'NONE',  ( 0.0000000000000000000, 1.000000000000000000, 0.0000000000000000000 ) ) ;
#5037 = EDGE_LOOP ( 'NONE', ( #5951, #5924, #6477, #3660 ) ) ;
#5038 = FACE_OUTER_BOUND ( 'NONE', #1923, .T. ) ;
#5039 = CIRCLE ( 'NONE', #7027, 3.615780127642022300 ) ;
#5040 = PLANE ( 'NONE',  #5967 ) ;
#5041 = CARTESIAN_POINT ( 'NONE',  ( -1.734723475976806700E-015, 1.000000000000000000, -2.805000000000021900 ) ) ;
#5042 = EDGE_CURVE ( 'NONE', #760, #4408, #1024, .T. ) ;
#5043 = CARTESIAN_POINT ( 'NONE',  ( -2.220000000000002400, 5.399999999999999500, -15.30500000000002300 ) ) ;
#5044 = EDGE_LOOP ( 'NONE', ( #470, #42, #2576, #6479 ) ) ;
#5045 = LINE ( 'NONE', #1095, #2747 ) ;
#5046 = ORIENTED_EDGE ( 'NONE', *, *, #2351, .F. ) ;
#5047 = ORIENTED_EDGE ( 'NONE', *, *, #5989, .T. ) ;
#5048 = PLANE ( 'NONE',  #4685 ) ;
#5049 = CARTESIAN_POINT ( 'NONE',  ( -1.499999999999998700, 5.200000000000001100, -13.09081423205049400 ) ) ;
#5050 = VECTOR ( 'NONE', #1664, 1000.000000000000000 ) ;
#5051 = AXIS2_PLACEMENT_3D ( 'NONE', #6040, #5203, #5482 ) ;
#5052 = EDGE_CURVE ( 'NONE', #5349, #6062, #5757, .T. ) ;
#5053 = LINE ( 'NONE', #2169, #3009 ) ;
#5054 = ORIENTED_EDGE ( 'NONE', *, *, #6787, .T. ) ;
#5055 = ORIENTED_EDGE ( 'NONE', *, *, #5811, .T. ) ;
#5056 = ORIENTED_EDGE ( 'NONE', *, *, #4746, .T. ) ;
#5057 = DIRECTION ( 'NONE',  ( 0.0000000000000000000, -1.000000000000000000, 0.0000000000000000000 ) ) ;
#5058 = AXIS2_PLACEMENT_3D ( 'NONE', #5041, #3866, #2854 ) ;
#5059 = LINE ( 'NONE', #6116, #3880 ) ;
#5060 = CARTESIAN_POINT ( 'NONE',  ( -11.99833690602219400, 5.400000000000000400, 12.26152045557933700 ) ) ;
#5061 = DIRECTION ( 'NONE',  ( 0.0000000000000000000, 0.0000000000000000000, 1.000000000000000000 ) ) ;
#5062 = EDGE_CURVE ( 'NONE', #1058, #6980, #5748, .T. ) ;
#5063 = ORIENTED_EDGE ( 'NONE', *, *, #3246, .F. ) ;
#5064 = EDGE_LOOP ( 'NONE', ( #2605, #1997, #4212, #5774 ) ) ;
#5065 = CARTESIAN_POINT ( 'NONE',  ( -9.991930185743171900, 5.919999999999999900, -9.205000000000007200 ) ) ;
#5066 = ORIENTED_EDGE ( 'NONE', *, *, #6291, .T. ) ;
#5067 = ORIENTED_EDGE ( 'NONE', *, *, #6543, .T. ) ;
#5068 = FACE_OUTER_BOUND ( 'NONE', #5488, .T. ) ;
#5069 = VERTEX_POINT ( 'NONE', #3835 ) ;
#5070 = ORIENTED_EDGE ( 'NONE', *, *, #2472, .T. ) ;
#5071 = EDGE_LOOP ( 'NONE', ( #229, #1667, #2304, #830 ) ) ;
#5072 = CARTESIAN_POINT ( 'NONE',  ( 13.70000000000000600, 0.3000000000000074800, 0.6349999999999784700 ) ) ;
#5073 = DIRECTION ( 'NONE',  ( 0.0000000000000000000, 0.0000000000000000000, -1.000000000000000000 ) ) ;
#5074 = VERTEX_POINT ( 'NONE', #1031 ) ;
#5075 = EDGE_LOOP ( 'NONE', ( #2535, #3270, #6724, #6102 ) ) ;
#5076 = FACE_OUTER_BOUND ( 'NONE', #2929, .T. ) ;
#5077 = ORIENTED_EDGE ( 'NONE', *, *, #584, .T. ) ;
#5078 = VERTEX_POINT ( 'NONE', #4872 ) ;
#5079 = PLANE ( 'NONE',  #4035 ) ;
#5080 = ORIENTED_EDGE ( 'NONE', *, *, #3136, .F. ) ;
#5081 = VECTOR ( 'NONE', #1215, 1000.000000000000000 ) ;
#5082 = EDGE_CURVE ( 'NONE', #5089, #6671, #4301, .T. ) ;
#5083 = AXIS2_PLACEMENT_3D ( 'NONE', #854, #2544, #4202 ) ;
#5084 = DIRECTION ( 'NONE',  ( 1.363460477434492400E-016, 0.0000000000000000000, 1.000000000000000000 ) ) ;
#5085 = DIRECTION ( 'NONE',  ( -0.0000000000000000000, -0.0000000000000000000, -1.000000000000000000 ) ) ;
#5086 = ORIENTED_EDGE ( 'NONE', *, *, #1412, .T. ) ;
#5087 = CARTESIAN_POINT ( 'NONE',  ( -13.29999999999999700, 5.720000000000002400, -9.205000000000005400 ) ) ;
#5088 = FACE_BOUND ( 'NONE', #6973, .T. ) ;
#5089 = VERTEX_POINT ( 'NONE', #2197 ) ;
#5090 = DIRECTION ( 'NONE',  ( 0.0000000000000000000, 0.0000000000000000000, -1.000000000000000000 ) ) ;
#5091 = AXIS2_PLACEMENT_3D ( 'NONE', #7171, #6028, #3223 ) ;
#5092 = CIRCLE ( 'NONE', #6696, 0.3000000000000016500 ) ;
#5093 = ADVANCED_BREP_SHAPE_REPRESENTATION ( 'BHX1-2450-SM - edit 13-7', ( #2464, #1932, #2724 ), #4187 ) ;
#5094 = ORIENTED_EDGE ( 'NONE', *, *, #6315, .F. ) ;
#5095 = EDGE_LOOP ( 'NONE', ( #2370, #4238, #2253, #1999 ) ) ;
#5096 = DIRECTION ( 'NONE',  ( 1.000000000000000000, 3.252606517456504600E-015, 0.0000000000000000000 ) ) ;
#5097 = ORIENTED_EDGE ( 'NONE', *, *, #4093, .F. ) ;
#5098 = CARTESIAN_POINT ( 'NONE',  ( 13.21378641748378000, 0.4963810899539646800, -10.33189320874190600 ) ) ;
#5099 = CARTESIAN_POINT ( 'NONE',  ( -13.40000000000000400, 7.593379912705469000E-015, 0.6349999999999784700 ) ) ;
#5100 = EDGE_CURVE ( 'NONE', #1900, #2945, #2323, .T. ) ;
#5101 = CARTESIAN_POINT ( 'NONE',  ( -1.499999999999995300, 5.200000000000001100, -14.20675425099154600 ) ) ;
#5102 = EDGE_CURVE ( 'NONE', #5849, #5394, #2676, .T. ) ;
#5103 = CARTESIAN_POINT ( 'NONE',  ( -1.734723475976806700E-015, 5.400000000000000400, -2.805000000000021900 ) ) ;
#5104 = ADVANCED_FACE ( 'NONE', ( #5218 ), #7078, .T. ) ;
#5105 = VECTOR ( 'NONE', #2978, 1000.000000000000000 ) ;
#5106 = VECTOR ( 'NONE', #1509, 1000.000000000000000 ) ;
#5107 = DIRECTION ( 'NONE',  ( 0.0000000000000000000, 0.0000000000000000000, -1.000000000000000000 ) ) ;
#5108 = CIRCLE ( 'NONE', #3915, 1.500000000000003100 ) ;
#5109 = AXIS2_PLACEMENT_3D ( 'NONE', #2644, #2666, #3189 ) ;
#5110 = CARTESIAN_POINT ( 'NONE',  ( 13.34000000000001100, 1.000000000000001800, -7.646282237245129600 ) ) ;
#5111 = VERTEX_POINT ( 'NONE', #4965 ) ;
#5112 = FACE_OUTER_BOUND ( 'NONE', #2885, .T. ) ;
#5113 = LINE ( 'NONE', #3824, #6771 ) ;
#5114 = CARTESIAN_POINT ( 'NONE',  ( 9.991930185743171900, 4.430000000000001500, -11.09500000000000400 ) ) ;
#5115 = CARTESIAN_POINT ( 'NONE',  ( -12.34000000000001200, 0.0000000000000000000, -9.895000000000008500 ) ) ;
#5116 = CARTESIAN_POINT ( 'NONE',  ( 12.34000000000001100, 1.084202172485504400E-016, -9.895000000000004900 ) ) ;
#5117 = ORIENTED_EDGE ( 'NONE', *, *, #2375, .T. ) ;
#5118 = EDGE_CURVE ( 'NONE', #5384, #3712, #1184, .T. ) ;
#5119 = CARTESIAN_POINT ( 'NONE',  ( -6.747374629565455500, 5.919999999999999900, 11.09499999999999900 ) ) ;
#5120 = CIRCLE ( 'NONE', #4835, 1.500000000000001300 ) ;
#5121 = CARTESIAN_POINT ( 'NONE',  ( 13.34000000000000900, 1.000000000000000000, 6.579228774286547400 ) ) ;
#5122 = ORIENTED_EDGE ( 'NONE', *, *, #401, .F. ) ;
#5123 = DIRECTION ( 'NONE',  ( 0.0000000000000000000, 0.0000000000000000000, -1.000000000000000000 ) ) ;
#5124 = LINE ( 'NONE', #262, #49 ) ;
#5125 = CARTESIAN_POINT ( 'NONE',  ( 13.70000000000000600, 0.3000000000000074800, 0.6349999999999784700 ) ) ;
#5126 = EDGE_CURVE ( 'NONE', #1300, #5870, #5575, .T. ) ;
#5127 = EDGE_CURVE ( 'NONE', #6573, #261, #2252, .T. ) ;
#5128 = CARTESIAN_POINT ( 'NONE',  ( -12.36848664453580100, 4.430000000000000600, -11.09500000000000400 ) ) ;
#5129 = DIRECTION ( 'NONE',  ( 0.0000000000000000000, 0.0000000000000000000, -1.000000000000000000 ) ) ;
#5130 = VERTEX_POINT ( 'NONE', #3331 ) ;
#5131 = CARTESIAN_POINT ( 'NONE',  ( 6.104999999999997800, 5.919999999999999900, 3.927862566056165200 ) ) ;
#5132 = VECTOR ( 'NONE', #6180, 1000.000000000000000 ) ;
#5133 = CARTESIAN_POINT ( 'NONE',  ( -2.500000000000000000, 1.000000000000000000, 9.577435161073747600 ) ) ;
#5134 = ADVANCED_FACE ( 'NONE', ( #3787 ), #4510, .T. ) ;
#5135 = FACE_OUTER_BOUND ( 'NONE', #350, .T. ) ;
#5136 = DIRECTION ( 'NONE',  ( 1.000000000000000000, -0.0000000000000000000, -0.0000000000000000000 ) ) ;
#5137 = CARTESIAN_POINT ( 'NONE',  ( -1.734723475976806700E-015, 5.400000000000000400, -2.805000000000021900 ) ) ;
#5138 = ORIENTED_EDGE ( 'NONE', *, *, #573, .F. ) ;
#5139 = VERTEX_POINT ( 'NONE', #1695 ) ;
#5140 = CARTESIAN_POINT ( 'NONE',  ( 12.36848664453580100, 5.620000000000000100, -10.89499999999999800 ) ) ;
#5141 = EDGE_CURVE ( 'NONE', #6651, #895, #1719, .T. ) ;
#5142 = CARTESIAN_POINT ( 'NONE',  ( 12.73983340063017000, 0.3854532388872454800, -10.69466680126034500 ) ) ;
#5143 = CARTESIAN_POINT ( 'NONE',  ( -17.17750000000000200, 1.118412265461594400E-014, -1.905000000000022000 ) ) ;
#5144 = ORIENTED_EDGE ( 'NONE', *, *, #3390, .F. ) ;
#5145 = FACE_OUTER_BOUND ( 'NONE', #4319, .T. ) ;
#5146 = CARTESIAN_POINT ( 'NONE',  ( 9.529003095812292700, 5.400000000000000400, -10.89500000000000500 ) ) ;
#5147 = ORIENTED_EDGE ( 'NONE', *, *, #5154, .F. ) ;
#5148 = VERTEX_POINT ( 'NONE', #1151 ) ;
#5149 = DIRECTION ( 'NONE',  ( 0.0000000000000000000, -1.000000000000000000, 0.0000000000000000000 ) ) ;
#5150 = AXIS2_PLACEMENT_3D ( 'NONE', #386, #939, #1503 ) ;
#5151 = ORIENTED_EDGE ( 'NONE', *, *, #4075, .T. ) ;
#5152 = EDGE_CURVE ( 'NONE', #7066, #5160, #4625, .T. ) ;
#5153 = CARTESIAN_POINT ( 'NONE',  ( -12.59999999999999600, 5.720000000000000600, 6.544999999999995500 ) ) ;
#5154 = EDGE_CURVE ( 'NONE', #3031, #6458, #848, .T. ) ;
#5155 = ORIENTED_EDGE ( 'NONE', *, *, #4537, .F. ) ;
#5156 = SPHERICAL_SURFACE ( 'NONE', #1283, 0.7350000000000100900 ) ;
#5157 = ORIENTED_EDGE ( 'NONE', *, *, #2075, .F. ) ;
#5158 = PLANE ( 'NONE',  #7138 ) ;
#5159 = DIRECTION ( 'NONE',  ( 0.0000000000000000000, -1.000000000000000000, 0.0000000000000000000 ) ) ;
#5160 = VERTEX_POINT ( 'NONE', #1167 ) ;
#5161 = DIRECTION ( 'NONE',  ( -0.0000000000000000000, 0.0000000000000000000, -1.000000000000000000 ) ) ;
#5162 = PLANE ( 'NONE',  #3695 ) ;
#5163 = CARTESIAN_POINT ( 'NONE',  ( -6.079999999999998300, 4.383326286608009600, -1.569848563824564300 ) ) ;
#5164 = VERTEX_POINT ( 'NONE', #6160 ) ;
#5165 = LINE ( 'NONE', #3421, #3989 ) ;
#5166 = ORIENTED_EDGE ( 'NONE', *, *, #1379, .F. ) ;
#5167 = EDGE_CURVE ( 'NONE', #4124, #690, #430, .T. ) ;
#5168 = AXIS2_PLACEMENT_3D ( 'NONE', #6334, #1344, #1973 ) ;
#5169 = CARTESIAN_POINT ( 'NONE',  ( -1.499999999999995300, 5.200000000000001100, -14.20675425099154600 ) ) ;
#5170 = VECTOR ( 'NONE', #4194, 1000.000000000000000 ) ;
#5171 = DIRECTION ( 'NONE',  ( -1.101411730778925200E-016, -0.0000000000000000000, -1.000000000000000000 ) ) ;
#5172 = DIRECTION ( 'NONE',  ( -0.0000000000000000000, -0.0000000000000000000, 1.000000000000000000 ) ) ;
#5173 = EDGE_CURVE ( 'NONE', #6671, #1546, #3802, .T. ) ;
#5174 = FACE_BOUND ( 'NONE', #5003, .T. ) ;
#5175 = CARTESIAN_POINT ( 'NONE',  ( 13.34000000000001100, 5.400000000000000400, -10.39500000000000300 ) ) ;
#5176 = DIRECTION ( 'NONE',  ( 0.0000000000000000000, -0.2577550931996183700, -0.9662102834940516900 ) ) ;
#5177 = ADVANCED_FACE ( 'NONE', ( #3021 ), #3927, .F. ) ;
#5178 = VERTEX_POINT ( 'NONE', #6673 ) ;
#5179 = ORIENTED_EDGE ( 'NONE', *, *, #2240, .F. ) ;
#5180 = ORIENTED_EDGE ( 'NONE', *, *, #5646, .T. ) ;
#5181 = DIRECTION ( 'NONE',  ( -0.2406652375911230700, 0.0000000000000000000, -0.9706081822317429400 ) ) ;
#5182 = CARTESIAN_POINT ( 'NONE',  ( 2.500000000000054200, 1.000000000000000000, -10.39500000000003200 ) ) ;
#5183 = ORIENTED_EDGE ( 'NONE', *, *, #6475, .F. ) ;
#5184 = AXIS2_PLACEMENT_3D ( 'NONE', #3924, #5008, #1002 ) ;
#5185 = EDGE_CURVE ( 'NONE', #520, #3836, #6710, .T. ) ;
#5186 = CARTESIAN_POINT ( 'NONE',  ( -6.104999999999997800, 5.919999999999999900, -1.530520863929463200 ) ) ;
#5187 = DIRECTION ( 'NONE',  ( 0.0000000000000000000, 0.0000000000000000000, 1.000000000000000000 ) ) ;
#5188 = CYLINDRICAL_SURFACE ( 'NONE', #1781, 1.000000000000000900 ) ;
#5189 = VECTOR ( 'NONE', #3457, 1000.000000000000000 ) ;
#5190 = PLANE ( 'NONE',  #300 ) ;
#5191 = CARTESIAN_POINT ( 'NONE',  ( -13.40000000000000900, 1.719999999999999300, 1.475891719243760800E-015 ) ) ;
#5192 = CARTESIAN_POINT ( 'NONE',  ( 12.34000000000001100, 5.400000000000000400, -8.173446322690198300 ) ) ;
#5193 = EDGE_CURVE ( 'NONE', #6089, #5074, #435, .T. ) ;
#5194 = ORIENTED_EDGE ( 'NONE', *, *, #722, .F. ) ;
#5195 = CYLINDRICAL_SURFACE ( 'NONE', #2429, 50.85488151972597800 ) ;
#5196 = FACE_OUTER_BOUND ( 'NONE', #4986, .T. ) ;
#5197 = DIRECTION ( 'NONE',  ( -1.000000000000000000, 0.0000000000000000000, 0.0000000000000000000 ) ) ;
#5198 = ORIENTED_EDGE ( 'NONE', *, *, #1474, .T. ) ;
#5199 = VECTOR ( 'NONE', #1513, 1000.000000000000000 ) ;
#5200 = AXIS2_PLACEMENT_3D ( 'NONE', #3749, #436, #1577 ) ;
#5201 = CARTESIAN_POINT ( 'NONE',  ( 4.419758247507250100, 1.000000000000000000, -16.44083555422837200 ) ) ;
#5202 = VECTOR ( 'NONE', #3849, 1000.000000000000000 ) ;
#5203 = DIRECTION ( 'NONE',  ( 1.000000000000000000, 0.0000000000000000000, -0.0000000000000000000 ) ) ;
#5204 = DIRECTION ( 'NONE',  ( -1.363460477434492400E-016, 0.0000000000000000000, -1.000000000000000000 ) ) ;
#5205 = CARTESIAN_POINT ( 'NONE',  ( 4.315801865891753400, 1.000000000000000000, -4.274522504775854200 ) ) ;
#5206 = ORIENTED_EDGE ( 'NONE', *, *, #723, .T. ) ;
#5207 = DIRECTION ( 'NONE',  ( 0.0000000000000000000, 0.0000000000000000000, 1.000000000000000000 ) ) ;
#5208 = DIRECTION ( 'NONE',  ( 3.907985046680551000E-014, 0.0000000000000000000, -1.000000000000000000 ) ) ;
#5209 = TOROIDAL_SURFACE ( 'NONE', #259, 0.7792464308548483500, 0.1000000000000000100 ) ;
#5210 = DIRECTION ( 'NONE',  ( -0.0000000000000000000, -0.0000000000000000000, 1.000000000000000000 ) ) ;
#5211 = CARTESIAN_POINT ( 'NONE',  ( -1.734723475976806700E-015, 5.400000000000000400, -2.805000000000021900 ) ) ;
#5212 = EDGE_CURVE ( 'NONE', #1538, #5089, #5260, .T. ) ;
#5213 = AXIS2_PLACEMENT_3D ( 'NONE', #4151, #5267, #827 ) ;
#5214 = CARTESIAN_POINT ( 'NONE',  ( -13.63043069035442800, 1.720000000000000200, 6.616833913685939100 ) ) ;
#5215 = ORIENTED_EDGE ( 'NONE', *, *, #3584, .T. ) ;
#5216 = FACE_OUTER_BOUND ( 'NONE', #5660, .T. ) ;
#5217 = CARTESIAN_POINT ( 'NONE',  ( -12.60174792785621500, 0.02602734134869985600, -10.02587396392803700 ) ) ;
#5218 = FACE_OUTER_BOUND ( 'NONE', #2558, .T. ) ;
#5219 = ORIENTED_EDGE ( 'NONE', *, *, #5989, .F. ) ;
#5220 = DIRECTION ( 'NONE',  ( -0.0000000000000000000, 1.000000000000000000, -0.0000000000000000000 ) ) ;
#5221 = VERTEX_POINT ( 'NONE', #5119 ) ;
#5222 = AXIS2_PLACEMENT_3D ( 'NONE', #314, #3133, #2489 ) ;
#5223 = CARTESIAN_POINT ( 'NONE',  ( -18.36499999999999800, 6.817866684653116900E-015, 0.6349999999999784700 ) ) ;
#5224 = ORIENTED_EDGE ( 'NONE', *, *, #2834, .T. ) ;
#5225 = PLANE ( 'NONE',  #5627 ) ;
#5226 = ORIENTED_EDGE ( 'NONE', *, *, #4572, .F. ) ;
#5227 = DIRECTION ( 'NONE',  ( 1.000000000000000000, 0.0000000000000000000, 0.0000000000000000000 ) ) ;
#5228 = LINE ( 'NONE', #33, #2588 ) ;
#5229 = DIRECTION ( 'NONE',  ( 0.0000000000000000000, 0.0000000000000000000, 1.000000000000000000 ) ) ;
#5230 = VECTOR ( 'NONE', #6645, 1000.000000000000000 ) ;
#5231 = ORIENTED_EDGE ( 'NONE', *, *, #4859, .F. ) ;
#5232 = EDGE_LOOP ( 'NONE', ( #3123, #5338, #5067, #3974 ) ) ;
#5233 = DIRECTION ( 'NONE',  ( 0.0000000000000000000, 8.673617379884037000E-015, 1.000000000000000000 ) ) ;
#5234 = CARTESIAN_POINT ( 'NONE',  ( 13.51574803149607500, 2.891675662302792400, -6.895000000000020900 ) ) ;
#5235 = ORIENTED_EDGE ( 'NONE', *, *, #1686, .F. ) ;
#5236 = ORIENTED_EDGE ( 'NONE', *, *, #3597, .F. ) ;
#5237 = LINE ( 'NONE', #82, #611 ) ;
#5238 = CARTESIAN_POINT ( 'NONE',  ( 13.69999999999999800, 1.720000000000000600, 6.544999999999995500 ) ) ;
#5239 = EDGE_CURVE ( 'NONE', #519, #5656, #3476, .T. ) ;
#5240 = DIRECTION ( 'NONE',  ( -1.000000000000000000, 0.0000000000000000000, -1.363460477434492400E-016 ) ) ;
#5241 = EDGE_CURVE ( 'NONE', #6331, #1074, #3986, .T. ) ;
#5242 = ORIENTED_EDGE ( 'NONE', *, *, #5515, .T. ) ;
#5243 = DIRECTION ( 'NONE',  ( 0.0000000000000000000, 0.0000000000000000000, -1.000000000000000000 ) ) ;
#5244 = VERTEX_POINT ( 'NONE', #5143 ) ;
#5245 = DIRECTION ( 'NONE',  ( 0.0000000000000000000, 1.000000000000000000, 0.0000000000000000000 ) ) ;
#5246 = ORIENTED_EDGE ( 'NONE', *, *, #207, .F. ) ;
#5247 = ORIENTED_EDGE ( 'NONE', *, *, #6856, .T. ) ;
#5248 = LINE ( 'NONE', #4610, #4243 ) ;
#5249 = VERTEX_POINT ( 'NONE', #145 ) ;
#5250 = CARTESIAN_POINT ( 'NONE',  ( 12.23900214361331800, 5.400000000000000400, 11.29091227334759800 ) ) ;
#5251 = CARTESIAN_POINT ( 'NONE',  ( -12.59180946843699700, 0.1262135936287856200, -10.39861893687412800 ) ) ;
#5252 = AXIS2_PLACEMENT_3D ( 'NONE', #6272, #5769, #3060 ) ;
#5253 = ORIENTED_EDGE ( 'NONE', *, *, #1771, .T. ) ;
#5254 = ADVANCED_FACE ( 'NONE', ( #5330 ), #6835, .T. ) ;
#5255 = EDGE_CURVE ( 'NONE', #3463, #786, #94, .T. ) ;
#5256 = ORIENTED_EDGE ( 'NONE', *, *, #6626, .T. ) ;
#5257 = LINE ( 'NONE', #5566, #3306 ) ;
#5258 = DIRECTION ( 'NONE',  ( 1.000000000000000000, -0.0000000000000000000, -0.0000000000000000000 ) ) ;
#5259 = EDGE_LOOP ( 'NONE', ( #4552, #1642, #1705, #6281 ) ) ;
#5260 = LINE ( 'NONE', #1668, #7014 ) ;
#5261 = EDGE_CURVE ( 'NONE', #2283, #5863, #5585, .T. ) ;
#5262 = DIRECTION ( 'NONE',  ( 1.472359708348122600E-030, -4.034240641806527500E-015, 1.000000000000000000 ) ) ;
#5263 = DIRECTION ( 'NONE',  ( 1.000000000000000000, 5.706327223607916600E-016, 0.0000000000000000000 ) ) ;
#5264 = AXIS2_PLACEMENT_3D ( 'NONE', #6598, #2752, #4944 ) ;
#5265 = VERTEX_POINT ( 'NONE', #2888 ) ;
#5266 = DIRECTION ( 'NONE',  ( 0.0000000000000000000, 0.0000000000000000000, -1.000000000000000000 ) ) ;
#5267 = DIRECTION ( 'NONE',  ( -0.0000000000000000000, -1.000000000000000000, -0.0000000000000000000 ) ) ;
#5268 = DIRECTION ( 'NONE',  ( 0.0000000000000000000, -0.0000000000000000000, -1.000000000000000000 ) ) ;
#5269 = VECTOR ( 'NONE', #428, 1000.000000000000000 ) ;
#5270 = DIRECTION ( 'NONE',  ( 0.0000000000000000000, 0.0000000000000000000, -1.000000000000000000 ) ) ;
#5271 = ORIENTED_EDGE ( 'NONE', *, *, #4643, .F. ) ;
#5272 = EDGE_LOOP ( 'NONE', ( #5019, #2835, #3923, #13 ) ) ;
#5273 = EDGE_CURVE ( 'NONE', #1738, #1246, #6709, .T. ) ;
#5274 = CARTESIAN_POINT ( 'NONE',  ( -13.21378641748378300, 0.4963810899539679600, -10.33189320874191000 ) ) ;
#5275 = FACE_OUTER_BOUND ( 'NONE', #1524, .T. ) ;
#5276 = LINE ( 'NONE', #5843, #2374 ) ;
#5277 = TOROIDAL_SURFACE ( 'NONE', #6494, 1.795000000000010100, 1.000000000000000000 ) ;
#5278 = DIRECTION ( 'NONE',  ( 0.0000000000000000000, 1.000000000000000000, 0.0000000000000000000 ) ) ;
#5279 = ADVANCED_FACE ( 'NONE', ( #1708 ), #4034, .T. ) ;
#5280 = AXIS2_PLACEMENT_3D ( 'NONE', #5682, #3512, #4573 ) ;
#5281 = VECTOR ( 'NONE', #6541, 1000.000000000000000 ) ;
#5282 = LINE ( 'NONE', #4419, #1944 ) ;
#5283 = VECTOR ( 'NONE', #1729, 1000.000000000000000 ) ;
#5284 = ADVANCED_FACE ( 'NONE', ( #3967 ), #6818, .T. ) ;
#5285 = CARTESIAN_POINT ( 'NONE',  ( -6.079999999999998300, 5.720000000000001500, 3.927862566056164400 ) ) ;
#5286 = DIRECTION ( 'NONE',  ( -5.706327223607916600E-016, 1.000000000000000000, 0.0000000000000000000 ) ) ;
#5287 = CARTESIAN_POINT ( 'NONE',  ( -18.36499999999999800, 6.817866684653116900E-015, -4.445000000000021600 ) ) ;
#5288 = DIRECTION ( 'NONE',  ( -1.000000000000000000, 0.0000000000000000000, -1.363460477434492400E-016 ) ) ;
#5289 = DIRECTION ( 'NONE',  ( 0.0000000000000000000, 0.0000000000000000000, 1.000000000000000000 ) ) ;
#5290 = VERTEX_POINT ( 'NONE', #198 ) ;
#5291 = TOROIDAL_SURFACE ( 'NONE', #4356, 0.6270765503509230200, 0.1000000000000000100 ) ;
#5292 = DIRECTION ( 'NONE',  ( 1.776356839400250500E-015, 0.0000000000000000000, -1.000000000000000000 ) ) ;
#5293 = CYLINDRICAL_SURFACE ( 'NONE', #1155, 1.500000000000001300 ) ;
#5294 = AXIS2_PLACEMENT_3D ( 'NONE', #1234, #5691, #222 ) ;
#5295 = EDGE_CURVE ( 'NONE', #5130, #2223, #1032, .T. ) ;
#5296 = EDGE_CURVE ( 'NONE', #1721, #1228, #4695, .T. ) ;
#5297 = ADVANCED_FACE ( 'NONE', ( #4609 ), #759, .T. ) ;
#5298 = ORIENTED_EDGE ( 'NONE', *, *, #1860, .T. ) ;
#5299 = CIRCLE ( 'NONE', #3353, 0.2999999999999999300 ) ;
#5300 = DIRECTION ( 'NONE',  ( 1.000000000000000000, -0.0000000000000000000, -0.0000000000000000000 ) ) ;
#5301 = TOROIDAL_SURFACE ( 'NONE', #5184, 0.7792464308548483500, 0.1000000000000000100 ) ;
#5302 = DIRECTION ( 'NONE',  ( 0.0000000000000000000, 1.000000000000000000, 0.0000000000000000000 ) ) ;
#5303 = CARTESIAN_POINT ( 'NONE',  ( 13.40000000000000900, 1.720000000000006900, 0.6349999999999784700 ) ) ;
#5304 = DIRECTION ( 'NONE',  ( 0.0000000000000000000, -1.000000000000000000, 0.0000000000000000000 ) ) ;
#5305 = ORIENTED_EDGE ( 'NONE', *, *, #7091, .F. ) ;
#5306 = CARTESIAN_POINT ( 'NONE',  ( -4.079999999999998300, 5.797823814539136800, 2.995876822266466900 ) ) ;
#5307 = EDGE_CURVE ( 'NONE', #7085, #3772, #219, .T. ) ;
#5308 = FACE_OUTER_BOUND ( 'NONE', #5518, .T. ) ;
#5309 = CARTESIAN_POINT ( 'NONE',  ( 13.34000000000001100, 1.000000000000001800, -10.39500000000000300 ) ) ;
#5310 = DIRECTION ( 'NONE',  ( 0.0000000000000000000, 0.0000000000000000000, 1.000000000000000000 ) ) ;
#5311 = CARTESIAN_POINT ( 'NONE',  ( -1.633583096412245100E-029, 4.545819618861213600E-014, -11.09500000000002200 ) ) ;
#5312 = DIRECTION ( 'NONE',  ( -3.025680481354897600E-015, 1.000000000000000000, 0.0000000000000000000 ) ) ;
#5313 = ORIENTED_EDGE ( 'NONE', *, *, #5969, .F. ) ;
#5314 = ORIENTED_EDGE ( 'NONE', *, *, #655, .T. ) ;
#5315 = VECTOR ( 'NONE', #4027, 1000.000000000000000 ) ;
#5316 = CARTESIAN_POINT ( 'NONE',  ( 4.079999999999998300, 4.393463201559789900, -1.492522035864679400 ) ) ;
#5317 = CARTESIAN_POINT ( 'NONE',  ( 14.93617785791140100, 5.620000000000002800, 7.881416676303254900 ) ) ;
#5318 = DIRECTION ( 'NONE',  ( 1.000000000000000000, 0.0000000000000000000, 5.239278459556230500E-016 ) ) ;
#5319 = VERTEX_POINT ( 'NONE', #6836 ) ;
#5320 = EDGE_CURVE ( 'NONE', #3026, #2154, #5385, .T. ) ;
#5321 = CARTESIAN_POINT ( 'NONE',  ( -8.673617379884035500E-015, 5.720000000000000600, 60.65107638281947500 ) ) ;
#5322 = LINE ( 'NONE', #4000, #940 ) ;
#5323 = ORIENTED_EDGE ( 'NONE', *, *, #1491, .F. ) ;
#5324 = ADVANCED_FACE ( 'NONE', ( #43 ), #4787, .F. ) ;
#5325 = ORIENTED_EDGE ( 'NONE', *, *, #908, .F. ) ;
#5326 = DIRECTION ( 'NONE',  ( 0.0000000000000000000, 1.000000000000000000, 0.0000000000000000000 ) ) ;
#5327 = ADVANCED_FACE ( 'NONE', ( #4287 ), #5079, .F. ) ;
#5328 = ORIENTED_EDGE ( 'NONE', *, *, #6344, .F. ) ;
#5329 = VERTEX_POINT ( 'NONE', #6729 ) ;
#5330 = FACE_OUTER_BOUND ( 'NONE', #2416, .T. ) ;
#5331 = AXIS2_PLACEMENT_3D ( 'NONE', #5487, #3873, #5540 ) ;
#5332 = ORIENTED_EDGE ( 'NONE', *, *, #3904, .F. ) ;
#5333 = EDGE_CURVE ( 'NONE', #1799, #1119, #5558, .T. ) ;
#5334 = DIRECTION ( 'NONE',  ( 0.0000000000000000000, 1.000000000000000000, 0.0000000000000000000 ) ) ;
#5335 = VERTEX_POINT ( 'NONE', #6330 ) ;
#5336 = ORIENTED_EDGE ( 'NONE', *, *, #6149, .T. ) ;
#5337 = CARTESIAN_POINT ( 'NONE',  ( -6.659999999999999300, 5.399999999999998600, -15.30500000000002300 ) ) ;
#5338 = ORIENTED_EDGE ( 'NONE', *, *, #2047, .T. ) ;
#5339 = CARTESIAN_POINT ( 'NONE',  ( -1.734723475976806700E-015, 1.000000000000000000, -15.30500000000002300 ) ) ;
#5340 = ORIENTED_EDGE ( 'NONE', *, *, #6810, .T. ) ;
#5341 = ADVANCED_FACE ( 'NONE', ( #4454 ), #5912, .F. ) ;
#5342 = LINE ( 'NONE', #4652, #1365 ) ;
#5343 = ORIENTED_EDGE ( 'NONE', *, *, #5042, .F. ) ;
#5344 = ORIENTED_EDGE ( 'NONE', *, *, #4153, .F. ) ;
#5345 = CARTESIAN_POINT ( 'NONE',  ( 13.40000000000000400, 0.2000000000000076200, 0.6349999999999784700 ) ) ;
#5346 = AXIS2_PLACEMENT_3D ( 'NONE', #5869, #2638, #1519 ) ;
#5347 = DIRECTION ( 'NONE',  ( 1.101411730778925200E-016, 0.0000000000000000000, -1.000000000000000000 ) ) ;
#5348 = CARTESIAN_POINT ( 'NONE',  ( -1.500000000000000000, 5.200000000000001100, -13.38743516107378900 ) ) ;
#5349 = VERTEX_POINT ( 'NONE', #1391 ) ;
#5350 = EDGE_CURVE ( 'NONE', #3557, #4359, #3515, .T. ) ;
#5351 = FACE_OUTER_BOUND ( 'NONE', #5044, .T. ) ;
#5352 = CARTESIAN_POINT ( 'NONE',  ( -6.550849154917930400, 5.919999999999999900, 11.08207018590736600 ) ) ;
#5353 = ORIENTED_EDGE ( 'NONE', *, *, #3584, .F. ) ;
#5354 = LINE ( 'NONE', #4550, #3219 ) ;
#5355 = DIRECTION ( 'NONE',  ( 1.000000000000000000, 1.913750234086381400E-016, 0.0000000000000000000 ) ) ;
#5356 = AXIS2_PLACEMENT_3D ( 'NONE', #3790, #4878, #3724 ) ;
#5357 = DIRECTION ( 'NONE',  ( -1.000000000000000000, 0.0000000000000000000, 0.0000000000000000000 ) ) ;
#5358 = CARTESIAN_POINT ( 'NONE',  ( -13.60000000000001000, 3.420000000000027500, -6.895000000000020900 ) ) ;
#5359 = CARTESIAN_POINT ( 'NONE',  ( 14.79703923862027700, 5.620000000000002800, 8.025084503675147500 ) ) ;
#5360 = LINE ( 'NONE', #521, #4500 ) ;
#5361 = VERTEX_POINT ( 'NONE', #3052 ) ;
#5362 = ORIENTED_EDGE ( 'NONE', *, *, #4458, .F. ) ;
#5363 = ORIENTED_EDGE ( 'NONE', *, *, #1273, .F. ) ;
#5364 = PLANE ( 'NONE',  #3071 ) ;
#5365 = ADVANCED_FACE ( 'NONE', ( #2054 ), #6271, .F. ) ;
#5366 = B_SPLINE_CURVE_WITH_KNOTS ( 'NONE', 3,
 ( #7123, #2792, #578, #2281, #3918, #2830, #6590, #1634 ),
 .UNSPECIFIED., .F., .F.,
 ( 4, 2, 2, 4 ),
 ( -7.127729735667802800E-006, 0.0008187910727248152400, 0.001231750473955055100, 0.001644709875185294700 ),
 .UNSPECIFIED. ) ;
#5367 = EDGE_CURVE ( 'NONE', #6014, #2884, #5733, .T. ) ;
#5368 = CARTESIAN_POINT ( 'NONE',  ( -1.500000000000000000, 5.200000000000001100, 9.280814232050447600 ) ) ;
#5369 = CARTESIAN_POINT ( 'NONE',  ( 13.60000000000001600, 3.420000000000027500, -6.895000000000020900 ) ) ;
#5370 = EDGE_LOOP ( 'NONE', ( #652, #875, #5183, #3033 ) ) ;
#5371 = DIRECTION ( 'NONE',  ( 0.0000000000000000000, 0.0000000000000000000, -1.000000000000000000 ) ) ;
#5372 = CARTESIAN_POINT ( 'NONE',  ( -13.34000000000001100, 1.000000000000002700, -7.646282237245133100 ) ) ;
#5373 = ADVANCED_FACE ( 'NONE', ( #1099 ), #4696, .T. ) ;
#5374 = VECTOR ( 'NONE', #5347, 1000.000000000000000 ) ;
#5375 = VECTOR ( 'NONE', #253, 1000.000000000000000 ) ;
#5376 = EDGE_CURVE ( 'NONE', #3013, #525, #1866, .T. ) ;
#5377 = EDGE_CURVE ( 'NONE', #520, #1733, #2224, .T. ) ;
#5378 = FACE_OUTER_BOUND ( 'NONE', #6639, .T. ) ;
#5379 = CARTESIAN_POINT ( 'NONE',  ( -17.17750000000000200, 1.118412265461594400E-014, -1.905000000000022000 ) ) ;
#5380 = CARTESIAN_POINT ( 'NONE',  ( -6.079999999999998300, 5.604581757840326100, 3.047427840906390600 ) ) ;
#5381 = VERTEX_POINT ( 'NONE', #1369 ) ;
#5382 = VECTOR ( 'NONE', #2997, 1000.000000000000100 ) ;
#5383 = CARTESIAN_POINT ( 'NONE',  ( 6.079999999999998300, 5.797823814539136800, 2.995876822266466500 ) ) ;
#5384 = VERTEX_POINT ( 'NONE', #1416 ) ;
#5385 = LINE ( 'NONE', #3441, #7050 ) ;
#5386 = PLANE ( 'NONE',  #4101 ) ;
#5387 = CARTESIAN_POINT ( 'NONE',  ( 12.36848664453580100, 5.620000000000001000, -10.89499999999999800 ) ) ;
#5388 = FACE_OUTER_BOUND ( 'NONE', #275, .T. ) ;
#5389 = DIRECTION ( 'NONE',  ( 0.0000000000000000000, 0.2577550931996183700, 0.9662102834940518000 ) ) ;
#5390 = DIRECTION ( 'NONE',  ( 0.0000000000000000000, 0.0000000000000000000, -1.000000000000000000 ) ) ;
#5391 = AXIS2_PLACEMENT_3D ( 'NONE', #1819, #2961, #713 ) ;
#5392 = FACE_OUTER_BOUND ( 'NONE', #3401, .T. ) ;
#5393 = ADVANCED_FACE ( 'NONE', ( #3773 ), #6857, .T. ) ;
#5394 = VERTEX_POINT ( 'NONE', #833 ) ;
#5395 = PLANE ( 'NONE',  #5571 ) ;
#5396 = LINE ( 'NONE', #4422, #1020 ) ;
#5397 = CARTESIAN_POINT ( 'NONE',  ( -12.52770066253094500, 1.000000000000000000, 7.162469536191362200 ) ) ;
#5398 = EDGE_CURVE ( 'NONE', #7081, #540, #2825, .T. ) ;
#5399 = CYLINDRICAL_SURFACE ( 'NONE', #2623, 0.7950000000000101400 ) ;
#5400 = AXIS2_PLACEMENT_3D ( 'NONE', #1608, #2187, #6025 ) ;
#5401 = DIRECTION ( 'NONE',  ( 0.0000000000000000000, -1.000000000000000000, 0.0000000000000000000 ) ) ;
#5402 = ADVANCED_FACE ( 'NONE', ( #6692 ), #3659, .F. ) ;
#5403 = ORIENTED_EDGE ( 'NONE', *, *, #3290, .T. ) ;
#5404 = PLANE ( 'NONE',  #3888 ) ;
#5405 = EDGE_LOOP ( 'NONE', ( #4716, #3082, #4721, #4894, #5425, #3611, #6389, #117, #4066, #4483, #5353, #3710, #5945, #5147, #68, #4478, #4626, #1769, #6308 ) ) ;
#5406 = DIRECTION ( 'NONE',  ( 0.0000000000000000000, 0.0000000000000000000, -1.000000000000000000 ) ) ;
#5407 = CARTESIAN_POINT ( 'NONE',  ( 13.60000000000001000, 3.420000000000027500, -6.895000000000020900 ) ) ;
#5408 = ORIENTED_EDGE ( 'NONE', *, *, #5100, .F. ) ;
#5409 = LINE ( 'NONE', #3769, #4544 ) ;
#5410 = VECTOR ( 'NONE', #6110, 1000.000000000000000 ) ;
#5411 = VERTEX_POINT ( 'NONE', #268 ) ;
#5412 = EDGE_LOOP ( 'NONE', ( #1977, #21, #6421, #5151 ) ) ;
#5413 = EDGE_CURVE ( 'NONE', #6069, #3772, #407, .T. ) ;
#5414 = DIRECTION ( 'NONE',  ( 1.000000000000000000, 0.0000000000000000000, 0.0000000000000000000 ) ) ;
#5415 = ORIENTED_EDGE ( 'NONE', *, *, #3289, .F. ) ;
#5416 = VERTEX_POINT ( 'NONE', #1888 ) ;
#5417 = VECTOR ( 'NONE', #1605, 1000.000000000000000 ) ;
#5418 = ORIENTED_EDGE ( 'NONE', *, *, #763, .T. ) ;
#5419 = EDGE_LOOP ( 'NONE', ( #5063, #3305, #1806, #6529 ) ) ;
#5420 = EDGE_LOOP ( 'NONE', ( #245, #2260, #953, #1835 ) ) ;
#5421 = CARTESIAN_POINT ( 'NONE',  ( 13.40000000000001600, 4.199246430854876700, -6.895000000000020900 ) ) ;
#5422 = CARTESIAN_POINT ( 'NONE',  ( 4.079999999999998300, 5.720000000000001500, 3.927862566056164400 ) ) ;
#5423 = VERTEX_POINT ( 'NONE', #6311 ) ;
#5424 = AXIS2_PLACEMENT_3D ( 'NONE', #334, #415, #7051 ) ;
#5425 = ORIENTED_EDGE ( 'NONE', *, *, #1972, .T. ) ;
#5426 = LINE ( 'NONE', #5997, #6571 ) ;
#5427 = DIRECTION ( 'NONE',  ( 0.0000000000000000000, 0.0000000000000000000, -1.000000000000000000 ) ) ;
#5428 = EDGE_CURVE ( 'NONE', #6883, #2637, #922, .T. ) ;
#5429 = CARTESIAN_POINT ( 'NONE',  ( 13.63043069035443200, 1.720000000000002000, 6.616833913685941800 ) ) ;
#5430 = ORIENTED_EDGE ( 'NONE', *, *, #3032, .T. ) ;
#5431 = CARTESIAN_POINT ( 'NONE',  ( -13.29999999999999700, 5.720000000000000600, 6.544999999999995500 ) ) ;
#5432 = ADVANCED_FACE ( 'NONE', ( #2659 ), #4108, .F. ) ;
#5433 = CARTESIAN_POINT ( 'NONE',  ( -9.529003095812298000, 1.000000000000001800, -10.89500000000000100 ) ) ;
#5434 = DIRECTION ( 'NONE',  ( 1.000000000000000000, 0.0000000000000000000, 0.0000000000000000000 ) ) ;
#5435 = ORIENTED_EDGE ( 'NONE', *, *, #5307, .F. ) ;
#5436 = LINE ( 'NONE', #5970, #6054 ) ;
#5437 = DIRECTION ( 'NONE',  ( 0.0000000000000000000, 0.0000000000000000000, -1.000000000000000000 ) ) ;
#5438 = DIRECTION ( 'NONE',  ( -0.0000000000000000000, -0.0000000000000000000, 1.000000000000000000 ) ) ;
#5439 = DIRECTION ( 'NONE',  ( 1.000000000000000000, 3.025680481354897600E-015, -0.0000000000000000000 ) ) ;
#5440 = ORIENTED_EDGE ( 'NONE', *, *, #1791, .F. ) ;
#5441 = DIRECTION ( 'NONE',  ( 3.025680481354897600E-015, 1.000000000000000000, 0.0000000000000000000 ) ) ;
#5442 = EDGE_CURVE ( 'NONE', #6038, #3920, #572, .T. ) ;
#5443 = FACE_OUTER_BOUND ( 'NONE', #1995, .T. ) ;
#5444 = ORIENTED_EDGE ( 'NONE', *, *, #6910, .T. ) ;
#5445 = ADVANCED_FACE ( 'NONE', ( #5038 ), #1954, .T. ) ;
#5446 = LINE ( 'NONE', #3524, #3484 ) ;
#5447 = CARTESIAN_POINT ( 'NONE',  ( 4.054999999999997900, 5.720000000000000600, 3.927862566056165200 ) ) ;
#5448 = VERTEX_POINT ( 'NONE', #2050 ) ;
#5449 = ORIENTED_EDGE ( 'NONE', *, *, #2151, .T. ) ;
#5450 = AXIS2_PLACEMENT_3D ( 'NONE', #468, #7030, #1586 ) ;
#5451 = CARTESIAN_POINT ( 'NONE',  ( -12.36848664453580100, 5.720000000000000600, -9.205000000000005400 ) ) ;
#5452 = ORIENTED_EDGE ( 'NONE', *, *, #4745, .F. ) ;
#5453 = DIRECTION ( 'NONE',  ( 0.0000000000000000000, 1.000000000000000000, 0.0000000000000000000 ) ) ;
#5454 = DIRECTION ( 'NONE',  ( -1.000000000000000000, 0.0000000000000000000, 0.0000000000000000000 ) ) ;
#5455 = CARTESIAN_POINT ( 'NONE',  ( -8.673617379884035500E-015, 1.000000000000000000, 60.65107638281947500 ) ) ;
#5456 = FACE_OUTER_BOUND ( 'NONE', #1990, .T. ) ;
#5457 = CIRCLE ( 'NONE', #3672, 11.50000000000000000 ) ;
#5458 = DIRECTION ( 'NONE',  ( 0.0000000000000000000, 0.0000000000000000000, 1.000000000000000000 ) ) ;
#5459 = CIRCLE ( 'NONE', #1139, 1.000000000000000000 ) ;
#5460 = EDGE_CURVE ( 'NONE', #4311, #5707, #1171, .T. ) ;
#5461 = AXIS2_PLACEMENT_3D ( 'NONE', #2673, #1535, #3176 ) ;
#5462 = PLANE ( 'NONE',  #3277 ) ;
#5463 = DIRECTION ( 'NONE',  ( 0.0000000000000000000, 0.0000000000000000000, -1.000000000000000000 ) ) ;
#5464 = FACE_OUTER_BOUND ( 'NONE', #5776, .T. ) ;
#5465 = LINE ( 'NONE', #1777, #7038 ) ;
#5466 = FACE_OUTER_BOUND ( 'NONE', #5064, .T. ) ;
#5467 = AXIS2_PLACEMENT_3D ( 'NONE', #6714, #5023, #89 ) ;
#5468 = EDGE_CURVE ( 'NONE', #3208, #7112, #6352, .T. ) ;
#5469 = ORIENTED_EDGE ( 'NONE', *, *, #4709, .F. ) ;
#5470 = CIRCLE ( 'NONE', #4087, 50.85488151972597100 ) ;
#5471 = LINE ( 'NONE', #3844, #3511 ) ;
#5472 = DIRECTION ( 'NONE',  ( -1.000000000000000000, 0.0000000000000000000, 0.0000000000000000000 ) ) ;
#5473 = CARTESIAN_POINT ( 'NONE',  ( -6.747374629565455500, 5.919999999999999900, 9.594999999999997100 ) ) ;
#5474 = PLANE ( 'NONE',  #3103 ) ;
#5475 = VERTEX_POINT ( 'NONE', #5352 ) ;
#5476 = VECTOR ( 'NONE', #490, 1000.000000000000000 ) ;
#5477 = CARTESIAN_POINT ( 'NONE',  ( -4.079999999999998300, 5.920000000000001700, 3.927862566056164400 ) ) ;
#5478 = CARTESIAN_POINT ( 'NONE',  ( 12.59560643748025700, 0.02486480274735340700, -5.727026498893655700 ) ) ;
#5479 = EDGE_CURVE ( 'NONE', #5586, #4840, #6090, .T. ) ;
#5480 = EDGE_CURVE ( 'NONE', #5820, #5501, #2566, .T. ) ;
#5481 = DIRECTION ( 'NONE',  ( 0.0000000000000000000, 0.0000000000000000000, 1.000000000000000000 ) ) ;
#5482 = DIRECTION ( 'NONE',  ( 0.0000000000000000000, 0.0000000000000000000, 1.000000000000000000 ) ) ;
#5483 = LINE ( 'NONE', #1264, #5740 ) ;
#5484 = DIRECTION ( 'NONE',  ( 0.0000000000000000000, 0.0000000000000000000, 1.000000000000000000 ) ) ;
#5485 = DIRECTION ( 'NONE',  ( 0.0000000000000000000, 0.0000000000000000000, 1.000000000000000000 ) ) ;
#5486 = CARTESIAN_POINT ( 'NONE',  ( 13.29999999999999700, 5.720000000000002400, -9.205000000000005400 ) ) ;
#5487 = CARTESIAN_POINT ( 'NONE',  ( -12.36848664453580100, 5.620000000000000100, -10.79499999999999800 ) ) ;
#5488 = EDGE_LOOP ( 'NONE', ( #1792, #6205, #3474, #3889 ) ) ;
#5489 = AXIS2_PLACEMENT_3D ( 'NONE', #3264, #4784, #3823 ) ;
#5490 = EDGE_LOOP ( 'NONE', ( #6382, #2048, #3030, #2654 ) ) ;
#5491 = ORIENTED_EDGE ( 'NONE', *, *, #2609, .T. ) ;
#5492 = LINE ( 'NONE', #1096, #1879 ) ;
#5493 = EDGE_LOOP ( 'NONE', ( #2032, #5663, #1285, #625, #5325, #6844, #6262, #2817, #194, #2266 ) ) ;
#5494 = PLANE ( 'NONE',  #4845 ) ;
#5495 = VECTOR ( 'NONE', #4313, 1000.000000000000000 ) ;
#5496 = DIRECTION ( 'NONE',  ( 0.0000000000000000000, 0.0000000000000000000, 1.000000000000000000 ) ) ;
#5497 = EDGE_LOOP ( 'NONE', ( #4934, #2358, #5590, #6557 ) ) ;
#5498 = DIRECTION ( 'NONE',  ( -1.000000000000000000, -0.0000000000000000000, -0.0000000000000000000 ) ) ;
#5499 = EDGE_CURVE ( 'NONE', #6670, #1132, #1324, .T. ) ;
#5500 = DIRECTION ( 'NONE',  ( -1.000000000000000000, 0.0000000000000000000, 0.0000000000000000000 ) ) ;
#5501 = VERTEX_POINT ( 'NONE', #4259 ) ;
#5502 = ADVANCED_FACE ( 'NONE', ( #6868 ), #976, .T. ) ;
#5503 = DIRECTION ( 'NONE',  ( 0.0000000000000000000, 0.0000000000000000000, 1.000000000000000000 ) ) ;
#5504 = ORIENTED_EDGE ( 'NONE', *, *, #685, .F. ) ;
#5505 = LINE ( 'NONE', #6368, #3890 ) ;
#5506 = ORIENTED_EDGE ( 'NONE', *, *, #5891, .T. ) ;
#5507 = ORIENTED_EDGE ( 'NONE', *, *, #536, .T. ) ;
#5508 = VERTEX_POINT ( 'NONE', #4239 ) ;
#5509 = DIRECTION ( 'NONE',  ( 0.0000000000000000000, -1.000000000000000000, 0.0000000000000000000 ) ) ;
#5510 = CARTESIAN_POINT ( 'NONE',  ( 12.36848664453580100, 5.720000000000001500, -11.09499999999999900 ) ) ;
#5511 = ORIENTED_EDGE ( 'NONE', *, *, #1255, .F. ) ;
#5512 = CARTESIAN_POINT ( 'NONE',  ( 9.991930185743171900, 5.919999999999999900, -9.205000000000007200 ) ) ;
#5513 = ORIENTED_EDGE ( 'NONE', *, *, #6607, .T. ) ;
#5514 = VECTOR ( 'NONE', #1298, 1000.000000000000000 ) ;
#5515 = EDGE_CURVE ( 'NONE', #3547, #6817, #3592, .T. ) ;
#5516 = ORIENTED_EDGE ( 'NONE', *, *, #6530, .F. ) ;
#5517 = EDGE_CURVE ( 'NONE', #6391, #1222, #2128, .T. ) ;
#5518 = EDGE_LOOP ( 'NONE', ( #957, #1458, #1359, #660 ) ) ;
#5519 = CARTESIAN_POINT ( 'NONE',  ( 12.83999999986891000, 0.8690767580597654800, -10.89500000000000300 ) ) ;
#5520 = VERTEX_POINT ( 'NONE', #3681 ) ;
#5521 = FACE_BOUND ( 'NONE', #4737, .T. ) ;
#5522 = VERTEX_POINT ( 'NONE', #375 ) ;
#5523 = CARTESIAN_POINT ( 'NONE',  ( 9.991930185743171900, 5.620000000000001000, -10.89500000000000000 ) ) ;
#5524 = AXIS2_PLACEMENT_3D ( 'NONE', #1245, #188, #5675 ) ;
#5525 = DIRECTION ( 'NONE',  ( 0.0000000000000000000, -1.000000000000000000, 0.0000000000000000000 ) ) ;
#5526 = VECTOR ( 'NONE', #3667, 1000.000000000000000 ) ;
#5527 = ORIENTED_EDGE ( 'NONE', *, *, #4731, .T. ) ;
#5528 = CARTESIAN_POINT ( 'NONE',  ( -12.36848664453580100, 5.720000000000001500, -11.09499999999999900 ) ) ;
#5529 = CARTESIAN_POINT ( 'NONE',  ( 2.220000000000003300, 5.399999999999994100, 9.844673495138421200 ) ) ;
#5530 = DIRECTION ( 'NONE',  ( -1.000000000000000000, 0.0000000000000000000, 0.0000000000000000000 ) ) ;
#5531 = CARTESIAN_POINT ( 'NONE',  ( 12.36848664453580100, 5.620000000000000100, -10.79499999999999800 ) ) ;
#5532 = LINE ( 'NONE', #1648, #5971 ) ;
#5533 = DIRECTION ( 'NONE',  ( -0.0000000000000000000, -1.000000000000000000, -0.0000000000000000000 ) ) ;
#5534 = VERTEX_POINT ( 'NONE', #4770 ) ;
#5535 = ORIENTED_EDGE ( 'NONE', *, *, #1248, .T. ) ;
#5536 = EDGE_LOOP ( 'NONE', ( #2857, #1448, #695, #95 ) ) ;
#5537 = FILL_AREA_STYLE_COLOUR ( '', #3157 ) ;
#5538 = EDGE_CURVE ( 'NONE', #4635, #6721, #5299, .T. ) ;
#5539 = DIRECTION ( 'NONE',  ( -1.000000000000000000, 0.0000000000000000000, 0.0000000000000000000 ) ) ;
#5540 = DIRECTION ( 'NONE',  ( 0.0000000000000000000, 0.0000000000000000000, -1.000000000000000000 ) ) ;
#5541 = EDGE_CURVE ( 'NONE', #5860, #571, #2470, .T. ) ;
#5542 = ADVANCED_FACE ( 'NONE', ( #6524 ), #5703, .F. ) ;
#5543 = ORIENTED_EDGE ( 'NONE', *, *, #5118, .T. ) ;
#5544 = FACE_BOUND ( 'NONE', #1532, .T. ) ;
#5545 = CIRCLE ( 'NONE', #4664, 0.09999999999999939500 ) ;
#5546 = DIRECTION ( 'NONE',  ( -0.0000000000000000000, 0.0000000000000000000, -1.000000000000000000 ) ) ;
#5547 = FACE_OUTER_BOUND ( 'NONE', #4918, .T. ) ;
#5548 = DIRECTION ( 'NONE',  ( 0.0000000000000000000, 0.0000000000000000000, 1.000000000000000000 ) ) ;
#5549 = DIRECTION ( 'NONE',  ( 0.7183391368594559400, -2.508067691305474600E-015, -0.6956930964556222700 ) ) ;
#5550 = DIRECTION ( 'NONE',  ( 0.0000000000000000000, -1.000000000000000000, 0.0000000000000000000 ) ) ;
#5551 = CIRCLE ( 'NONE', #3180, 0.09999999999999939500 ) ;
#5552 = LINE ( 'NONE', #902, #2655 ) ;
#5553 = EDGE_CURVE ( 'NONE', #5069, #5265, #4869, .T. ) ;
#5555 = DIRECTION ( 'NONE',  ( 0.6956930964556202700, 0.0000000000000000000, -0.7183391368594579400 ) ) ;
#5554 = STYLED_ITEM ( 'NONE', ( #5895 ), #5093 ) ;
#5556 = DIRECTION ( 'NONE',  ( -3.025680481354897600E-015, -1.000000000000000000, 0.0000000000000000000 ) ) ;
#5557 = EDGE_LOOP ( 'NONE', ( #1271, #5535, #3392, #6381 ) ) ;
#5558 = LINE ( 'NONE', #4156, #3350 ) ;
#5559 = LINE ( 'NONE', #5722, #1510 ) ;
#5560 = DIRECTION ( 'NONE',  ( -0.0000000000000000000, 1.000000000000000000, -0.0000000000000000000 ) ) ;
#5561 = DIRECTION ( 'NONE',  ( 1.000000000000000000, 0.0000000000000000000, 0.0000000000000000000 ) ) ;
#5562 = DIRECTION ( 'NONE',  ( -1.953517427901810700E-016, 1.000000000000000000, -0.0000000000000000000 ) ) ;
#5563 = DIRECTION ( 'NONE',  ( 0.0000000000000000000, 8.673617379884037000E-015, 1.000000000000000000 ) ) ;
#5564 = VECTOR ( 'NONE', #1070, 1000.000000000000100 ) ;
#5565 = CARTESIAN_POINT ( 'NONE',  ( -8.673617379884035500E-015, 5.400000000000000400, 9.796194863093500500 ) ) ;
#5566 = CARTESIAN_POINT ( 'NONE',  ( 6.104999999999997800, 5.720000000000000600, -1.530520863929464100 ) ) ;
#5567 = ORIENTED_EDGE ( 'NONE', *, *, #6241, .F. ) ;
#5568 = PLANE ( 'NONE',  #5580 ) ;
#5569 = ADVANCED_FACE ( 'NONE', ( #489 ), #6890, .T. ) ;
#5570 = PLANE ( 'NONE',  #1421 ) ;
#5571 = AXIS2_PLACEMENT_3D ( 'NONE', #383, #3740, #5913 ) ;
#5572 = LINE ( 'NONE', #7176, #5050 ) ;
#5573 = EDGE_CURVE ( 'NONE', #2162, #60, #3424, .T. ) ;
#5574 = CARTESIAN_POINT ( 'NONE',  ( -13.34000000000001200, 5.400000000000000400, 6.579228774286543800 ) ) ;
#5575 = LINE ( 'NONE', #3378, #3197 ) ;
#5576 = ORIENTED_EDGE ( 'NONE', *, *, #5637, .F. ) ;
#5577 = PLANE ( 'NONE',  #6507 ) ;
#5578 = ORIENTED_EDGE ( 'NONE', *, *, #5681, .T. ) ;
#5579 = VERTEX_POINT ( 'NONE', #3526 ) ;
#5580 = AXIS2_PLACEMENT_3D ( 'NONE', #549, #5500, #2849 ) ;
#5581 = ORIENTED_EDGE ( 'NONE', *, *, #778, .T. ) ;
#5582 = EDGE_CURVE ( 'NONE', #3598, #7151, #2392, .T. ) ;
#5583 = FACE_OUTER_BOUND ( 'NONE', #6703, .T. ) ;
#5584 = DIRECTION ( 'NONE',  ( 0.0000000000000000000, 0.0000000000000000000, -1.000000000000000000 ) ) ;
#5585 = CIRCLE ( 'NONE', #1088, 1.145000000000000200 ) ;
#5586 = VERTEX_POINT ( 'NONE', #5133 ) ;
#5587 = VERTEX_POINT ( 'NONE', #1328 ) ;
#5588 = PLANE ( 'NONE',  #2096 ) ;
#5589 = CARTESIAN_POINT ( 'NONE',  ( -12.84000000000000900, 5.400000000000000400, -10.39500000000000700 ) ) ;
#5590 = ORIENTED_EDGE ( 'NONE', *, *, #1657, .T. ) ;
#5591 = ORIENTED_EDGE ( 'NONE', *, *, #4720, .T. ) ;
#5592 = VECTOR ( 'NONE', #274, 1000.000000000000000 ) ;
#5593 = CARTESIAN_POINT ( 'NONE',  ( 9.991930185743170200, 5.919999999999999000, -10.79499999999999800 ) ) ;
#5594 = VERTEX_POINT ( 'NONE', #4081 ) ;
#5595 = ORIENTED_EDGE ( 'NONE', *, *, #4441, .T. ) ;
#5596 = EDGE_CURVE ( 'NONE', #5840, #4314, #3758, .T. ) ;
#5597 = AXIS2_PLACEMENT_3D ( 'NONE', #5348, #2133, #3777 ) ;
#5598 = DIRECTION ( 'NONE',  ( -1.000000000000000000, -0.0000000000000000000, 0.0000000000000000000 ) ) ;
#5599 = CARTESIAN_POINT ( 'NONE',  ( -12.34000000000001200, 5.400000000000000400, -10.39500000000000300 ) ) ;
#5600 = VERTEX_POINT ( 'NONE', #6275 ) ;
#5601 = ORIENTED_EDGE ( 'NONE', *, *, #6764, .T. ) ;
#5602 = VECTOR ( 'NONE', #6051, 1000.000000000000000 ) ;
#5603 = ORIENTED_EDGE ( 'NONE', *, *, #281, .F. ) ;
#5604 = SURFACE_STYLE_USAGE ( .BOTH. , #1758 ) ;
#5605 = EDGE_LOOP ( 'NONE', ( #425, #6720, #1370, #3531 ) ) ;
#5606 = AXIS2_PLACEMENT_3D ( 'NONE', #2574, #5240, #4718 ) ;
#5607 = LINE ( 'NONE', #4622, #6397 ) ;
#5608 = ADVANCED_FACE ( 'NONE', ( #3863 ), #821, .T. ) ;
#5609 = VERTEX_POINT ( 'NONE', #5724 ) ;
#5610 = CARTESIAN_POINT ( 'NONE',  ( -4.054999999999997900, 5.720000000000000600, 3.927862566056165200 ) ) ;
#5611 = DIRECTION ( 'NONE',  ( 1.994743669622075200E-015, 0.0000000000000000000, 1.000000000000000000 ) ) ;
#5612 = VECTOR ( 'NONE', #2683, 1000.000000000000000 ) ;
#5613 = ORIENTED_EDGE ( 'NONE', *, *, #7002, .F. ) ;
#5614 = DIRECTION ( 'NONE',  ( 0.0000000000000000000, 0.0000000000000000000, 1.000000000000000000 ) ) ;
#5615 = STYLED_ITEM ( 'NONE', ( #6006 ), #1932 ) ;
#5616 = DIRECTION ( 'NONE',  ( -0.0000000000000000000, -1.000000000000000000, -4.034240641806527500E-015 ) ) ;
#5617 = EDGE_CURVE ( 'NONE', #261, #5423, #1690, .T. ) ;
#5618 = CARTESIAN_POINT ( 'NONE',  ( 16.03250000000000200, 0.2000000000000110900, -1.905000000000022000 ) ) ;
#5619 = LINE ( 'NONE', #2786, #6242 ) ;
#5620 = CARTESIAN_POINT ( 'NONE',  ( 12.34000000000000700, 1.000000000000000000, -10.39500000000000300 ) ) ;
#5621 = CARTESIAN_POINT ( 'NONE',  ( 14.63074834367267300, 5.400000000000000400, 8.376898095237935500 ) ) ;
#5622 = ORIENTED_EDGE ( 'NONE', *, *, #4706, .T. ) ;
#5623 = ORIENTED_EDGE ( 'NONE', *, *, #5185, .F. ) ;
#5624 = DIRECTION ( 'NONE',  ( 0.0000000000000000000, -1.000000000000000000, 0.0000000000000000000 ) ) ;
#5625 = CARTESIAN_POINT ( 'NONE',  ( 13.70000000000000600, 0.2000000000000075600, -4.445000000000021600 ) ) ;
#5626 = CARTESIAN_POINT ( 'NONE',  ( 1.500000000000000000, 5.200000000000001100, 9.280814232050447600 ) ) ;
#5627 = AXIS2_PLACEMENT_3D ( 'NONE', #1955, #869, #6362 ) ;
#5628 = CARTESIAN_POINT ( 'NONE',  ( -13.34000000000001200, 5.400000000000000400, 6.579228774286543800 ) ) ;
#5629 = EDGE_CURVE ( 'NONE', #6568, #5448, #739, .T. ) ;
#5630 = FACE_OUTER_BOUND ( 'NONE', #5679, .T. ) ;
#5631 = FACE_OUTER_BOUND ( 'NONE', #378, .T. ) ;
#5632 = LINE ( 'NONE', #6542, #6685 ) ;
#5633 = CARTESIAN_POINT ( 'NONE',  ( 4.054999999999997900, 5.919999999999999900, 3.927862566056165200 ) ) ;
#5634 = VECTOR ( 'NONE', #4862, 1000.000000000000000 ) ;
#5635 = VECTOR ( 'NONE', #19, 1000.000000000000000 ) ;
#5636 = LINE ( 'NONE', #3260, #3336 ) ;
#5637 = EDGE_CURVE ( 'NONE', #3435, #6034, #1415, .T. ) ;
#5638 = CARTESIAN_POINT ( 'NONE',  ( -2.499999999999993300, 3.000000000000000000, -13.38743516107378900 ) ) ;
#5639 = AXIS2_PLACEMENT_3D ( 'NONE', #2537, #3721, #4809 ) ;
#5640 = DIRECTION ( 'NONE',  ( 0.0000000000000000000, 0.0000000000000000000, -1.000000000000000000 ) ) ;
#5641 = CARTESIAN_POINT ( 'NONE',  ( -6.659999999999999300, 3.879999999999998100, -13.38301493665047000 ) ) ;
#5642 = ORIENTED_EDGE ( 'NONE', *, *, #5185, .T. ) ;
#5643 = FACE_OUTER_BOUND ( 'NONE', #5405, .T. ) ;
#5644 = CARTESIAN_POINT ( 'NONE',  ( -13.59999999999999600, 5.720000000000000600, 6.544999999999995500 ) ) ;
#5645 = CARTESIAN_POINT ( 'NONE',  ( 12.63289321881346300, 5.412880918677598500E-016, -10.48078643762691100 ) ) ;
#5646 = EDGE_CURVE ( 'NONE', #3557, #2862, #5821, .T. ) ;
#5647 = PRODUCT_DEFINITION_FORMATION_WITH_SPECIFIED_SOURCE ( 'ANY', '', #2667, .NOT_KNOWN. ) ;
#5648 = ORIENTED_EDGE ( 'NONE', *, *, #4836, .T. ) ;
#5649 = VECTOR ( 'NONE', #7108, 1000.000000000000000 ) ;
#5650 = CARTESIAN_POINT ( 'NONE',  ( 12.34000000000001100, 5.400000000000000400, -10.39500000000000300 ) ) ;
#5651 = CARTESIAN_POINT ( 'NONE',  ( 1.500000000000000000, 5.400000000000000400, 9.280814232050447600 ) ) ;
#5652 = EDGE_LOOP ( 'NONE', ( #846, #6227, #4148, #2170 ) ) ;
#5653 = ADVANCED_FACE ( 'NONE', ( #4601 ), #1231, .F. ) ;
#5654 = CIRCLE ( 'NONE', #5655, 1.999999999999999600 ) ;
#5655 = AXIS2_PLACEMENT_3D ( 'NONE', #5922, #4252, #2628 ) ;
#5656 = VERTEX_POINT ( 'NONE', #2909 ) ;
#5657 = CARTESIAN_POINT ( 'NONE',  ( 13.34000000000001200, 0.8690767580597650300, -10.39499999986907100 ) ) ;
#5658 = CARTESIAN_POINT ( 'NONE',  ( 4.315801865891753400, 5.400000000000000400, -4.274522504775854200 ) ) ;
#5659 = DIRECTION ( 'NONE',  ( 0.0000000000000000000, -1.000000000000000000, 0.0000000000000000000 ) ) ;
#5660 = EDGE_LOOP ( 'NONE', ( #1202, #1122, #3115, #3983 ) ) ;
#5661 = ORIENTED_EDGE ( 'NONE', *, *, #216, .T. ) ;
#5662 = CIRCLE ( 'NONE', #2958, 0.2999999999999999300 ) ;
#5663 = ORIENTED_EDGE ( 'NONE', *, *, #6751, .T. ) ;
#5664 = DIRECTION ( 'NONE',  ( 0.0000000000000000000, 1.000000000000000000, 0.0000000000000000000 ) ) ;
#5665 = ORIENTED_EDGE ( 'NONE', *, *, #5261, .T. ) ;
#5666 = CARTESIAN_POINT ( 'NONE',  ( -13.60000000000000700, 0.3000000000000077600, 0.6349999999999784700 ) ) ;
#5667 = AXIS2_PLACEMENT_3D ( 'NONE', #965, #3184, #2083 ) ;
#5668 = CIRCLE ( 'NONE', #2243, 1.145000000000000200 ) ;
#5669 = EDGE_CURVE ( 'NONE', #5786, #7093, #7131, .T. ) ;
#5670 = EDGE_CURVE ( 'NONE', #2162, #835, #2984, .T. ) ;
#5671 = ORIENTED_EDGE ( 'NONE', *, *, #6192, .F. ) ;
#5672 = DIRECTION ( 'NONE',  ( 1.000000000000000000, 5.706327223607916600E-016, 0.0000000000000000000 ) ) ;
#5673 = DIRECTION ( 'NONE',  ( -0.5832407619048182200, 0.0000000000000000000, 0.8122993374690682400 ) ) ;
#5674 = ORIENTED_EDGE ( 'NONE', *, *, #4942, .T. ) ;
#5675 = DIRECTION ( 'NONE',  ( 0.0000000000000000000, 2.891205793294679000E-015, -1.000000000000000000 ) ) ;
#5676 = ORIENTED_EDGE ( 'NONE', *, *, #226, .T. ) ;
#5677 = LINE ( 'NONE', #2736, #3713 ) ;
#5678 = ORIENTED_EDGE ( 'NONE', *, *, #4376, .F. ) ;
#5679 = EDGE_LOOP ( 'NONE', ( #1214, #1542, #3957, #5070, #4571, #6153, #5403, #851, #2499 ) ) ;
#5680 = ORIENTED_EDGE ( 'NONE', *, *, #6751, .F. ) ;
#5681 = EDGE_CURVE ( 'NONE', #5319, #1048, #6443, .T. ) ;
#5682 = CARTESIAN_POINT ( 'NONE',  ( 6.079999999999998300, 4.683326286608007600, -1.569848563824564300 ) ) ;
#5683 = ORIENTED_EDGE ( 'NONE', *, *, #5499, .T. ) ;
#5684 = EDGE_LOOP ( 'NONE', ( #1805, #6222, #6722, #461 ) ) ;
#5685 = LINE ( 'NONE', #1852, #2946 ) ;
#5686 = ORIENTED_EDGE ( 'NONE', *, *, #1744, .F. ) ;
#5687 = CARTESIAN_POINT ( 'NONE',  ( 12.82698632376939300, 0.7382520453158525300, -10.86897264753880600 ) ) ;
#5688 = ORIENTED_EDGE ( 'NONE', *, *, #96, .T. ) ;
#5689 = CARTESIAN_POINT ( 'NONE',  ( 13.59999999999999800, 5.720000000000001500, -9.205000000000005400 ) ) ;
#5690 = ORIENTED_EDGE ( 'NONE', *, *, #5693, .T. ) ;
#5691 = DIRECTION ( 'NONE',  ( 0.0000000000000000000, 0.0000000000000000000, -1.000000000000000000 ) ) ;
#5692 = CIRCLE ( 'NONE', #5391, 0.7350000000000099800 ) ;
#5693 = EDGE_CURVE ( 'NONE', #4157, #632, #4366, .T. ) ;
#5694 = CARTESIAN_POINT ( 'NONE',  ( 12.84000000000000900, 5.400000000000000400, -10.39500000000000300 ) ) ;
#5695 = ORIENTED_EDGE ( 'NONE', *, *, #2668, .T. ) ;
#5696 = ADVANCED_FACE ( 'NONE', ( #3167 ), #4104, .T. ) ;
#5697 = DIRECTION ( 'NONE',  ( 1.000000000000000000, 0.0000000000000000000, 0.0000000000000000000 ) ) ;
#5698 = LINE ( 'NONE', #6420, #1292 ) ;
#5699 = DIRECTION ( 'NONE',  ( 0.0000000000000000000, -1.000000000000000000, 0.0000000000000000000 ) ) ;
#5700 = DIRECTION ( 'NONE',  ( 0.8433914458128890500, 0.0000000000000000000, 0.5372996083468185600 ) ) ;
#5701 = ORIENTED_EDGE ( 'NONE', *, *, #3485, .T. ) ;
#5702 = DIRECTION ( 'NONE',  ( 0.0000000000000000000, 1.000000000000000000, 0.0000000000000000000 ) ) ;
#5703 = PLANE ( 'NONE',  #234 ) ;
#5704 = EDGE_CURVE ( 'NONE', #5534, #1905, #2217, .T. ) ;
#5705 = VECTOR ( 'NONE', #5991, 1000.000000000000000 ) ;
#5706 = ORIENTED_EDGE ( 'NONE', *, *, #5442, .T. ) ;
#5707 = VERTEX_POINT ( 'NONE', #1742 ) ;
#5708 = DIRECTION ( 'NONE',  ( 0.0000000000000000000, -1.000000000000000000, 0.0000000000000000000 ) ) ;
#5709 = CARTESIAN_POINT ( 'NONE',  ( 1.987236715034471000E-015, 1.000000000000000000, -1.905000000000022900 ) ) ;
#5710 = EDGE_LOOP ( 'NONE', ( #870, #7011, #5868, #6123 ) ) ;
#5711 = DIRECTION ( 'NONE',  ( 0.0000000000000000000, 1.000000000000000000, 0.0000000000000000000 ) ) ;
#5712 = CARTESIAN_POINT ( 'NONE',  ( 13.33999999388968800, 0.8007492881743828500, -10.89499999388984900 ) ) ;
#5713 = CARTESIAN_POINT ( 'NONE',  ( -1.734723475976806700E-015, 5.400000000000000400, -2.805000000000021900 ) ) ;
#5714 = ORIENTED_EDGE ( 'NONE', *, *, #4186, .F. ) ;
#5715 = DIRECTION ( 'NONE',  ( -1.000000000000000000, 0.0000000000000000000, 0.0000000000000000000 ) ) ;
#5716 = DIRECTION ( 'NONE',  ( -3.025680481354897600E-015, -1.000000000000000000, 0.0000000000000000000 ) ) ;
#5717 = DIRECTION ( 'NONE',  ( -1.734723475976817500E-014, 1.000000000000000000, 0.0000000000000000000 ) ) ;
#5718 = LINE ( 'NONE', #3730, #5374 ) ;
#5719 = VECTOR ( 'NONE', #3183, 1000.000000000000000 ) ;
#5720 = FACE_OUTER_BOUND ( 'NONE', #5419, .T. ) ;
#5721 = CARTESIAN_POINT ( 'NONE',  ( 13.39999999999999500, 5.620000000000002800, -9.205000000000005400 ) ) ;
#5722 = CARTESIAN_POINT ( 'NONE',  ( -13.70000000000000600, 7.546521107385085500E-015, 0.6349999999999784700 ) ) ;
#5723 = EDGE_CURVE ( 'NONE', #5520, #2346, #1857, .T. ) ;
#5724 = CARTESIAN_POINT ( 'NONE',  ( 6.079999999999998300, 5.720000000000001500, 3.927862566056164400 ) ) ;
#5725 = CIRCLE ( 'NONE', #2813, 49.85488151972597100 ) ;
#5726 = FACE_BOUND ( 'NONE', #3023, .T. ) ;
#5727 = FACE_OUTER_BOUND ( 'NONE', #6795, .T. ) ;
#5728 = ADVANCED_FACE ( 'NONE', ( #1166 ), #1596, .F. ) ;
#5729 = CARTESIAN_POINT ( 'NONE',  ( 6.104999999999997800, 5.720000000000000600, 3.927862566056165200 ) ) ;
#5730 = CARTESIAN_POINT ( 'NONE',  ( -2.220000000000002400, 5.399999999999999500, -15.30500000000002300 ) ) ;
#5731 = DIRECTION ( 'NONE',  ( 1.000000000000000000, 0.0000000000000000000, 0.0000000000000000000 ) ) ;
#5732 = EDGE_LOOP ( 'NONE', ( #2176, #5603, #6906, #5961 ) ) ;
#5733 = CIRCLE ( 'NONE', #3674, 49.85488151972596400 ) ;
#5734 = EDGE_CURVE ( 'NONE', #2945, #2419, #7042, .T. ) ;
#5735 = CARTESIAN_POINT ( 'NONE',  ( -13.34000000000001200, 1.000000000000000000, 6.579228774286543800 ) ) ;
#5736 = LINE ( 'NONE', #6150, #127 ) ;
#5737 = CARTESIAN_POINT ( 'NONE',  ( 13.34000000000001100, 5.400000000000000400, -7.646282237245129600 ) ) ;
#5738 = CARTESIAN_POINT ( 'NONE',  ( -12.40546163104479400, 1.084202172485504400E-016, -10.02592326208957200 ) ) ;
#5739 = CARTESIAN_POINT ( 'NONE',  ( -12.36848664453580100, 5.720000000000000600, -9.205000000000005400 ) ) ;
#5740 = VECTOR ( 'NONE', #193, 1000.000000000000000 ) ;
#5741 = DIRECTION ( 'NONE',  ( 0.0000000000000000000, -0.0000000000000000000, -1.000000000000000000 ) ) ;
#5742 = EDGE_CURVE ( 'NONE', #3137, #2637, #4193, .T. ) ;
#5743 = EDGE_CURVE ( 'NONE', #534, #3792, #2463, .T. ) ;
#5744 = VERTEX_POINT ( 'NONE', #3414 ) ;
#5745 = CARTESIAN_POINT ( 'NONE',  ( -13.34000000000001100, 1.000000000000001800, -6.143717762754916700 ) ) ;
#5746 = FACE_OUTER_BOUND ( 'NONE', #4303, .T. ) ;
#5747 = ORIENTED_EDGE ( 'NONE', *, *, #2932, .T. ) ;
#5748 = LINE ( 'NONE', #3688, #4634 ) ;
#5749 = CARTESIAN_POINT ( 'NONE',  ( -12.60000000000000500, 0.0000000000000000000, 9.834999999999976000 ) ) ;
#5750 = CARTESIAN_POINT ( 'NONE',  ( 6.659999999999999300, 5.400000000000000400, 10.23418065940780200 ) ) ;
#5751 = ORIENTED_EDGE ( 'NONE', *, *, #646, .T. ) ;
#5752 = CARTESIAN_POINT ( 'NONE',  ( 13.60000000000001000, 1.000000000000000000, -6.895000000000020900 ) ) ;
#5753 = EDGE_CURVE ( 'NONE', #1368, #5860, #126, .T. ) ;
#5754 = VERTEX_POINT ( 'NONE', #6104 ) ;
#5755 = ORIENTED_EDGE ( 'NONE', *, *, #3007, .F. ) ;
#5756 = CYLINDRICAL_SURFACE ( 'NONE', #2844, 2.500000000000002200 ) ;
#5757 = CIRCLE ( 'NONE', #4903, 0.7350000000000099800 ) ;
#5758 = ORIENTED_EDGE ( 'NONE', *, *, #6827, .T. ) ;
#5759 = ORIENTED_EDGE ( 'NONE', *, *, #4994, .F. ) ;
#5760 = CARTESIAN_POINT ( 'NONE',  ( -13.34000000000001200, 0.8690767580597668100, -10.39499999986907500 ) ) ;
#5761 = AXIS2_PLACEMENT_3D ( 'NONE', #2780, #1748, #1130 ) ;
#5762 = ORIENTED_EDGE ( 'NONE', *, *, #4745, .T. ) ;
#5763 = CARTESIAN_POINT ( 'NONE',  ( 13.69999999999999800, 5.620000000000002800, 6.544999999999995500 ) ) ;
#5764 = VERTEX_POINT ( 'NONE', #5049 ) ;
#5765 = VECTOR ( 'NONE', #7164, 1000.000000000000000 ) ;
#5766 = CLOSED_SHELL ( 'NONE', ( #1644, #2563, #6439, #4114, #203, #3553, #368, #3179, #6063, #308, #3265, #3147, #1309, #5879, #7129, #4788, #1579, #6287, #14, #1493, #2063, #2643, #3759, #562, #3962, #6019, #6480, #424, #3771, #6467, #3231, #2966, #2139, #1948, #5999, #1459, #1422, #3252, #2578, #4225, #5569, #6678, #5324, #3126, #2925, #1832, #6533, #5027, #5875, #4713, #2691, #4302, #1015, #164, #1466, #5728, #5279, #1543, #2657, #4496, #3067, #4755, #1053, #6449, #6897, #4044, #933, #1875, #5297, #5393, #3689, #1038, #667, #4330, #81, #3905, #5104, #5432, #2235, #1568, #6325, #5402, #5696, #2677, #6401, #2529, #4783, #7098, #2420, #981, #2098, #3159, #4853, #6219, #5373, #1795, #717, #4997, #4750, #7058, #5839, #3216, #2851, #4435, #6983, #2626, #1475, #1498, #5835, #2714, #2028, #3105, #3544, #358, #2126, #5965, #390, #5134, #4676, #5365, #1146, #4190, #3809, #1506, #5985, #1526, #3112, #2784, #4084, #935, #1910, #3696, #4764, #4010, #1315, #4274, #1871, #4637, #3479, #3737, #6093, #2568, #5608, #6970, #2180, #5341, #7084, #5254, #474, #4343, #3427, #2615, #2110, #6574, #4605, #464, #5946, #1677 ) ) ;
#5767 = DIRECTION ( 'NONE',  ( 0.0000000000000000000, -0.0000000000000000000, -1.000000000000000000 ) ) ;
#5768 = EDGE_LOOP ( 'NONE', ( #3862, #2027 ) ) ;
#5769 = DIRECTION ( 'NONE',  ( 1.000000000000000000, -0.0000000000000000000, -0.0000000000000000000 ) ) ;
#5770 = EDGE_LOOP ( 'NONE', ( #6804, #7080, #6572, #4127 ) ) ;
#5771 = CARTESIAN_POINT ( 'NONE',  ( -12.34000000000001200, 0.0000000000000000000, -5.616553677309847000 ) ) ;
#5772 = EDGE_LOOP ( 'NONE', ( #4411, #427, #3461 ) ) ;
#5773 = DIRECTION ( 'NONE',  ( -0.0000000000000000000, -1.000000000000000000, -0.0000000000000000000 ) ) ;
#5774 = ORIENTED_EDGE ( 'NONE', *, *, #6031, .T. ) ;
#5775 = FACE_OUTER_BOUND ( 'NONE', #2444, .T. ) ;
#5776 = EDGE_LOOP ( 'NONE', ( #6126, #4348, #720, #6743 ) ) ;
#5777 = EDGE_CURVE ( 'NONE', #4152, #105, #37, .T. ) ;
#5778 = DIRECTION ( 'NONE',  ( 0.0000000000000000000, -1.000000000000000000, 0.0000000000000000000 ) ) ;
#5780 = CARTESIAN_POINT ( 'NONE',  ( 13.20270053065698900, 0.4768288836969776200, -7.739153735556602200 ) ) ;
#5779 = AXIS2_PLACEMENT_3D ( 'NONE', #2059, #5914, #4801 ) ;
#5781 = AXIS2_PLACEMENT_3D ( 'NONE', #3337, #6265, #6217 ) ;
#5782 = DIRECTION ( 'NONE',  ( 0.0000000000000000000, 0.0000000000000000000, 1.000000000000000000 ) ) ;
#5783 = CARTESIAN_POINT ( 'NONE',  ( -2.500000000000000000, 0.0000000000000000000, 8.925199674982893700 ) ) ;
#5784 = VECTOR ( 'NONE', #183, 1000.000000000000100 ) ;
#5785 = DIRECTION ( 'NONE',  ( 0.0000000000000000000, 1.000000000000000000, 0.0000000000000000000 ) ) ;
#5786 = VERTEX_POINT ( 'NONE', #6666 ) ;
#5787 = EDGE_CURVE ( 'NONE', #2678, #4133, #4952, .T. ) ;
#5788 = LINE ( 'NONE', #1766, #2526 ) ;
#5789 = CARTESIAN_POINT ( 'NONE',  ( -13.33999999388985600, 0.8007492881744409100, -10.89499999388991100 ) ) ;
#5790 = CARTESIAN_POINT ( 'NONE',  ( -4.054999999999997900, 5.720000000000000600, 3.927862566056165200 ) ) ;
#5791 = ORIENTED_EDGE ( 'NONE', *, *, #4083, .T. ) ;
#5792 = ORIENTED_EDGE ( 'NONE', *, *, #2214, .T. ) ;
#5793 = DIRECTION ( 'NONE',  ( 0.0000000000000000000, 1.000000000000000000, 0.0000000000000000000 ) ) ;
#5794 = CARTESIAN_POINT ( 'NONE',  ( -13.49129207106330600, 5.620000000000002800, 6.760501741057831600 ) ) ;
#5795 = CIRCLE ( 'NONE', #4347, 3.615780127642022300 ) ;
#5796 = PLANE ( 'NONE',  #2650 ) ;
#5797 = EDGE_LOOP ( 'NONE', ( #5762, #3108, #5648, #1818 ) ) ;
#5798 = ORIENTED_EDGE ( 'NONE', *, *, #6493, .F. ) ;
#5799 = CARTESIAN_POINT ( 'NONE',  ( -8.673617379884035500E-015, 3.879999999999999900, 60.65107638281947500 ) ) ;
#5800 = CARTESIAN_POINT ( 'NONE',  ( 9.991930185743171900, 5.720000000000000600, -9.205000000000007200 ) ) ;
#5801 = DIRECTION ( 'NONE',  ( -0.0000000000000000000, -0.0000000000000000000, 1.000000000000000000 ) ) ;
#5802 = DIRECTION ( 'NONE',  ( 0.0000000000000000000, 0.0000000000000000000, 1.000000000000000000 ) ) ;
#5803 = VECTOR ( 'NONE', #6377, 1000.000000000000000 ) ;
#5804 = DIRECTION ( 'NONE',  ( -0.6956930964556222700, -0.0000000000000000000, 0.7183391368594559400 ) ) ;
#5805 = LINE ( 'NONE', #6321, #3762 ) ;
#5806 = CARTESIAN_POINT ( 'NONE',  ( -13.60000000000001400, 1.000000000000000000, -6.895000000000024400 ) ) ;
#5807 = DIRECTION ( 'NONE',  ( 0.0000000000000000000, 0.0000000000000000000, -1.000000000000000000 ) ) ;
#5808 = CARTESIAN_POINT ( 'NONE',  ( -1.734723475976806700E-015, 5.400000000000000400, -15.30500000000002300 ) ) ;
#5809 = FACE_OUTER_BOUND ( 'NONE', #2759, .T. ) ;
#5810 = CARTESIAN_POINT ( 'NONE',  ( 4.079999999999998300, 4.393463201559789900, -1.492522035864679400 ) ) ;
#5811 = EDGE_CURVE ( 'NONE', #5707, #1809, #3510, .T. ) ;
#5812 = ORIENTED_EDGE ( 'NONE', *, *, #584, .F. ) ;
#5813 = LINE ( 'NONE', #2066, #732 ) ;
#5814 = VECTOR ( 'NONE', #4580, 1000.000000000000000 ) ;
#5815 = DIRECTION ( 'NONE',  ( 0.0000000000000000000, -1.000000000000000000, 0.0000000000000000000 ) ) ;
#5816 = DIRECTION ( 'NONE',  ( 0.0000000000000000000, 0.0000000000000000000, -1.000000000000000000 ) ) ;
#5817 = CARTESIAN_POINT ( 'NONE',  ( 13.40000000000000400, 0.2000000000000076200, 0.6349999999999784700 ) ) ;
#5818 = SURFACE_SIDE_STYLE ('',( #1928 ) ) ;
#5819 = DIRECTION ( 'NONE',  ( 0.0000000000000000000, -1.000000000000000000, 0.0000000000000000000 ) ) ;
#5820 = VERTEX_POINT ( 'NONE', #4028 ) ;
#5821 = CIRCLE ( 'NONE', #6799, 1.999999999999999600 ) ;
#5822 = CARTESIAN_POINT ( 'NONE',  ( 13.34000000000000700, 5.400000000000000400, -6.143717762754913100 ) ) ;
#5823 = AXIS2_PLACEMENT_3D ( 'NONE', #5321, #1492, #1442 ) ;
#5824 = CARTESIAN_POINT ( 'NONE',  ( 4.079999999999998300, 4.393463201559789900, -1.492522035864679400 ) ) ;
#5825 = ORIENTED_EDGE ( 'NONE', *, *, #5460, .T. ) ;
#5826 = DIRECTION ( 'NONE',  ( 0.0000000000000000000, 1.000000000000000000, 0.0000000000000000000 ) ) ;
#5827 = CIRCLE ( 'NONE', #4547, 0.5000000000000004400 ) ;
#5828 = DIRECTION ( 'NONE',  ( -0.0000000000000000000, 1.000000000000000000, -0.0000000000000000000 ) ) ;
#5829 = DIRECTION ( 'NONE',  ( -0.0000000000000000000, 1.000000000000000000, -0.0000000000000000000 ) ) ;
#5830 = CARTESIAN_POINT ( 'NONE',  ( 14.79703923862027700, -0.4131883529488403800, 8.025084503675147500 ) ) ;
#5831 = EDGE_CURVE ( 'NONE', #3508, #345, #213, .T. ) ;
#5832 = AXIS2_PLACEMENT_3D ( 'NONE', #3731, #2631, #471 ) ;
#5833 = VERTEX_POINT ( 'NONE', #6773 ) ;
#5834 = LINE ( 'NONE', #4714, #6624 ) ;
#5835 = ADVANCED_FACE ( 'NONE', ( #917 ), #1331, .F. ) ;
#5836 = ORIENTED_EDGE ( 'NONE', *, *, #5777, .F. ) ;
#5837 = DIRECTION ( 'NONE',  ( -1.000000000000000000, -0.0000000000000000000, -0.0000000000000000000 ) ) ;
#5838 = CARTESIAN_POINT ( 'NONE',  ( -12.34000000000001200, 1.000000000000000000, -10.39500000000000700 ) ) ;
#5839 = ADVANCED_FACE ( 'NONE', ( #5726, #6005 ), #6231, .F. ) ;
#5840 = VERTEX_POINT ( 'NONE', #5115 ) ;
#5841 = CARTESIAN_POINT ( 'NONE',  ( 12.59999999999999600, 5.919999999999999900, 7.644999999999995100 ) ) ;
#5842 = ORIENTED_EDGE ( 'NONE', *, *, #5152, .T. ) ;
#5843 = CARTESIAN_POINT ( 'NONE',  ( -13.40000000000000400, 7.593379912705469000E-015, 0.6349999999999784700 ) ) ;
#5844 = ORIENTED_EDGE ( 'NONE', *, *, #6810, .F. ) ;
#5845 = EDGE_LOOP ( 'NONE', ( #1106, #63, #7069, #4498 ) ) ;
#5846 = VECTOR ( 'NONE', #4904, 1000.000000000000100 ) ;
#5847 = CARTESIAN_POINT ( 'NONE',  ( -2.220000000000001500, 3.879999999999999000, -15.30500000000002300 ) ) ;
#5848 = ADVANCED_FACE ( 'NONE', ( #5643 ), #2422, .F. ) ;
#5849 = VERTEX_POINT ( 'NONE', #3513 ) ;
#5850 = DIRECTION ( 'NONE',  ( 1.000000000000000000, 3.025680481354897600E-015, -0.0000000000000000000 ) ) ;
#5851 = EDGE_LOOP ( 'NONE', ( #2161, #36, #149, #4403 ) ) ;
#5852 = AXIS2_PLACEMENT_3D ( 'NONE', #6096, #5550, #6120 ) ;
#5853 = ORIENTED_EDGE ( 'NONE', *, *, #657, .T. ) ;
#5854 = FACE_OUTER_BOUND ( 'NONE', #1019, .T. ) ;
#5855 = DIRECTION ( 'NONE',  ( 0.0000000000000000000, 0.0000000000000000000, 1.000000000000000000 ) ) ;
#5856 = EDGE_CURVE ( 'NONE', #4152, #4004, #2818, .T. ) ;
#5857 = EDGE_CURVE ( 'NONE', #105, #6792, #6263, .T. ) ;
#5858 = EDGE_LOOP ( 'NONE', ( #2391, #84, #346, #2703, #1877 ) ) ;
#5859 = CARTESIAN_POINT ( 'NONE',  ( 12.34000000000000700, 5.400000000000000400, -5.616553677309846100 ) ) ;
#5860 = VERTEX_POINT ( 'NONE', #5750 ) ;
#5861 = ORIENTED_EDGE ( 'NONE', *, *, #1860, .F. ) ;
#5862 = DIRECTION ( 'NONE',  ( -1.000000000000000000, 0.0000000000000000000, -0.0000000000000000000 ) ) ;
#5863 = VERTEX_POINT ( 'NONE', #6832 ) ;
#5864 = ORIENTED_EDGE ( 'NONE', *, *, #1825, .T. ) ;
#5865 = VECTOR ( 'NONE', #532, 1000.000000000000100 ) ;
#5866 = EDGE_LOOP ( 'NONE', ( #7083, #5206, #1262, #2956 ) ) ;
#5867 = AXIS2_PLACEMENT_3D ( 'NONE', #2178, #3286, #7141 ) ;
#5868 = ORIENTED_EDGE ( 'NONE', *, *, #5212, .F. ) ;
#5869 = CARTESIAN_POINT ( 'NONE',  ( -12.60000000000000500, 5.400000000000000400, 9.834999999999976000 ) ) ;
#5870 = VERTEX_POINT ( 'NONE', #3577 ) ;
#5871 = LINE ( 'NONE', #1169, #1471 ) ;
#5872 = DIRECTION ( 'NONE',  ( -1.000000000000000000, 3.025680481354897600E-015, 0.0000000000000000000 ) ) ;
#5873 = DIRECTION ( 'NONE',  ( 0.0000000000000000000, -1.000000000000000000, 0.0000000000000000000 ) ) ;
#5874 = ORIENTED_EDGE ( 'NONE', *, *, #3496, .T. ) ;
#5875 = ADVANCED_FACE ( 'NONE', ( #5112 ), #1317, .F. ) ;
#5876 = DIRECTION ( 'NONE',  ( -0.0000000000000000000, 1.000000000000000000, 4.034240641806527500E-015 ) ) ;
#5877 = CYLINDRICAL_SURFACE ( 'NONE', #4300, 2.500000000000002200 ) ;
#5878 = EDGE_CURVE ( 'NONE', #4124, #3016, #2049, .T. ) ;
#5879 = ADVANCED_FACE ( 'NONE', ( #2906 ), #3937, .T. ) ;
#5880 = CARTESIAN_POINT ( 'NONE',  ( 13.49129207106330800, 5.620000000000002800, 6.760501741057834300 ) ) ;
#5882 = CARTESIAN_POINT ( 'NONE',  ( -12.36848664453580100, 5.620000000000000100, -10.79499999999999800 ) ) ;
#5881 = AXIS2_PLACEMENT_3D ( 'NONE', #1010, #1622, #6581 ) ;
#5883 = ORIENTED_EDGE ( 'NONE', *, *, #6522, .T. ) ;
#5884 = CARTESIAN_POINT ( 'NONE',  ( -2.220000000000001500, 3.879999999999999000, 9.844673495138414100 ) ) ;
#5885 = DIRECTION ( 'NONE',  ( 0.0000000000000000000, 0.0000000000000000000, 1.000000000000000000 ) ) ;
#5886 = CARTESIAN_POINT ( 'NONE',  ( -12.34000000000001200, 0.0000000000000000000, -9.895000000000008500 ) ) ;
#5887 = VERTEX_POINT ( 'NONE', #2928 ) ;
#5888 = ORIENTED_EDGE ( 'NONE', *, *, #3420, .T. ) ;
#5889 = ORIENTED_EDGE ( 'NONE', *, *, #3403, .T. ) ;
#5890 = ADVANCED_FACE ( 'NONE', ( #4779 ), #4591, .F. ) ;
#5891 = EDGE_CURVE ( 'NONE', #784, #519, #565, .T. ) ;
#5892 = CARTESIAN_POINT ( 'NONE',  ( 13.60000000000000900, 1.720000000000000000, 6.544999999999995500 ) ) ;
#5893 = EDGE_LOOP ( 'NONE', ( #5527, #6637 ) ) ;
#5894 = DIRECTION ( 'NONE',  ( -7.105427357601001900E-015, 0.0000000000000000000, -1.000000000000000000 ) ) ;
#5895 = PRESENTATION_STYLE_ASSIGNMENT (( #6079 ) ) ;
#5896 = CARTESIAN_POINT ( 'NONE',  ( 6.079999999999998300, 4.393463201559789900, -1.492522035864679400 ) ) ;
#5897 = CARTESIAN_POINT ( 'NONE',  ( -13.70000000000000600, 0.3000000000000074800, 0.6349999999999784700 ) ) ;
#5898 = VECTOR ( 'NONE', #6274, 1000.000000000000000 ) ;
#5899 = FACE_OUTER_BOUND ( 'NONE', #2525, .T. ) ;
#5900 = VECTOR ( 'NONE', #2600, 1000.000000000000000 ) ;
#5901 = CARTESIAN_POINT ( 'NONE',  ( 6.659999999999999300, 3.879999999999999900, 10.23418065940780200 ) ) ;
#5902 = DIRECTION ( 'NONE',  ( 1.000000000000000000, -0.0000000000000000000, -0.0000000000000000000 ) ) ;
#5903 = CARTESIAN_POINT ( 'NONE',  ( -12.23900214361331800, 5.400000000000000400, 11.29091227334759200 ) ) ;
#5904 = LINE ( 'NONE', #287, #3339 ) ;
#5905 = VECTOR ( 'NONE', #2288, 1000.000000000000100 ) ;
#5906 = CARTESIAN_POINT ( 'NONE',  ( -1.734723475976806700E-015, 1.000000000000000000, -2.805000000000021900 ) ) ;
#5907 = VECTOR ( 'NONE', #6000, 1000.000000000000000 ) ;
#5908 = EDGE_CURVE ( 'NONE', #2681, #6214, #5470, .T. ) ;
#5909 = ADVANCED_FACE ( 'NONE', ( #4021 ), #1883, .F. ) ;
#5910 = EDGE_CURVE ( 'NONE', #1884, #4133, #2148, .T. ) ;
#5911 = ORIENTED_EDGE ( 'NONE', *, *, #4939, .F. ) ;
#5912 = CYLINDRICAL_SURFACE ( 'NONE', #522, 0.1000000000000000500 ) ;
#5913 = DIRECTION ( 'NONE',  ( 0.0000000000000000000, -0.0000000000000000000, -1.000000000000000000 ) ) ;
#5914 = DIRECTION ( 'NONE',  ( -1.000000000000000000, 0.0000000000000000000, -1.994743669622075200E-015 ) ) ;
#5915 = CARTESIAN_POINT ( 'NONE',  ( -1.734723475976806700E-015, 5.400000000000000400, -2.805000000000021900 ) ) ;
#5916 = CARTESIAN_POINT ( 'NONE',  ( -4.079999999999998300, 4.683326286608007600, -1.569848563824564300 ) ) ;
#5917 = AXIS2_PLACEMENT_3D ( 'NONE', #3101, #3603, #1968 ) ;
#5918 = LINE ( 'NONE', #6831, #2919 ) ;
#5919 = DIRECTION ( 'NONE',  ( -0.0000000000000000000, 0.0000000000000000000, 1.000000000000000000 ) ) ;
#5920 = DIRECTION ( 'NONE',  ( 1.000000000000000000, -0.0000000000000000000, -0.0000000000000000000 ) ) ;
#5921 = ADVANCED_FACE ( 'NONE', ( #3076 ), #1681, .T. ) ;
#5922 = CARTESIAN_POINT ( 'NONE',  ( 5.079999999999996500, 5.720000000000000600, -3.247895313489022900 ) ) ;
#5923 = CARTESIAN_POINT ( 'NONE',  ( 6.550849154917930400, 5.720000000000000600, 11.08207018590736600 ) ) ;
#5924 = ORIENTED_EDGE ( 'NONE', *, *, #1972, .F. ) ;
#5925 = CIRCLE ( 'NONE', #6228, 11.50000000000000000 ) ;
#5926 = CARTESIAN_POINT ( 'NONE',  ( 12.59999999999999600, 5.720000000000000600, 6.544999999999995500 ) ) ;
#5927 = DIRECTION ( 'NONE',  ( 0.0000000000000000000, -0.0000000000000000000, 1.000000000000000000 ) ) ;
#5928 = EDGE_CURVE ( 'NONE', #4214, #6777, #5552, .T. ) ;
#5929 = DIRECTION ( 'NONE',  ( -0.0000000000000000000, -1.000000000000000000, -0.0000000000000000000 ) ) ;
#5930 = LINE ( 'NONE', #3448, #5938 ) ;
#5931 = ORIENTED_EDGE ( 'NONE', *, *, #1411, .T. ) ;
#5932 = EDGE_LOOP ( 'NONE', ( #3297, #2579, #6991, #3899 ) ) ;
#5933 = DIRECTION ( 'NONE',  ( -1.000000000000000000, -0.0000000000000000000, -0.0000000000000000000 ) ) ;
#5934 = EDGE_LOOP ( 'NONE', ( #1482, #2401, #4846, #6450, #182, #218, #806, #1037, #2216, #3100 ) ) ;
#5935 = DIRECTION ( 'NONE',  ( 8.572527594031492900E-017, 1.000000000000000000, -0.0000000000000000000 ) ) ;
#5936 = CIRCLE ( 'NONE', #4162, 0.09999999999999939500 ) ;
#5937 = AXIS2_PLACEMENT_3D ( 'NONE', #614, #1564, #1051 ) ;
#5938 = VECTOR ( 'NONE', #6243, 1000.000000000000000 ) ;
#5939 = ORIENTED_EDGE ( 'NONE', *, *, #6002, .T. ) ;
#5940 = CARTESIAN_POINT ( 'NONE',  ( 1.500000000000000000, 5.200000000000001100, -13.38743516107378900 ) ) ;
#5941 = EDGE_CURVE ( 'NONE', #2804, #1300, #2559, .T. ) ;
#5942 = CARTESIAN_POINT ( 'NONE',  ( 16.03250000000000200, 1.108596721366428300E-014, -1.905000000000022000 ) ) ;
#5943 = VERTEX_POINT ( 'NONE', #3650 ) ;
#5944 = DIRECTION ( 'NONE',  ( -0.0000000000000000000, 0.0000000000000000000, 1.000000000000000000 ) ) ;
#5945 = ORIENTED_EDGE ( 'NONE', *, *, #2405, .F. ) ;
#5946 = ADVANCED_FACE ( 'NONE', ( #6955 ), #5291, .T. ) ;
#5947 = CARTESIAN_POINT ( 'NONE',  ( -13.59999999999999800, 5.620000000000004500, -9.205000000000005400 ) ) ;
#5948 = ORIENTED_EDGE ( 'NONE', *, *, #2428, .T. ) ;
#5949 = VECTOR ( 'NONE', #3887, 1000.000000000000000 ) ;
#5950 = CARTESIAN_POINT ( 'NONE',  ( 12.34000000000000700, 0.0000000000000000000, -5.616553677309846100 ) ) ;
#5951 = ORIENTED_EDGE ( 'NONE', *, *, #2985, .F. ) ;
#5952 = ORIENTED_EDGE ( 'NONE', *, *, #2105, .F. ) ;
#5953 = PLANE ( 'NONE',  #1104 ) ;
#5954 = DIRECTION ( 'NONE',  ( 0.0000000000000000000, 6.982962677686266700E-015, -1.000000000000000000 ) ) ;
#5955 = AXIS2_PLACEMENT_3D ( 'NONE', #2749, #4406, #1101 ) ;
#5956 = DIRECTION ( 'NONE',  ( 0.0000000000000000000, 0.0000000000000000000, 1.000000000000000000 ) ) ;
#5957 = DIRECTION ( 'NONE',  ( -0.0000000000000000000, -1.000000000000000000, -0.0000000000000000000 ) ) ;
#5958 = ORIENTED_EDGE ( 'NONE', *, *, #553, .T. ) ;
#5959 = DIRECTION ( 'NONE',  ( -0.0000000000000000000, -0.0000000000000000000, 1.000000000000000000 ) ) ;
#5960 = EDGE_CURVE ( 'NONE', #3908, #7066, #1091, .T. ) ;
#5961 = ORIENTED_EDGE ( 'NONE', *, *, #5350, .T. ) ;
#5962 = FACE_OUTER_BOUND ( 'NONE', #453, .T. ) ;
#5963 = CARTESIAN_POINT ( 'NONE',  ( -13.30000000000001500, 3.420000000000028400, -6.895000000000020900 ) ) ;
#5964 = ORIENTED_EDGE ( 'NONE', *, *, #6239, .F. ) ;
#5965 = ADVANCED_FACE ( 'NONE', ( #1770 ), #4789, .T. ) ;
#5966 = VECTOR ( 'NONE', #4780, 1000.000000000000000 ) ;
#5967 = AXIS2_PLACEMENT_3D ( 'NONE', #80, #2226, #1133 ) ;
#5968 = ORIENTED_EDGE ( 'NONE', *, *, #946, .T. ) ;
#5969 = EDGE_CURVE ( 'NONE', #261, #6721, #2383, .T. ) ;
#5970 = CARTESIAN_POINT ( 'NONE',  ( -1.500000000000000000, 5.400000000000000400, -13.38743516107378900 ) ) ;
#5971 = VECTOR ( 'NONE', #3910, 1000.000000000000000 ) ;
#5972 = ORIENTED_EDGE ( 'NONE', *, *, #5052, .F. ) ;
#5973 = CARTESIAN_POINT ( 'NONE',  ( -1.734723475976806700E-015, 5.400000000000000400, -2.805000000000021900 ) ) ;
#5974 = DIRECTION ( 'NONE',  ( 1.000000000000000000, -3.025680481354897600E-015, 0.0000000000000000000 ) ) ;
#5975 = DIRECTION ( 'NONE',  ( 1.994743669622075200E-015, -0.0000000000000000000, 1.000000000000000000 ) ) ;
#5976 = EDGE_CURVE ( 'NONE', #3893, #679, #2040, .T. ) ;
#5977 = PLANE ( 'NONE',  #1009 ) ;
#5978 = FACE_OUTER_BOUND ( 'NONE', #4671, .T. ) ;
#5979 = DIRECTION ( 'NONE',  ( -1.363460477434492400E-016, -0.0000000000000000000, 1.000000000000000000 ) ) ;
#5980 = ORIENTED_EDGE ( 'NONE', *, *, #2894, .F. ) ;
#5981 = ORIENTED_EDGE ( 'NONE', *, *, #1926, .F. ) ;
#5982 = DIRECTION ( 'NONE',  ( -1.000000000000000000, 1.561960177346128600E-016, 0.0000000000000000000 ) ) ;
#5983 = CARTESIAN_POINT ( 'NONE',  ( -4.079999999999998300, 5.797823814539136800, 2.995876822266466500 ) ) ;
#5984 = CARTESIAN_POINT ( 'NONE',  ( -13.60000000000001000, 1.720000000000006200, -4.445000000000021600 ) ) ;
#5985 = ADVANCED_FACE ( 'NONE', ( #3249 ), #310, .F. ) ;
#5986 = VECTOR ( 'NONE', #4668, 1000.000000000000000 ) ;
#5987 = VECTOR ( 'NONE', #5699, 1000.000000000000000 ) ;
#5988 = AXIS2_PLACEMENT_3D ( 'NONE', #6375, #5288, #3072 ) ;
#5989 = EDGE_CURVE ( 'NONE', #1048, #6069, #1177, .T. ) ;
#5990 = VECTOR ( 'NONE', #2381, 1000.000000000000000 ) ;
#5991 = DIRECTION ( 'NONE',  ( -0.0000000000000000000, -0.0000000000000000000, 1.000000000000000000 ) ) ;
#5992 = CARTESIAN_POINT ( 'NONE',  ( 4.079999999999998300, 5.797823814539136800, 2.995876822266466900 ) ) ;
#5993 = VECTOR ( 'NONE', #5210, 1000.000000000000000 ) ;
#5994 = VECTOR ( 'NONE', #4539, 1000.000000000000000 ) ;
#5995 = DIRECTION ( 'NONE',  ( 1.000000000000000000, -0.0000000000000000000, -0.0000000000000000000 ) ) ;
#5996 = CARTESIAN_POINT ( 'NONE',  ( 13.34000000000001100, 1.000000000000000000, -10.39500000000000300 ) ) ;
#5997 = CARTESIAN_POINT ( 'NONE',  ( 4.054999999999997900, 5.720000000000000600, 3.927862566056165200 ) ) ;
#5998 = MECHANICAL_DESIGN_GEOMETRIC_PRESENTATION_REPRESENTATION (  '', ( #5615 ), #2179 ) ;
#5999 = ADVANCED_FACE ( 'NONE', ( #3502 ), #480, .F. ) ;
#6000 = DIRECTION ( 'NONE',  ( -1.000000000000000000, -0.0000000000000000000, -0.0000000000000000000 ) ) ;
#6001 = EDGE_CURVE ( 'NONE', #4912, #2612, #1849, .T. ) ;
#6002 = EDGE_CURVE ( 'NONE', #5249, #1905, #1407, .T. ) ;
#6003 = ORIENTED_EDGE ( 'NONE', *, *, #2485, .T. ) ;
#6004 = ORIENTED_EDGE ( 'NONE', *, *, #2105, .T. ) ;
#6005 = FACE_OUTER_BOUND ( 'NONE', #2244, .T. ) ;
#6006 = PRESENTATION_STYLE_ASSIGNMENT (( #5604 ) ) ;
#6007 = CARTESIAN_POINT ( 'NONE',  ( 2.500000000000001800, 3.000000000000000000, 8.925199674982893700 ) ) ;
#6008 = VERTEX_POINT ( 'NONE', #5234 ) ;
#6009 = AXIS2_PLACEMENT_3D ( 'NONE', #6534, #5974, #7068 ) ;
#6010 = CYLINDRICAL_SURFACE ( 'NONE', #7158, 0.2999999999999999300 ) ;
#6011 = EDGE_CURVE ( 'NONE', #7152, #5335, #6256, .T. ) ;
#6012 = DIRECTION ( 'NONE',  ( 1.000000000000000000, 0.0000000000000000000, -0.0000000000000000000 ) ) ;
#6013 = VECTOR ( 'NONE', #5778, 1000.000000000000000 ) ;
#6014 = VERTEX_POINT ( 'NONE', #3828 ) ;
#6015 = PLANE ( 'NONE',  #6879 ) ;
#6016 = EDGE_CURVE ( 'NONE', #795, #3686, #7126, .T. ) ;
#6017 = AXIS2_PLACEMENT_3D ( 'NONE', #329, #4272, #4763 ) ;
#6018 = ORIENTED_EDGE ( 'NONE', *, *, #2970, .T. ) ;
#6019 = ADVANCED_FACE ( 'NONE', ( #823, #2212 ), #1531, .F. ) ;
#6020 = CARTESIAN_POINT ( 'NONE',  ( -6.550849154917930400, 5.720000000000000600, 11.08207018590736600 ) ) ;
#6021 = ORIENTED_EDGE ( 'NONE', *, *, #1157, .T. ) ;
#6022 = CARTESIAN_POINT ( 'NONE',  ( 13.34000000000000700, 0.8595898872525242800, -6.143717762754914000 ) ) ;
#6023 = VERTEX_POINT ( 'NONE', #4914 ) ;
#6024 = CARTESIAN_POINT ( 'NONE',  ( 13.34000000000000900, 5.400000000000000400, 6.579228774286547400 ) ) ;
#6025 = DIRECTION ( 'NONE',  ( -1.000000000000000000, 9.469014606860299000E-017, 0.0000000000000000000 ) ) ;
#6026 = ORIENTED_EDGE ( 'NONE', *, *, #3065, .T. ) ;
#6027 = VECTOR ( 'NONE', #500, 1000.000000000000000 ) ;
#6028 = DIRECTION ( 'NONE',  ( 0.0000000000000000000, -1.000000000000000000, 0.0000000000000000000 ) ) ;
#6029 = CARTESIAN_POINT ( 'NONE',  ( 13.59999999999999800, 5.620000000000004500, -9.205000000000005400 ) ) ;
#6030 = ORIENTED_EDGE ( 'NONE', *, *, #5377, .T. ) ;
#6031 = EDGE_CURVE ( 'NONE', #545, #1131, #5813, .T. ) ;
#6032 = EDGE_CURVE ( 'NONE', #147, #6573, #6172, .T. ) ;
#6033 = EDGE_LOOP ( 'NONE', ( #5844, #3386, #2276 ) ) ;
#6034 = VERTEX_POINT ( 'NONE', #972 ) ;
#6035 = ORIENTED_EDGE ( 'NONE', *, *, #2435, .T. ) ;
#6036 = LINE ( 'NONE', #967, #3116 ) ;
#6037 = ORIENTED_EDGE ( 'NONE', *, *, #3246, .T. ) ;
#6038 = VERTEX_POINT ( 'NONE', #5923 ) ;
#6039 = ORIENTED_EDGE ( 'NONE', *, *, #2593, .T. ) ;
#6040 = CARTESIAN_POINT ( 'NONE',  ( 6.079999999999998300, 4.383326286608009600, -1.569848563824564300 ) ) ;
#6041 = ORIENTED_EDGE ( 'NONE', *, *, #3365, .T. ) ;
#6042 = AXIS2_PLACEMENT_3D ( 'NONE', #4663, #1310, #5207 ) ;
#6043 = ORIENTED_EDGE ( 'NONE', *, *, #627, .F. ) ;
#6044 = FACE_OUTER_BOUND ( 'NONE', #2427, .T. ) ;
#6045 = CARTESIAN_POINT ( 'NONE',  ( -13.40000000000001600, 4.718447854656920300E-014, -9.205000000000005400 ) ) ;
#6046 = EDGE_CURVE ( 'NONE', #6792, #4987, #6347, .T. ) ;
#6047 = CARTESIAN_POINT ( 'NONE',  ( 4.079999999999998300, 4.683326286608007600, -1.569848563824564300 ) ) ;
#6048 = ORIENTED_EDGE ( 'NONE', *, *, #354, .F. ) ;
#6049 = ORIENTED_EDGE ( 'NONE', *, *, #2807, .F. ) ;
#6050 = DIRECTION ( 'NONE',  ( 0.0000000000000000000, 0.0000000000000000000, 1.000000000000000000 ) ) ;
#6051 = DIRECTION ( 'NONE',  ( 0.0000000000000000000, -1.000000000000000000, 0.0000000000000000000 ) ) ;
#6052 = CARTESIAN_POINT ( 'NONE',  ( 13.29999999999999500, 5.620000000000002800, 6.544999999999995500 ) ) ;
#6053 = ORIENTED_EDGE ( 'NONE', *, *, #6158, .T. ) ;
#6054 = VECTOR ( 'NONE', #3284, 1000.000000000000000 ) ;
#6055 = DIRECTION ( 'NONE',  ( 0.0000000000000000000, -1.000000000000000000, 0.0000000000000000000 ) ) ;
#6056 = DIRECTION ( 'NONE',  ( 0.7183391368594560500, 0.0000000000000000000, -0.6956930964556222700 ) ) ;
#6057 = ORIENTED_EDGE ( 'NONE', *, *, #1771, .F. ) ;
#6058 = DIRECTION ( 'NONE',  ( -1.000000000000000000, 0.0000000000000000000, 0.0000000000000000000 ) ) ;
#6059 = FILL_AREA_STYLE ('',( #5537 ) ) ;
#6060 = EDGE_CURVE ( 'NONE', #5501, #2803, #4772, .T. ) ;
#6061 = CYLINDRICAL_SURFACE ( 'NONE', #2454, 1.500000000000001300 ) ;
#6062 = VERTEX_POINT ( 'NONE', #3753 ) ;
#6063 = ADVANCED_FACE ( 'NONE', ( #2298 ), #1671, .F. ) ;
#6064 = CARTESIAN_POINT ( 'NONE',  ( 13.13966680126034900, 0.3854532388872444200, -10.29483340063016400 ) ) ;
#6065 = VECTOR ( 'NONE', #5793, 1000.000000000000000 ) ;
#6066 = DIRECTION ( 'NONE',  ( 0.0000000000000000000, -0.0000000000000000000, -1.000000000000000000 ) ) ;
#6067 = EDGE_CURVE ( 'NONE', #2612, #3836, #3416, .T. ) ;
#6068 = VERTEX_POINT ( 'NONE', #1018 ) ;
#6069 = VERTEX_POINT ( 'NONE', #6563 ) ;
#6070 = AXIS2_PLACEMENT_3D ( 'NONE', #1355, #257, #2417 ) ;
#6071 = ORIENTED_EDGE ( 'NONE', *, *, #5553, .F. ) ;
#6072 = DIRECTION ( 'NONE',  ( 0.0000000000000000000, 0.0000000000000000000, -1.000000000000000000 ) ) ;
#6073 = CARTESIAN_POINT ( 'NONE',  ( 6.659999999999999300, 5.400000000000000400, -13.38301493665047000 ) ) ;
#6074 = CARTESIAN_POINT ( 'NONE',  ( -4.079999999999998300, 5.797823814539136800, 2.995876822266466900 ) ) ;
#6075 = EDGE_LOOP ( 'NONE', ( #5305, #612, #4485, #1734 ) ) ;
#6076 = EDGE_CURVE ( 'NONE', #2951, #2188, #2551, .T. ) ;
#6077 = DIRECTION ( 'NONE',  ( 1.000000000000000000, 0.0000000000000000000, -0.0000000000000000000 ) ) ;
#6078 = DIRECTION ( 'NONE',  ( 0.6956930964556222700, -0.0000000000000000000, 0.7183391368594560500 ) ) ;
#6079 = SURFACE_STYLE_USAGE ( .BOTH. , #4916 ) ;
#6080 = PLANE ( 'NONE',  #1743 ) ;
#6081 = DIRECTION ( 'NONE',  ( -0.0000000000000000000, 1.000000000000000000, -0.0000000000000000000 ) ) ;
#6082 = LINE ( 'NONE', #6613, #5281 ) ;
#6083 = CIRCLE ( 'NONE', #484, 11.50000000000000000 ) ;
#6084 = VECTOR ( 'NONE', #458, 1000.000000000000000 ) ;
#6085 = CARTESIAN_POINT ( 'NONE',  ( -13.29999999999999500, 5.620000000000002800, 6.544999999999995500 ) ) ;
#6086 = VECTOR ( 'NONE', #4508, 1000.000000000000000 ) ;
#6087 = LINE ( 'NONE', #3614, #2051 ) ;
#6088 = CARTESIAN_POINT ( 'NONE',  ( -8.673617379884035500E-015, 5.720000000000000600, 60.65107638281947500 ) ) ;
#6089 = VERTEX_POINT ( 'NONE', #4813 ) ;
#6090 = LINE ( 'NONE', #3735, #3172 ) ;
#6091 = FACE_OUTER_BOUND ( 'NONE', #2052, .T. ) ;
#6092 = DIRECTION ( 'NONE',  ( -1.000000000000000000, -0.0000000000000000000, -0.0000000000000000000 ) ) ;
#6093 = ADVANCED_FACE ( 'NONE', ( #3334 ), #2092, .T. ) ;
#6094 = DIRECTION ( 'NONE',  ( -1.000000000000000000, -0.0000000000000000000, -0.0000000000000000000 ) ) ;
#6095 = AXIS2_PLACEMENT_3D ( 'NONE', #4438, #4972, #2251 ) ;
#6096 = CARTESIAN_POINT ( 'NONE',  ( -8.673617379884035500E-015, 1.000000000000000000, 60.65107638281947500 ) ) ;
#6097 = EDGE_CURVE ( 'NONE', #2774, #6069, #3669, .T. ) ;
#6098 = CARTESIAN_POINT ( 'NONE',  ( -8.673617379884035500E-015, 5.919999999999999900, 60.65107638281947500 ) ) ;
#6099 = LINE ( 'NONE', #4690, #2832 ) ;
#6100 = DIRECTION ( 'NONE',  ( 1.000000000000000000, 0.0000000000000000000, 0.0000000000000000000 ) ) ;
#6101 = CARTESIAN_POINT ( 'NONE',  ( 13.40000000000000900, 1.720000000000006900, 0.6349999999999784700 ) ) ;
#6102 = ORIENTED_EDGE ( 'NONE', *, *, #3032, .F. ) ;
#6103 = EDGE_CURVE ( 'NONE', #1738, #5587, #912, .T. ) ;
#6104 = CARTESIAN_POINT ( 'NONE',  ( 6.079999999999998300, 4.583326286608009800, -1.569848563824564300 ) ) ;
#6105 = CARTESIAN_POINT ( 'NONE',  ( 12.83563822560211400, 0.1109879362419578800, -10.39063822560210500 ) ) ;
#6106 = VECTOR ( 'NONE', #4210, 1000.000000000000000 ) ;
#6107 = ORIENTED_EDGE ( 'NONE', *, *, #3575, .F. ) ;
#6108 = CARTESIAN_POINT ( 'NONE',  ( -13.34000000000001100, 1.000000000000001800, -6.143717762754916700 ) ) ;
#6109 = FACE_OUTER_BOUND ( 'NONE', #978, .T. ) ;
#6110 = DIRECTION ( 'NONE',  ( -1.000000000000000000, -0.0000000000000000000, -0.0000000000000000000 ) ) ;
#6111 = ORIENTED_EDGE ( 'NONE', *, *, #4522, .F. ) ;
#6112 = ORIENTED_EDGE ( 'NONE', *, *, #4890, .F. ) ;
#6113 = DIRECTION ( 'NONE',  ( 0.0000000000000000000, 1.000000000000000000, 0.0000000000000000000 ) ) ;
#6114 = EDGE_CURVE ( 'NONE', #1630, #3746, #5366, .T. ) ;
#6115 = AXIS2_PLACEMENT_3D ( 'NONE', #3283, #5453, #499 ) ;
#6116 = CARTESIAN_POINT ( 'NONE',  ( -4.079999999999998300, 4.583326286608009800, -1.569848563824564300 ) ) ;
#6117 = ORIENTED_EDGE ( 'NONE', *, *, #4439, .F. ) ;
#6118 = CARTESIAN_POINT ( 'NONE',  ( -18.36499999999999800, 6.817866684653116900E-015, 0.6349999999999784700 ) ) ;
#6119 = FACE_OUTER_BOUND ( 'NONE', #4744, .T. ) ;
#6120 = DIRECTION ( 'NONE',  ( 0.0000000000000000000, 0.0000000000000000000, -1.000000000000000000 ) ) ;
#6121 = LINE ( 'NONE', #3281, #6545 ) ;
#6122 = ORIENTED_EDGE ( 'NONE', *, *, #108, .F. ) ;
#6123 = ORIENTED_EDGE ( 'NONE', *, *, #1114, .T. ) ;
#6124 = DIRECTION ( 'NONE',  ( 0.0000000000000000000, 0.0000000000000000000, -1.000000000000000000 ) ) ;
#6125 = ORIENTED_EDGE ( 'NONE', *, *, #946, .F. ) ;
#6126 = ORIENTED_EDGE ( 'NONE', *, *, #5255, .T. ) ;
#6127 = LINE ( 'NONE', #5529, #5765 ) ;
#6128 = EDGE_CURVE ( 'NONE', #1366, #545, #392, .T. ) ;
#6129 = ORIENTED_EDGE ( 'NONE', *, *, #5102, .F. ) ;
#6130 = EDGE_CURVE ( 'NONE', #5744, #4004, #1764, .T. ) ;
#6131 = ORIENTED_EDGE ( 'NONE', *, *, #3534, .T. ) ;
#6132 = ADVANCED_FACE ( 'NONE', ( #4185 ), #2124, .T. ) ;
#6133 = DIRECTION ( 'NONE',  ( -3.705389916733898200E-031, 1.224646799147353200E-016, 1.000000000000000000 ) ) ;
#6134 = CARTESIAN_POINT ( 'NONE',  ( 6.747374629565455500, 5.720000000000000600, 9.594999999999997100 ) ) ;
#6135 = ORIENTED_EDGE ( 'NONE', *, *, #4439, .T. ) ;
#6136 = LINE ( 'NONE', #1874, #4739 ) ;
#6137 = DIRECTION ( 'NONE',  ( 1.000000000000000000, -0.0000000000000000000, -0.0000000000000000000 ) ) ;
#6138 = EDGE_LOOP ( 'NONE', ( #1288, #3490, #669, #6135 ) ) ;
#6139 = CARTESIAN_POINT ( 'NONE',  ( -6.659999999999999300, 3.879999999999998100, -15.30500000000002300 ) ) ;
#6140 = EDGE_CURVE ( 'NONE', #5833, #6573, #6762, .T. ) ;
#6141 = DIRECTION ( 'NONE',  ( 1.363460477434492400E-016, 0.0000000000000000000, -1.000000000000000000 ) ) ;
#6142 = VECTOR ( 'NONE', #734, 1000.000000000000100 ) ;
#6143 = DIRECTION ( 'NONE',  ( 1.000000000000000000, 0.0000000000000000000, 0.0000000000000000000 ) ) ;
#6144 = ORIENTED_EDGE ( 'NONE', *, *, #6638, .F. ) ;
#6145 = CARTESIAN_POINT ( 'NONE',  ( 17.17750000000000200, 0.2000000000000112000, -1.905000000000022000 ) ) ;
#6146 = LINE ( 'NONE', #1125, #17 ) ;
#6147 = AXIS2_PLACEMENT_3D ( 'NONE', #6191, #131, #155 ) ;
#6148 = ORIENTED_EDGE ( 'NONE', *, *, #225, .F. ) ;
#6149 = EDGE_CURVE ( 'NONE', #673, #5475, #5031, .T. ) ;
#6150 = CARTESIAN_POINT ( 'NONE',  ( -13.59999999999999600, 5.720000000000001500, -9.205000000000005400 ) ) ;
#6151 = EDGE_CURVE ( 'NONE', #4987, #6651, #5282, .T. ) ;
#6152 = CIRCLE ( 'NONE', #1270, 2.500000000000002200 ) ;
#6153 = ORIENTED_EDGE ( 'NONE', *, *, #2641, .T. ) ;
#6154 = ORIENTED_EDGE ( 'NONE', *, *, #3347, .T. ) ;
#6155 = DIRECTION ( 'NONE',  ( 0.0000000000000000000, -0.2577550931996183700, -0.9662102834940518000 ) ) ;
#6156 = DIRECTION ( 'NONE',  ( 1.000000000000000000, 1.961396760505202300E-016, 0.0000000000000000000 ) ) ;
#6157 = DIRECTION ( 'NONE',  ( -2.853163611803958200E-015, -1.000000000000000000, 0.0000000000000000000 ) ) ;
#6158 = EDGE_CURVE ( 'NONE', #3107, #7066, #1000, .T. ) ;
#6159 = AXIS2_PLACEMENT_3D ( 'NONE', #5303, #5872, #1400 ) ;
#6160 = CARTESIAN_POINT ( 'NONE',  ( -12.36848664453580100, 4.429999999999999700, -10.89500000000000300 ) ) ;
#6161 = AXIS2_PLACEMENT_3D ( 'NONE', #4603, #151, #103 ) ;
#6162 = CARTESIAN_POINT ( 'NONE',  ( 9.054385677670321500, 0.0000000000000000000, -9.894999999999919600 ) ) ;
#6163 = LINE ( 'NONE', #5020, #838 ) ;
#6164 = FACE_OUTER_BOUND ( 'NONE', #4396, .T. ) ;
#6165 = CARTESIAN_POINT ( 'NONE',  ( 13.34000000000000700, 5.400000000000000400, -6.143717762754913100 ) ) ;
#6166 = FACE_OUTER_BOUND ( 'NONE', #1372, .T. ) ;
#6167 = DIRECTION ( 'NONE',  ( 0.0000000000000000000, 1.000000000000000000, 0.0000000000000000000 ) ) ;
#6168 = ADVANCED_FACE ( 'NONE', ( #3853 ), #5195, .T. ) ;
#6169 = PLANE ( 'NONE',  #2556 ) ;
#6170 = DIRECTION ( 'NONE',  ( 0.6956930964556222700, -0.0000000000000000000, 0.7183391368594559400 ) ) ;
#6171 = VECTOR ( 'NONE', #5933, 1000.000000000000000 ) ;
#6172 = LINE ( 'NONE', #5387, #4360 ) ;
#6173 = EDGE_CURVE ( 'NONE', #768, #6749, #6083, .T. ) ;
#6174 = DIRECTION ( 'NONE',  ( 0.0000000000000000000, 1.000000000000000000, 0.0000000000000000000 ) ) ;
#6175 = CIRCLE ( 'NONE', #98, 0.5350000000000099100 ) ;
#6176 =( LENGTH_UNIT ( ) NAMED_UNIT ( * ) SI_UNIT ( .MILLI., .METRE. ) );
#6177 = ORIENTED_EDGE ( 'NONE', *, *, #646, .F. ) ;
#6178 = VECTOR ( 'NONE', #3020, 1000.000000000000000 ) ;
#6179 = FACE_OUTER_BOUND ( 'NONE', #3483, .T. ) ;
#6180 = DIRECTION ( 'NONE',  ( 0.0000000000000000000, -0.0000000000000000000, -1.000000000000000000 ) ) ;
#6181 = CARTESIAN_POINT ( 'NONE',  ( 13.59999999999999600, 5.620000000000003700, 2.116913346557088500E-015 ) ) ;
#6182 = AXIS2_PLACEMENT_3D ( 'NONE', #849, #309, #2975 ) ;
#6183 = VERTEX_POINT ( 'NONE', #56 ) ;
#6184 = DIRECTION ( 'NONE',  ( 0.0000000000000000000, -1.000000000000000000, 0.0000000000000000000 ) ) ;
#6185 = FACE_OUTER_BOUND ( 'NONE', #5851, .T. ) ;
#6186 = CARTESIAN_POINT ( 'NONE',  ( -13.63043069035443200, -0.4131883529488403800, 6.616833913685941800 ) ) ;
#6187 = DIRECTION ( 'NONE',  ( 0.0000000000000000000, 1.000000000000000000, 0.0000000000000000000 ) ) ;
#6188 = EDGE_LOOP ( 'NONE', ( #864, #6117, #897, #4168 ) ) ;
#6189 = DIRECTION ( 'NONE',  ( -3.649657616083114900E-016, -1.000000000000000000, -3.491481338843133400E-015 ) ) ;
#6190 = LINE ( 'NONE', #3599, #6013 ) ;
#6191 = CARTESIAN_POINT ( 'NONE',  ( 13.29999999999999500, 5.620000000000002800, -9.205000000000005400 ) ) ;
#6192 = EDGE_CURVE ( 'NONE', #3712, #4408, #2732, .T. ) ;
#6193 = CARTESIAN_POINT ( 'NONE',  ( 18.36499999999999800, 0.2000000000000068400, -4.445000000000021600 ) ) ;
#6194 = ORIENTED_EDGE ( 'NONE', *, *, #6411, .F. ) ;
#6195 = DIRECTION ( 'NONE',  ( 0.0000000000000000000, 1.000000000000000000, 0.0000000000000000000 ) ) ;
#6196 = ORIENTED_EDGE ( 'NONE', *, *, #1314, .T. ) ;
#6197 = ORIENTED_EDGE ( 'NONE', *, *, #4049, .F. ) ;
#6198 = EDGE_CURVE ( 'NONE', #6573, #5707, #2378, .T. ) ;
#6199 = VERTEX_POINT ( 'NONE', #6633 ) ;
#6200 = EDGE_CURVE ( 'NONE', #158, #1833, #6948, .T. ) ;
#6201 = LINE ( 'NONE', #2294, #1444 ) ;
#6202 = DIRECTION ( 'NONE',  ( 0.0000000000000000000, 1.000000000000000000, 0.0000000000000000000 ) ) ;
#6204 = DIRECTION ( 'NONE',  ( 0.0000000000000000000, -0.0000000000000000000, 1.000000000000000000 ) ) ;
#6203 = AXIS2_PLACEMENT_3D ( 'NONE', #2332, #4525, #659 ) ;
#6205 = ORIENTED_EDGE ( 'NONE', *, *, #1446, .F. ) ;
#6206 = DIRECTION ( 'NONE',  ( 2.081668171172166500E-015, 0.0000000000000000000, -1.000000000000000000 ) ) ;
#6207 = DIRECTION ( 'NONE',  ( 0.0000000000000000000, 0.0000000000000000000, -1.000000000000000000 ) ) ;
#6208 = ORIENTED_EDGE ( 'NONE', *, *, #6032, .T. ) ;
#6209 = ORIENTED_EDGE ( 'NONE', *, *, #1138, .F. ) ;
#6210 = FACE_OUTER_BOUND ( 'NONE', #2602, .T. ) ;
#6211 = DIRECTION ( 'NONE',  ( -1.000000000000000000, -3.491481338843133400E-015, -1.101411730778925300E-016 ) ) ;
#6212 = CARTESIAN_POINT ( 'NONE',  ( -4.079999999999998300, 5.797823814539136800, 2.995876822266466900 ) ) ;
#6213 = ORIENTED_EDGE ( 'NONE', *, *, #3945, .T. ) ;
#6214 = VERTEX_POINT ( 'NONE', #3938 ) ;
#6215 = EDGE_CURVE ( 'NONE', #2804, #6336, #648, .T. ) ;
#6216 = EDGE_LOOP ( 'NONE', ( #2090, #1623, #3532, #2518 ) ) ;
#6217 = DIRECTION ( 'NONE',  ( -1.000000000000000000, 0.0000000000000000000, 0.0000000000000000000 ) ) ;
#6218 = CARTESIAN_POINT ( 'NONE',  ( -1.734723475976806700E-015, 5.400000000000000400, -2.805000000000021900 ) ) ;
#6219 = ADVANCED_FACE ( 'NONE', ( #3064 ), #3429, .T. ) ;
#6220 = ORIENTED_EDGE ( 'NONE', *, *, #6734, .T. ) ;
#6221 = CARTESIAN_POINT ( 'NONE',  ( 12.84000000000001100, 1.000000000000001800, -10.89500000000000300 ) ) ;
#6222 = ORIENTED_EDGE ( 'NONE', *, *, #3267, .F. ) ;
#6223 = VECTOR ( 'NONE', #278, 1000.000000000000000 ) ;
#6224 = ORIENTED_EDGE ( 'NONE', *, *, #3433, .F. ) ;
#6225 = ORIENTED_EDGE ( 'NONE', *, *, #5976, .T. ) ;
#6226 = DIRECTION ( 'NONE',  ( 0.0000000000000000000, 0.0000000000000000000, 1.000000000000000000 ) ) ;
#6227 = ORIENTED_EDGE ( 'NONE', *, *, #2841, .F. ) ;
#6228 = AXIS2_PLACEMENT_3D ( 'NONE', #906, #4233, #5807 ) ;
#6229 = VECTOR ( 'NONE', #1768, 1000.000000000000000 ) ;
#6230 = EDGE_LOOP ( 'NONE', ( #4131, #1205, #159, #5688 ) ) ;
#6231 = PLANE ( 'NONE',  #1483 ) ;
#6232 = CARTESIAN_POINT ( 'NONE',  ( 12.40546163104479900, 3.982587455385044700E-017, -10.02592326208958300 ) ) ;
#6233 = VECTOR ( 'NONE', #5873, 1000.000000000000000 ) ;
#6234 = DIRECTION ( 'NONE',  ( 1.000000000000000000, 0.0000000000000000000, -1.994743669622075200E-015 ) ) ;
#6235 = DIRECTION ( 'NONE',  ( 1.000000000000000000, -1.561960177346128800E-016, 0.0000000000000000000 ) ) ;
#6236 = ORIENTED_EDGE ( 'NONE', *, *, #1303, .F. ) ;
#6237 = AXIS2_PLACEMENT_3D ( 'NONE', #1499, #1449, #6485 ) ;
#6238 = PLANE ( 'NONE',  #4860 ) ;
#6239 = EDGE_CURVE ( 'NONE', #3792, #2757, #3767, .T. ) ;
#6240 = CARTESIAN_POINT ( 'NONE',  ( -4.079999999999998300, 4.583326286608009800, -1.569848563824564300 ) ) ;
#6241 = EDGE_CURVE ( 'NONE', #534, #258, #294, .T. ) ;
#6242 = VECTOR ( 'NONE', #6630, 1000.000000000000000 ) ;
#6243 = DIRECTION ( 'NONE',  ( 0.0000000000000000000, -1.000000000000000000, 0.0000000000000000000 ) ) ;
#6244 = DIRECTION ( 'NONE',  ( 1.000000000000000000, 0.0000000000000000000, 0.0000000000000000000 ) ) ;
#6245 = ORIENTED_EDGE ( 'NONE', *, *, #4939, .T. ) ;
#6246 = EDGE_LOOP ( 'NONE', ( #3276, #1547, #3509, #1649 ) ) ;
#6247 = ORIENTED_EDGE ( 'NONE', *, *, #6412, .T. ) ;
#6248 = CARTESIAN_POINT ( 'NONE',  ( 13.34000000000001600, 0.4142135623730966400, -10.39500000000000300 ) ) ;
#6249 = CARTESIAN_POINT ( 'NONE',  ( -18.36499999999999800, 0.2000000000000068400, 0.6349999999999784700 ) ) ;
#6250 = AXIS2_PLACEMENT_3D ( 'NONE', #5201, #6821, #6918 ) ;
#6251 = DIRECTION ( 'NONE',  ( -1.000000000000000000, -0.0000000000000000000, -0.0000000000000000000 ) ) ;
#6252 = EDGE_CURVE ( 'NONE', #1615, #1881, #1589, .T. ) ;
#6253 = ORIENTED_EDGE ( 'NONE', *, *, #1230, .F. ) ;
#6254 = PLANE ( 'NONE',  #3332 ) ;
#6255 = LINE ( 'NONE', #186, #2039 ) ;
#6256 = LINE ( 'NONE', #1559, #1084 ) ;
#6257 = VECTOR ( 'NONE', #3309, 1000.000000000000100 ) ;
#6258 = EDGE_CURVE ( 'NONE', #762, #6199, #4520, .T. ) ;
#6259 = AXIS2_PLACEMENT_3D ( 'NONE', #2102, #2730, #1600 ) ;
#6260 = CARTESIAN_POINT ( 'NONE',  ( 12.36848664453580100, 4.430000000000000600, -11.09500000000000400 ) ) ;
#6261 = CARTESIAN_POINT ( 'NONE',  ( 9.529003095812290900, 0.8606381602301708100, -10.89500000000000700 ) ) ;
#6262 = ORIENTED_EDGE ( 'NONE', *, *, #5669, .T. ) ;
#6263 = CIRCLE ( 'NONE', #990, 11.11500000000000200 ) ;
#6264 = FACE_OUTER_BOUND ( 'NONE', #2171, .T. ) ;
#6265 = DIRECTION ( 'NONE',  ( 0.0000000000000000000, 0.0000000000000000000, -1.000000000000000000 ) ) ;
#6266 = CARTESIAN_POINT ( 'NONE',  ( 2.220000000000003300, 5.400000000000000400, 9.844673495138414100 ) ) ;
#6267 = CARTESIAN_POINT ( 'NONE',  ( 13.34000000000001100, 1.000000000000001800, -10.39500000000000300 ) ) ;
#6268 = EDGE_CURVE ( 'NONE', #1366, #6932, #5465, .T. ) ;
#6269 = CARTESIAN_POINT ( 'NONE',  ( 1.633583096412245100E-029, 4.545819618861213600E-014, -11.09500000000002200 ) ) ;
#6270 = ORIENTED_EDGE ( 'NONE', *, *, #888, .T. ) ;
#6271 = CYLINDRICAL_SURFACE ( 'NONE', #5917, 1.999999999999999600 ) ;
#6272 = CARTESIAN_POINT ( 'NONE',  ( -9.991930185743170200, 5.620000000000000100, -10.79499999999999800 ) ) ;
#6273 = LINE ( 'NONE', #2903, #1007 ) ;
#6274 = DIRECTION ( 'NONE',  ( 1.101411730778925200E-016, 0.0000000000000000000, -1.000000000000000000 ) ) ;
#6275 = CARTESIAN_POINT ( 'NONE',  ( 13.49129207106330600, 5.620000000000002800, 6.760501741057831600 ) ) ;
#6276 = ORIENTED_EDGE ( 'NONE', *, *, #5670, .T. ) ;
#6277 = CARTESIAN_POINT ( 'NONE',  ( 2.500000000000000400, 3.000000000000000000, -13.38743516107378900 ) ) ;
#6278 = LINE ( 'NONE', #3294, #3864 ) ;
#6279 = DIRECTION ( 'NONE',  ( 0.0000000000000000000, 0.0000000000000000000, 1.000000000000000000 ) ) ;
#6280 = CARTESIAN_POINT ( 'NONE',  ( -13.81844900620361100, 5.400000000000000400, 8.960138857142748500 ) ) ;
#6281 = ORIENTED_EDGE ( 'NONE', *, *, #2788, .F. ) ;
#6282 = VECTOR ( 'NONE', #6953, 1000.000000000000100 ) ;
#6283 = DIRECTION ( 'NONE',  ( 0.0000000000000000000, 0.0000000000000000000, 1.000000000000000000 ) ) ;
#6284 = VERTEX_POINT ( 'NONE', #6713 ) ;
#6285 = CARTESIAN_POINT ( 'NONE',  ( -12.34000000000001200, 5.400000000000000400, 6.901052410065903000 ) ) ;
#6286 = AXIS2_PLACEMENT_3D ( 'NONE', #5915, #5304, #4803 ) ;
#6287 = ADVANCED_FACE ( 'NONE', ( #5025 ), #2120, .F. ) ;
#6288 = CYLINDRICAL_SURFACE ( 'NONE', #1963, 1.000000000000000900 ) ;
#6289 = ORIENTED_EDGE ( 'NONE', *, *, #6680, .T. ) ;
#6290 = CARTESIAN_POINT ( 'NONE',  ( -4.079999999999998300, 4.586705258258603200, -1.544073054504602900 ) ) ;
#6291 = EDGE_CURVE ( 'NONE', #167, #930, #5545, .T. ) ;
#6292 = ORIENTED_EDGE ( 'NONE', *, *, #2834, .F. ) ;
#6293 = CARTESIAN_POINT ( 'NONE',  ( 13.60000000000001000, 3.420000000000027500, -6.895000000000020900 ) ) ;
#6294 = ADVANCED_FACE ( 'NONE', ( #30 ), #2901, .F. ) ;
#6295 = EDGE_LOOP ( 'NONE', ( #2690, #4480, #4420, #1042 ) ) ;
#6296 = CARTESIAN_POINT ( 'NONE',  ( -13.34000000000001200, 0.8595974392495596700, -6.143717762754916700 ) ) ;
#6297 = VECTOR ( 'NONE', #463, 1000.000000000000000 ) ;
#6298 = VECTOR ( 'NONE', #3814, 1000.000000000000000 ) ;
#6299 = VERTEX_POINT ( 'NONE', #6249 ) ;
#6300 = ORIENTED_EDGE ( 'NONE', *, *, #6661, .T. ) ;
#6301 = EDGE_CURVE ( 'NONE', #5384, #760, #995, .T. ) ;
#6303 = CARTESIAN_POINT ( 'NONE',  ( -2.220000000000002400, 5.399999999999999500, -15.30500000000002300 ) ) ;
#6302 = AXIS2_PLACEMENT_3D ( 'NONE', #5369, #2153, #3797 ) ;
#6304 = AXIS2_PLACEMENT_3D ( 'NONE', #5589, #3881, #70 ) ;
#6305 = ORIENTED_EDGE ( 'NONE', *, *, #1239, .F. ) ;
#6306 = ORIENTED_EDGE ( 'NONE', *, *, #2325, .F. ) ;
#6307 = LINE ( 'NONE', #104, #3382 ) ;
#6308 = ORIENTED_EDGE ( 'NONE', *, *, #2609, .F. ) ;
#6309 = PLANE ( 'NONE',  #4962 ) ;
#6310 = ORIENTED_EDGE ( 'NONE', *, *, #5212, .T. ) ;
#6311 = CARTESIAN_POINT ( 'NONE',  ( 9.991930185743171900, 5.919999999999999000, -10.79499999999999800 ) ) ;
#6312 = ORIENTED_EDGE ( 'NONE', *, *, #2384, .F. ) ;
#6313 = DIRECTION ( 'NONE',  ( -1.000000000000000000, 3.025680481354897600E-015, 0.0000000000000000000 ) ) ;
#6314 = FACE_OUTER_BOUND ( 'NONE', #4429, .T. ) ;
#6315 = EDGE_CURVE ( 'NONE', #5579, #5744, #6684, .T. ) ;
#6316 = DIRECTION ( 'NONE',  ( 0.0000000000000000000, -1.000000000000000000, 0.0000000000000000000 ) ) ;
#6317 = CARTESIAN_POINT ( 'NONE',  ( 4.079999999999998300, 2.304219872357979000, 3.927862566056164400 ) ) ;
#6318 = ORIENTED_EDGE ( 'NONE', *, *, #687, .F. ) ;
#6319 = CARTESIAN_POINT ( 'NONE',  ( 4.054999999999997900, 5.919999999999999900, 3.927862566056165200 ) ) ;
#6320 = FACE_BOUND ( 'NONE', #5893, .T. ) ;
#6321 = CARTESIAN_POINT ( 'NONE',  ( -14.93617785791140100, -0.4131883529488403800, 7.881416676303254900 ) ) ;
#6322 = ORIENTED_EDGE ( 'NONE', *, *, #5617, .F. ) ;
#6323 = CARTESIAN_POINT ( 'NONE',  ( 12.34000000000000700, 5.400000000000000400, -6.143717762754913100 ) ) ;
#6324 = CIRCLE ( 'NONE', #2044, 1.795000000000010100 ) ;
#6325 = ADVANCED_FACE ( 'NONE', ( #4856 ), #109, .T. ) ;
#6326 = VERTEX_POINT ( 'NONE', #3503 ) ;
#6327 = PLANE ( 'NONE',  #6042 ) ;
#6328 = DIRECTION ( 'NONE',  ( -0.0000000000000000000, -0.0000000000000000000, -1.000000000000000000 ) ) ;
#6329 = LINE ( 'NONE', #1976, #6745 ) ;
#6330 = CARTESIAN_POINT ( 'NONE',  ( -13.40000000000000900, 1.719999999999999300, 0.6349999999999784700 ) ) ;
#6331 = VERTEX_POINT ( 'NONE', #1798 ) ;
#6332 = EDGE_CURVE ( 'NONE', #4893, #3212, #639, .T. ) ;
#6333 = EDGE_CURVE ( 'NONE', #7085, #7031, #3057, .T. ) ;
#6334 = CARTESIAN_POINT ( 'NONE',  ( -8.673617379884035500E-015, 1.000000000000000000, 60.65107638281947500 ) ) ;
#6335 = DIRECTION ( 'NONE',  ( 0.0000000000000000000, 0.0000000000000000000, 1.000000000000000000 ) ) ;
#6336 = VERTEX_POINT ( 'NONE', #4501 ) ;
#6337 = LINE ( 'NONE', #5859, #1936 ) ;
#6338 = VECTOR ( 'NONE', #3612, 1000.000000000000000 ) ;
#6339 = CARTESIAN_POINT ( 'NONE',  ( -13.34000000000001100, 5.400000000000000400, -6.143717762754916700 ) ) ;
#6340 = LINE ( 'NONE', #2573, #6855 ) ;
#6341 = AXIS2_PLACEMENT_3D ( 'NONE', #3693, #413, #6463 ) ;
#6342 = DIRECTION ( 'NONE',  ( -1.000000000000000000, 0.0000000000000000000, 0.0000000000000000000 ) ) ;
#6343 = CARTESIAN_POINT ( 'NONE',  ( -8.673617379884035500E-015, 1.000000000000000000, 60.65107638281947500 ) ) ;
#6344 = EDGE_CURVE ( 'NONE', #4359, #1299, #3580, .T. ) ;
#6345 = DIRECTION ( 'NONE',  ( 0.0000000000000000000, 0.2577550931996183700, 0.9662102834940516900 ) ) ;
#6346 = VERTEX_POINT ( 'NONE', #6699 ) ;
#6347 = LINE ( 'NONE', #2717, #2900 ) ;
#6348 = VECTOR ( 'NONE', #593, 1000.000000000000000 ) ;
#6349 = DIRECTION ( 'NONE',  ( 0.0000000000000000000, -1.000000000000000000, 0.0000000000000000000 ) ) ;
#6350 = CARTESIAN_POINT ( 'NONE',  ( 6.659999999999999300, 5.400000000000000400, 11.24304453225984800 ) ) ;
#6351 = VERTEX_POINT ( 'NONE', #670 ) ;
#6352 = LINE ( 'NONE', #421, #5199 ) ;
#6353 = EDGE_CURVE ( 'NONE', #6792, #3545, #1233, .T. ) ;
#6354 = DIRECTION ( 'NONE',  ( -0.5832407619048182200, -0.0000000000000000000, 0.8122993374690682400 ) ) ;
#6355 = ORIENTED_EDGE ( 'NONE', *, *, #1512, .F. ) ;
#6356 = CARTESIAN_POINT ( 'NONE',  ( 12.36848664453580100, 5.720000000000000600, -9.205000000000005400 ) ) ;
#6357 = DIRECTION ( 'NONE',  ( 0.0000000000000000000, 0.0000000000000000000, 1.000000000000000000 ) ) ;
#6358 = VECTOR ( 'NONE', #3891, 1000.000000000000000 ) ;
#6359 = DIRECTION ( 'NONE',  ( 1.000000000000000000, 0.0000000000000000000, 0.0000000000000000000 ) ) ;
#6360 = AXIS2_PLACEMENT_3D ( 'NONE', #343, #3677, #6407 ) ;
#6361 = EDGE_CURVE ( 'NONE', #1472, #4157, #205, .T. ) ;
#6362 = DIRECTION ( 'NONE',  ( 0.0000000000000000000, 0.0000000000000000000, -1.000000000000000000 ) ) ;
#6363 = ORIENTED_EDGE ( 'NONE', *, *, #5777, .T. ) ;
#6364 = ORIENTED_EDGE ( 'NONE', *, *, #2522, .T. ) ;
#6365 = DIRECTION ( 'NONE',  ( -1.065814103640150300E-014, 0.0000000000000000000, -1.000000000000000000 ) ) ;
#6366 = LINE ( 'NONE', #114, #1610 ) ;
#6367 = CARTESIAN_POINT ( 'NONE',  ( -13.40000000000000900, 1.720000000000006900, 0.6349999999999784700 ) ) ;
#6368 = CARTESIAN_POINT ( 'NONE',  ( 6.079999999999998300, 4.586705258258603200, -1.544073054504602900 ) ) ;
#6369 = ORIENTED_EDGE ( 'NONE', *, *, #1086, .F. ) ;
#6370 = CARTESIAN_POINT ( 'NONE',  ( 14.93617785791140100, -0.4131883529488403800, 7.881416676303254900 ) ) ;
#6371 = EDGE_LOOP ( 'NONE', ( #3991, #1063, #1258, #2347 ) ) ;
#6372 = ORIENTED_EDGE ( 'NONE', *, *, #6956, .T. ) ;
#6373 = DIRECTION ( 'NONE',  ( 1.000000000000000000, 0.0000000000000000000, 0.0000000000000000000 ) ) ;
#6374 = EDGE_CURVE ( 'NONE', #2198, #7112, #4679, .T. ) ;
#6375 = CARTESIAN_POINT ( 'NONE',  ( -13.34000000000001100, 5.400000000000000400, -6.143717762754916700 ) ) ;
#6376 = EDGE_CURVE ( 'NONE', #4311, #1733, #2457, .T. ) ;
#6377 = DIRECTION ( 'NONE',  ( 0.0000000000000000000, 1.000000000000000000, 0.0000000000000000000 ) ) ;
#6378 = ORIENTED_EDGE ( 'NONE', *, *, #7036, .F. ) ;
#6379 = ORIENTED_EDGE ( 'NONE', *, *, #2255, .T. ) ;
#6380 = TOROIDAL_SURFACE ( 'NONE', #4312, 0.7792464308548483500, 0.1000000000000000100 ) ;
#6381 = ORIENTED_EDGE ( 'NONE', *, *, #1698, .F. ) ;
#6382 = ORIENTED_EDGE ( 'NONE', *, *, #4522, .T. ) ;
#6383 = EDGE_LOOP ( 'NONE', ( #1201, #6800, #6887 ) ) ;
#6384 = CARTESIAN_POINT ( 'NONE',  ( 12.84000000000001100, 5.400000000000000400, -10.89500000000000300 ) ) ;
#6385 = DIRECTION ( 'NONE',  ( 3.283444187973253400E-015, -1.000000000000000000, 0.0000000000000000000 ) ) ;
#6386 = ORIENTED_EDGE ( 'NONE', *, *, #6446, .F. ) ;
#6387 = DIRECTION ( 'NONE',  ( -8.572527594031492900E-017, 1.000000000000000000, 0.0000000000000000000 ) ) ;
#6388 = EDGE_CURVE ( 'NONE', #1833, #158, #3241, .T. ) ;
#6389 = ORIENTED_EDGE ( 'NONE', *, *, #2745, .T. ) ;
#6390 = CIRCLE ( 'NONE', #3806, 12.50000000000000000 ) ;
#6391 = VERTEX_POINT ( 'NONE', #4138 ) ;
#6392 = ORIENTED_EDGE ( 'NONE', *, *, #2135, .T. ) ;
#6393 = ORIENTED_EDGE ( 'NONE', *, *, #3734, .T. ) ;
#6394 = CARTESIAN_POINT ( 'NONE',  ( -14.79703923862027700, -0.4131883529488403800, 8.025084503675147500 ) ) ;
#6395 = ORIENTED_EDGE ( 'NONE', *, *, #2750, .T. ) ;
#6396 = ORIENTED_EDGE ( 'NONE', *, *, #6501, .F. ) ;
#6397 = VECTOR ( 'NONE', #5172, 1000.000000000000000 ) ;
#6398 = ORIENTED_EDGE ( 'NONE', *, *, #5857, .F. ) ;
#6399 = ORIENTED_EDGE ( 'NONE', *, *, #3718, .F. ) ;
#6400 = EDGE_CURVE ( 'NONE', #5130, #2501, #2646, .T. ) ;
#6401 = ADVANCED_FACE ( 'NONE', ( #1313 ), #6853, .F. ) ;
#6402 = DIRECTION ( 'NONE',  ( -0.0000000000000000000, 1.000000000000000000, -0.0000000000000000000 ) ) ;
#6404 = CARTESIAN_POINT ( 'NONE',  ( 13.31001096836418900, 0.7224410985344548200, -7.668158043938913900 ) ) ;
#6403 = AXIS2_PLACEMENT_3D ( 'NONE', #6098, #1683, #3868 ) ;
#6405 = DIRECTION ( 'NONE',  ( 0.0000000000000000000, 1.000000000000000000, 0.0000000000000000000 ) ) ;
#6406 = ORIENTED_EDGE ( 'NONE', *, *, #1698, .T. ) ;
#6407 = DIRECTION ( 'NONE',  ( 0.0000000000000000000, 0.0000000000000000000, -1.000000000000000000 ) ) ;
#6408 = CARTESIAN_POINT ( 'NONE',  ( 6.550849154917930400, 5.919999999999999900, 11.08207018590736600 ) ) ;
#6409 = FACE_OUTER_BOUND ( 'NONE', #5370, .T. ) ;
#6410 = VERTEX_POINT ( 'NONE', #276 ) ;
#6411 = EDGE_CURVE ( 'NONE', #6560, #5448, #5805, .T. ) ;
#6412 = EDGE_CURVE ( 'NONE', #2175, #2774, #6938, .T. ) ;
#6413 = CYLINDRICAL_SURFACE ( 'NONE', #2229, 0.09999999999999939500 ) ;
#6414 = DIRECTION ( 'NONE',  ( 0.0000000000000000000, -1.000000000000000000, 0.0000000000000000000 ) ) ;
#6415 = DIRECTION ( 'NONE',  ( 2.659658226162767000E-015, 0.0000000000000000000, -1.000000000000000000 ) ) ;
#6416 = DIRECTION ( 'NONE',  ( -1.000000000000000000, 0.0000000000000000000, 0.0000000000000000000 ) ) ;
#6417 = VERTEX_POINT ( 'NONE', #5223 ) ;
#6418 = CARTESIAN_POINT ( 'NONE',  ( -9.054385677670252300, 1.000000000000000000, -9.895000000000008500 ) ) ;
#6419 = DIRECTION ( 'NONE',  ( 1.000000000000000000, 0.0000000000000000000, -0.0000000000000000000 ) ) ;
#6420 = CARTESIAN_POINT ( 'NONE',  ( 6.079999999999999200, 4.383326286608009600, -3.247895313489022900 ) ) ;
#6421 = ORIENTED_EDGE ( 'NONE', *, *, #4441, .F. ) ;
#6422 = ORIENTED_EDGE ( 'NONE', *, *, #2723, .F. ) ;
#6423 = ORIENTED_EDGE ( 'NONE', *, *, #2916, .F. ) ;
#6424 = CARTESIAN_POINT ( 'NONE',  ( 12.84000000000000900, 5.400000000000000400, -9.895000000000008500 ) ) ;
#6425 = CARTESIAN_POINT ( 'NONE',  ( 13.70000000000000600, 0.3000000000000074800, -4.445000000000021600 ) ) ;
#6426 = EDGE_CURVE ( 'NONE', #4506, #3547, #817, .T. ) ;
#6427 = CARTESIAN_POINT ( 'NONE',  ( 9.991930185743171900, 4.430000000000001500, -11.09500000000000400 ) ) ;
#6428 = ORIENTED_EDGE ( 'NONE', *, *, #6705, .F. ) ;
#6429 = PLANE ( 'NONE',  #2033 ) ;
#6430 = DIRECTION ( 'NONE',  ( 0.0000000000000000000, -0.0000000000000000000, -1.000000000000000000 ) ) ;
#6431 = CARTESIAN_POINT ( 'NONE',  ( -9.991930185743171900, 5.620000000000000100, -10.79499999999999800 ) ) ;
#6432 = CARTESIAN_POINT ( 'NONE',  ( -12.92578643762691600, -3.586907429118604100E-017, -10.18789321881346100 ) ) ;
#6433 = EDGE_CURVE ( 'NONE', #607, #6284, #6510, .T. ) ;
#6434 = ADVANCED_FACE ( 'NONE', ( #1161 ), #5158, .F. ) ;
#6435 = EDGE_CURVE ( 'NONE', #1662, #5411, #112, .T. ) ;
#6436 = TOROIDAL_SURFACE ( 'NONE', #2301, 11.50000000000000000, 1.000000000000000000 ) ;
#6437 = FACE_OUTER_BOUND ( 'NONE', #1894, .T. ) ;
#6438 = DIRECTION ( 'NONE',  ( 1.000000000000000000, 0.0000000000000000000, -0.0000000000000000000 ) ) ;
#6439 = ADVANCED_FACE ( 'NONE', ( #904 ), #1760, .F. ) ;
#6440 = CARTESIAN_POINT ( 'NONE',  ( -9.991930185743171900, 5.620000000000002800, -11.09499999999999900 ) ) ;
#6441 = DIRECTION ( 'NONE',  ( 0.0000000000000000000, 1.000000000000000000, 0.0000000000000000000 ) ) ;
#6442 = LINE ( 'NONE', #1334, #4951 ) ;
#6443 = LINE ( 'NONE', #5029, #5905 ) ;
#6444 = DIRECTION ( 'NONE',  ( 0.0000000000000000000, 1.000000000000000000, 0.0000000000000000000 ) ) ;
#6445 = LINE ( 'NONE', #211, #919 ) ;
#6446 = EDGE_CURVE ( 'NONE', #6346, #6825, #476, .T. ) ;
#6447 = AXIS2_PLACEMENT_3D ( 'NONE', #4633, #3045, #4143 ) ;
#6448 = CARTESIAN_POINT ( 'NONE',  ( -7.553324042085684200, 5.720000000000000600, 10.86008716871933400 ) ) ;
#6449 = ADVANCED_FACE ( 'NONE', ( #288 ), #2438, .F. ) ;
#6450 = ORIENTED_EDGE ( 'NONE', *, *, #5239, .F. ) ;
#6451 = VECTOR ( 'NONE', #4670, 1000.000000000000000 ) ;
#6452 = CARTESIAN_POINT ( 'NONE',  ( 16.03250000000000200, 1.108596721366428300E-014, -1.905000000000022000 ) ) ;
#6453 = LINE ( 'NONE', #452, #2056 ) ;
#6454 = DIRECTION ( 'NONE',  ( -1.000000000000000000, -1.028143289152397600E-044, 1.472359708348122600E-030 ) ) ;
#6455 = EDGE_CURVE ( 'NONE', #6728, #5860, #2291, .T. ) ;
#6456 = CARTESIAN_POINT ( 'NONE',  ( -12.59999999999999600, 5.720000000000000600, 6.544999999999995500 ) ) ;
#6457 = LINE ( 'NONE', #677, #318 ) ;
#6458 = VERTEX_POINT ( 'NONE', #4630 ) ;
#6459 = LINE ( 'NONE', #4203, #3700 ) ;
#6460 = DIRECTION ( 'NONE',  ( 0.0000000000000000000, 0.0000000000000000000, 1.000000000000000000 ) ) ;
#6461 = EDGE_LOOP ( 'NONE', ( #3285, #1025, #2527, #6584 ) ) ;
#6462 = CIRCLE ( 'NONE', #2108, 11.50000000000000000 ) ;
#6463 = DIRECTION ( 'NONE',  ( -3.283444187973253400E-015, -1.000000000000000000, 0.0000000000000000000 ) ) ;
#6464 = ADVANCED_FACE ( 'NONE', ( #5899 ), #3142, .F. ) ;
#6465 = CARTESIAN_POINT ( 'NONE',  ( -12.60000000000000500, 1.000000000000000000, 9.834999999999976000 ) ) ;
#6466 = ORIENTED_EDGE ( 'NONE', *, *, #723, .F. ) ;
#6467 = ADVANCED_FACE ( 'NONE', ( #1582, #4179 ), #4704, .T. ) ;
#6468 = DIRECTION ( 'NONE',  ( 0.0000000000000000000, -3.491481338843133400E-015, 1.000000000000000000 ) ) ;
#6469 = CARTESIAN_POINT ( 'NONE',  ( -12.59999999999999600, 5.720000000000000600, 7.644999999999995100 ) ) ;
#6470 = ORIENTED_EDGE ( 'NONE', *, *, #4618, .F. ) ;
#6471 = AXIS2_PLACEMENT_3D ( 'NONE', #4871, #496, #26 ) ;
#6472 = FACE_OUTER_BOUND ( 'NONE', #4296, .T. ) ;
#6473 = CARTESIAN_POINT ( 'NONE',  ( -6.104999999999997800, 5.720000000000000600, 3.927862566056164400 ) ) ;
#6474 = CYLINDRICAL_SURFACE ( 'NONE', #654, 0.1000000000000020000 ) ;
#6475 = EDGE_CURVE ( 'NONE', #5587, #3911, #5457, .T. ) ;
#6476 = ORIENTED_EDGE ( 'NONE', *, *, #4173, .T. ) ;
#6477 = ORIENTED_EDGE ( 'NONE', *, *, #627, .T. ) ;
#6478 = ORIENTED_EDGE ( 'NONE', *, *, #4514, .F. ) ;
#6479 = ORIENTED_EDGE ( 'NONE', *, *, #1939, .F. ) ;
#6480 = ADVANCED_FACE ( 'NONE', ( #2727 ), #1978, .T. ) ;
#6481 = FACE_OUTER_BOUND ( 'NONE', #6538, .T. ) ;
#6482 = ORIENTED_EDGE ( 'NONE', *, *, #7149, .T. ) ;
#6483 = AXIS2_PLACEMENT_3D ( 'NONE', #4094, #1319, #2964 ) ;
#6484 = ORIENTED_EDGE ( 'NONE', *, *, #4172, .F. ) ;
#6485 = DIRECTION ( 'NONE',  ( 0.0000000000000000000, 0.0000000000000000000, -1.000000000000000000 ) ) ;
#6486 = ORIENTED_EDGE ( 'NONE', *, *, #5127, .T. ) ;
#6487 = VECTOR ( 'NONE', #102, 1000.000000000000000 ) ;
#6488 = CARTESIAN_POINT ( 'NONE',  ( 4.079999999999998300, 4.583326286608009800, -1.569848563824564300 ) ) ;
#6489 = EDGE_LOOP ( 'NONE', ( #6030, #3632, #529, #896 ) ) ;
#6490 = DIRECTION ( 'NONE',  ( 1.363460477434492400E-016, -0.0000000000000000000, -1.000000000000000000 ) ) ;
#6491 = DIRECTION ( 'NONE',  ( -1.000000000000000000, 0.0000000000000000000, 0.0000000000000000000 ) ) ;
#6492 = LINE ( 'NONE', #2012, #541 ) ;
#6493 = EDGE_CURVE ( 'NONE', #1799, #5164, #4513, .T. ) ;
#6495 = DIRECTION ( 'NONE',  ( 0.0000000000000000000, 1.000000000000000000, 0.0000000000000000000 ) ) ;
#6494 = AXIS2_PLACEMENT_3D ( 'NONE', #5752, #265, #905 ) ;
#6496 = VECTOR ( 'NONE', #3307, 1000.000000000000100 ) ;
#6497 = ORIENTED_EDGE ( 'NONE', *, *, #3155, .T. ) ;
#6498 = ORIENTED_EDGE ( 'NONE', *, *, #4112, .F. ) ;
#6499 = ADVANCED_FACE ( 'NONE', ( #6164 ), #1079, .F. ) ;
#6500 = AXIS2_PLACEMENT_3D ( 'NONE', #6007, #2554, #6415 ) ;
#6501 = EDGE_CURVE ( 'NONE', #2974, #5416, #2979, .T. ) ;
#6502 = FACE_OUTER_BOUND ( 'NONE', #1731, .T. ) ;
#6503 = DIRECTION ( 'NONE',  ( 0.0000000000000000000, -1.000000000000000000, -0.0000000000000000000 ) ) ;
#6504 = ORIENTED_EDGE ( 'NONE', *, *, #3794, .T. ) ;
#6505 = DIRECTION ( 'NONE',  ( -1.000000000000000000, 0.0000000000000000000, 0.0000000000000000000 ) ) ;
#6506 = DIRECTION ( 'NONE',  ( 1.000000000000000000, 0.0000000000000000000, 0.0000000000000000000 ) ) ;
#6507 = AXIS2_PLACEMENT_3D ( 'NONE', #2300, #59, #6594 ) ;
#6508 = ADVANCED_FACE ( 'NONE', ( #5631 ), #7118, .F. ) ;
#6509 = LINE ( 'NONE', #5316, #1406 ) ;
#6510 = LINE ( 'NONE', #2504, #1937 ) ;
#6511 = CARTESIAN_POINT ( 'NONE',  ( -6.747374629565455500, 5.720000000000000600, 9.594999999999997100 ) ) ;
#6512 = EDGE_CURVE ( 'NONE', #3722, #6417, #5276, .T. ) ;
#6513 = CARTESIAN_POINT ( 'NONE',  ( -13.29999999999999500, 5.620000000000002800, 6.544999999999995500 ) ) ;
#6514 = DIRECTION ( 'NONE',  ( 1.000000000000000000, 0.0000000000000000000, 0.0000000000000000000 ) ) ;
#6515 = DIRECTION ( 'NONE',  ( -1.000000000000000000, 0.0000000000000000000, -0.0000000000000000000 ) ) ;
#6516 = CARTESIAN_POINT ( 'NONE',  ( -12.36848664453580100, 5.620000000000002800, -11.09499999999999900 ) ) ;
#6517 = PLANE ( 'NONE',  #6500 ) ;
#6518 = ORIENTED_EDGE ( 'NONE', *, *, #1329, .F. ) ;
#6519 = VECTOR ( 'NONE', #6495, 1000.000000000000000 ) ;
#6520 = VECTOR ( 'NONE', #5525, 1000.000000000000000 ) ;
#6521 = CARTESIAN_POINT ( 'NONE',  ( -13.12552557494708700, 0.3679278726158323700, -7.787565851515548600 ) ) ;
#6522 = EDGE_CURVE ( 'NONE', #4412, #6883, #1495, .T. ) ;
#6523 = ORIENTED_EDGE ( 'NONE', *, *, #7, .F. ) ;
#6524 = FACE_OUTER_BOUND ( 'NONE', #6998, .T. ) ;
#6525 = VECTOR ( 'NONE', #2209, 1000.000000000000000 ) ;
#6526 = CARTESIAN_POINT ( 'NONE',  ( -13.70000000000000600, 0.2000000000000075600, -4.445000000000021600 ) ) ;
#6527 = CARTESIAN_POINT ( 'NONE',  ( 6.079999999999999200, 4.383326286608009600, -3.247895313489022900 ) ) ;
#6528 = CARTESIAN_POINT ( 'NONE',  ( -1.500000000000000000, 5.200000000000001100, 10.81876546564532200 ) ) ;
#6529 = ORIENTED_EDGE ( 'NONE', *, *, #3607, .T. ) ;
#6530 = EDGE_CURVE ( 'NONE', #4309, #534, #4276, .T. ) ;
#6531 = FACE_OUTER_BOUND ( 'NONE', #5095, .T. ) ;
#6532 = DIRECTION ( 'NONE',  ( -0.0000000000000000000, -0.0000000000000000000, 1.000000000000000000 ) ) ;
#6533 = ADVANCED_FACE ( 'NONE', ( #4948 ), #3165, .T. ) ;
#6534 = CARTESIAN_POINT ( 'NONE',  ( 13.33592814371258900, 3.420000000000028400, -6.895000000000020900 ) ) ;
#6535 = DIRECTION ( 'NONE',  ( 0.0000000000000000000, 1.000000000000000000, 0.0000000000000000000 ) ) ;
#6536 = CARTESIAN_POINT ( 'NONE',  ( -8.673617379884035500E-015, 0.0000000000000000000, 9.796194863093500500 ) ) ;
#6537 = CARTESIAN_POINT ( 'NONE',  ( 13.30000000000001700, 4.199246430854877600, -6.895000000000020900 ) ) ;
#6538 = EDGE_LOOP ( 'NONE', ( #2755, #5888, #7173 ) ) ;
#6539 = ORIENTED_EDGE ( 'NONE', *, *, #177, .F. ) ;
#6540 = LINE ( 'NONE', #195, #2760 ) ;
#6541 = DIRECTION ( 'NONE',  ( -0.0000000000000000000, -1.000000000000000000, -4.034240641806527500E-015 ) ) ;
#6542 = CARTESIAN_POINT ( 'NONE',  ( -9.991930185743170200, 5.919999999999999000, -10.79499999999999800 ) ) ;
#6543 = EDGE_CURVE ( 'NONE', #5361, #3598, #824, .T. ) ;
#6544 = CARTESIAN_POINT ( 'NONE',  ( -13.20271455775133300, 0.4768537514985731800, -7.739144706733773300 ) ) ;
#6545 = VECTOR ( 'NONE', #4378, 1000.000000000000000 ) ;
#6546 = ORIENTED_EDGE ( 'NONE', *, *, #6388, .F. ) ;
#6547 = ADVANCED_FACE ( 'NONE', ( #4866, #6595 ), #4732, .T. ) ;
#6548 = ORIENTED_EDGE ( 'NONE', *, *, #3238, .F. ) ;
#6549 = VERTEX_POINT ( 'NONE', #3643 ) ;
#6550 = PLANE ( 'NONE',  #6837 ) ;
#6551 = LINE ( 'NONE', #4341, #4045 ) ;
#6552 = ORIENTED_EDGE ( 'NONE', *, *, #16, .T. ) ;
#6553 = ORIENTED_EDGE ( 'NONE', *, *, #5413, .F. ) ;
#6554 = CARTESIAN_POINT ( 'NONE',  ( -2.220000000000001500, 3.879999999999999000, -15.30500000000002300 ) ) ;
#6555 = ORIENTED_EDGE ( 'NONE', *, *, #5573, .T. ) ;
#6556 = DIRECTION ( 'NONE',  ( 0.0000000000000000000, -1.000000000000000000, 0.0000000000000000000 ) ) ;
#6557 = ORIENTED_EDGE ( 'NONE', *, *, #1575, .F. ) ;
#6558 = VECTOR ( 'NONE', #550, 1000.000000000000000 ) ;
#6559 = CARTESIAN_POINT ( 'NONE',  ( 12.46750651338678200, -3.981054852095209700E-017, -5.669972682062784500 ) ) ;
#6560 = VERTEX_POINT ( 'NONE', #7063 ) ;
#6561 = ORIENTED_EDGE ( 'NONE', *, *, #333, .T. ) ;
#6562 = DIRECTION ( 'NONE',  ( 3.025680481354897600E-015, -1.000000000000000000, 0.0000000000000000000 ) ) ;
#6563 = CARTESIAN_POINT ( 'NONE',  ( -13.34000000000001200, 1.000000000000001800, 6.579228774286543800 ) ) ;
#6564 = DIRECTION ( 'NONE',  ( 2.529033432039580700E-015, -1.000000000000000000, 0.0000000000000000000 ) ) ;
#6565 = STYLED_ITEM ( 'NONE', ( #3752 ), #2464 ) ;
#6566 = DIRECTION ( 'NONE',  ( 0.0000000000000000000, 0.0000000000000000000, -1.000000000000000000 ) ) ;
#6567 = DIRECTION ( 'NONE',  ( 0.0000000000000000000, -1.000000000000000000, 0.0000000000000000000 ) ) ;
#6568 = VERTEX_POINT ( 'NONE', #3237 ) ;
#6569 = EDGE_CURVE ( 'NONE', #5579, #4152, #3066, .T. ) ;
#6570 = ORIENTED_EDGE ( 'NONE', *, *, #6895, .F. ) ;
#6571 = VECTOR ( 'NONE', #6491, 1000.000000000000000 ) ;
#6572 = ORIENTED_EDGE ( 'NONE', *, *, #4953, .T. ) ;
#6573 = VERTEX_POINT ( 'NONE', #4898 ) ;
#6574 = ADVANCED_FACE ( 'NONE', ( #3504 ), #7127, .T. ) ;
#6575 = ORIENTED_EDGE ( 'NONE', *, *, #5499, .F. ) ;
#6576 = LINE ( 'NONE', #2431, #5081 ) ;
#6577 = CARTESIAN_POINT ( 'NONE',  ( -13.29999999999999700, 5.720000000000002400, -9.205000000000005400 ) ) ;
#6578 = ORIENTED_EDGE ( 'NONE', *, *, #5538, .T. ) ;
#6579 = AXIS2_PLACEMENT_3D ( 'NONE', #93, #4012, #2267 ) ;
#6580 = DIRECTION ( 'NONE',  ( 1.994743669622075200E-015, 0.0000000000000000000, -1.000000000000000000 ) ) ;
#6581 = DIRECTION ( 'NONE',  ( 0.0000000000000000000, 0.0000000000000000000, 1.000000000000000000 ) ) ;
#6582 = CARTESIAN_POINT ( 'NONE',  ( 12.36848664453580100, 5.919999999999999900, -9.205000000000005400 ) ) ;
#6583 = SPHERICAL_SURFACE ( 'NONE', #1511, 0.7350000000000100900 ) ;
#6584 = ORIENTED_EDGE ( 'NONE', *, *, #2580, .F. ) ;
#6585 = CARTESIAN_POINT ( 'NONE',  ( 2.219999999999998900, 3.879999999999999900, -14.08868734058155400 ) ) ;
#6586 = DIRECTION ( 'NONE',  ( 0.0000000000000000000, 0.0000000000000000000, -1.000000000000000000 ) ) ;
#6587 = EDGE_CURVE ( 'NONE', #5411, #607, #2041, .T. ) ;
#6588 = CARTESIAN_POINT ( 'NONE',  ( -6.079999999999998300, 2.304219872357979000, 3.927862566056164400 ) ) ;
#6589 = LINE ( 'NONE', #891, #6065 ) ;
#6590 = CARTESIAN_POINT ( 'NONE',  ( -9.529003095812299800, 0.8606381602301708100, -10.89500000000000800 ) ) ;
#6591 = ORIENTED_EDGE ( 'NONE', *, *, #354, .T. ) ;
#6592 = ORIENTED_EDGE ( 'NONE', *, *, #1869, .T. ) ;
#6593 = ORIENTED_EDGE ( 'NONE', *, *, #401, .T. ) ;
#6594 = DIRECTION ( 'NONE',  ( -1.000000000000000000, 3.491481338843133400E-015, 0.0000000000000000000 ) ) ;
#6595 = FACE_OUTER_BOUND ( 'NONE', #4887, .T. ) ;
#6596 = LINE ( 'NONE', #2697, #7121 ) ;
#6597 = DIRECTION ( 'NONE',  ( 0.0000000000000000000, 0.0000000000000000000, -1.000000000000000000 ) ) ;
#6598 = CARTESIAN_POINT ( 'NONE',  ( -13.60000000000000700, 0.3000000000000077600, 0.6349999999999784700 ) ) ;
#6599 = DIRECTION ( 'NONE',  ( -0.0000000000000000000, -0.0000000000000000000, 1.000000000000000000 ) ) ;
#6600 = FACE_OUTER_BOUND ( 'NONE', #492, .T. ) ;
#6601 = VECTOR ( 'NONE', #5438, 1000.000000000000000 ) ;
#6602 = DIRECTION ( 'NONE',  ( 0.0000000000000000000, 0.0000000000000000000, -1.000000000000000000 ) ) ;
#6603 = VECTOR ( 'NONE', #527, 1000.000000000000000 ) ;
#6604 = ADVANCED_FACE ( 'NONE', ( #5466 ), #3765, .T. ) ;
#6605 = AXIS2_PLACEMENT_3D ( 'NONE', #2661, #4306, #4332 ) ;
#6606 = DIRECTION ( 'NONE',  ( 0.0000000000000000000, -0.0000000000000000000, -1.000000000000000000 ) ) ;
#6607 = EDGE_CURVE ( 'NONE', #5221, #5475, #4595, .T. ) ;
#6608 = EDGE_CURVE ( 'NONE', #6980, #866, #2735, .T. ) ;
#6609 = ORIENTED_EDGE ( 'NONE', *, *, #1591, .T. ) ;
#6610 = VECTOR ( 'NONE', #4691, 1000.000000000000000 ) ;
#6611 = CARTESIAN_POINT ( 'NONE',  ( -6.104999999999997800, 5.919999999999999900, 3.927862566056165200 ) ) ;
#6612 = CYLINDRICAL_SURFACE ( 'NONE', #5014, 11.11500000000000400 ) ;
#6613 = CARTESIAN_POINT ( 'NONE',  ( 12.36848664453580100, 4.475989992084350900E-014, -10.89500000000002100 ) ) ;
#6614 = DIRECTION ( 'NONE',  ( -1.000000000000000000, -0.0000000000000000000, -0.0000000000000000000 ) ) ;
#6615 = CARTESIAN_POINT ( 'NONE',  ( -9.529003095812298000, 5.400000000000000400, -10.89500000000000100 ) ) ;
#6616 = CARTESIAN_POINT ( 'NONE',  ( 12.59999999999999600, 5.919999999999999900, 6.544999999999995500 ) ) ;
#6617 = ORIENTED_EDGE ( 'NONE', *, *, #4920, .F. ) ;
#6618 = VECTOR ( 'NONE', #4658, 1000.000000000000100 ) ;
#6619 = LINE ( 'NONE', #1717, #3780 ) ;
#6620 = CARTESIAN_POINT ( 'NONE',  ( 12.84000000000001100, 1.000000000000000900, -10.89500000000000300 ) ) ;
#6621 = CARTESIAN_POINT ( 'NONE',  ( -1.500000000000000000, 5.400000000000000400, 10.81876546564532200 ) ) ;
#6622 =( BOUNDED_CURVE ( )  B_SPLINE_CURVE ( 3, ( #5886, #6432, #7009, #4065 ),
 .UNSPECIFIED., .F., .T. ) 
 B_SPLINE_CURVE_WITH_KNOTS ( ( 4, 4 ),
 ( 1.570796326794896600, 3.141592653589794900 ),
 .UNSPECIFIED. ) 
 CURVE ( )  GEOMETRIC_REPRESENTATION_ITEM ( )  RATIONAL_B_SPLINE_CURVE ( ( 1.000000000000000000, 0.8047378541243646000, 0.8047378541243646000, 1.000000000000000000 ) ) 
 REPRESENTATION_ITEM ( '' )  );
#6623 = CARTESIAN_POINT ( 'NONE',  ( 13.34000000000000900, 0.4142135623730949800, 6.579228774286549200 ) ) ;
#6624 = VECTOR ( 'NONE', #4199, 1000.000000000000000 ) ;
#6625 = PLANE ( 'NONE',  #1566 ) ;
#6626 = EDGE_CURVE ( 'NONE', #789, #675, #4016, .T. ) ;
#6627 = AXIS2_PLACEMENT_3D ( 'NONE', #4024, #5107, #649 ) ;
#6628 = ORIENTED_EDGE ( 'NONE', *, *, #1187, .T. ) ;
#6629 = CYLINDRICAL_SURFACE ( 'NONE', #6360, 1.795000000000010100 ) ;
#6630 = DIRECTION ( 'NONE',  ( 0.0000000000000000000, 1.000000000000000000, 0.0000000000000000000 ) ) ;
#6631 = ORIENTED_EDGE ( 'NONE', *, *, #3820, .F. ) ;
#6632 = CARTESIAN_POINT ( 'NONE',  ( -6.079999999999998300, 4.383326286608009600, -1.569848563824564300 ) ) ;
#6633 = CARTESIAN_POINT ( 'NONE',  ( 17.17750000000000200, 1.118412265461594400E-014, -1.905000000000022000 ) ) ;
#6634 = VECTOR ( 'NONE', #1297, 1000.000000000000000 ) ;
#6635 = VERTEX_POINT ( 'NONE', #6527 ) ;
#6636 = DIRECTION ( 'NONE',  ( -0.0000000000000000000, -1.000000000000000000, -0.0000000000000000000 ) ) ;
#6637 = ORIENTED_EDGE ( 'NONE', *, *, #2711, .T. ) ;
#6638 = EDGE_CURVE ( 'NONE', #1058, #6914, #650, .T. ) ;
#6639 = EDGE_LOOP ( 'NONE', ( #966, #5678, #4979, #5415 ) ) ;
#6640 = ADVANCED_FACE ( 'NONE', ( #1085 ), #7134, .F. ) ;
#6641 = CIRCLE ( 'NONE', #1163, 0.1000000000000020000 ) ;
#6642 = DIRECTION ( 'NONE',  ( -1.000000000000000000, -2.891205793294679000E-015, 0.0000000000000000000 ) ) ;
#6643 = ORIENTED_EDGE ( 'NONE', *, *, #5141, .F. ) ;
#6644 = ORIENTED_EDGE ( 'NONE', *, *, #5273, .F. ) ;
#6645 = DIRECTION ( 'NONE',  ( -0.0000000000000000000, -0.0000000000000000000, -1.000000000000000000 ) ) ;
#6646 = VERTEX_POINT ( 'NONE', #4358 ) ;
#6647 = ORIENTED_EDGE ( 'NONE', *, *, #3257, .F. ) ;
#6648 = VECTOR ( 'NONE', #4906, 1000.000000000000100 ) ;
#6649 = DIRECTION ( 'NONE',  ( -7.993605777301125500E-015, 0.0000000000000000000, -1.000000000000000000 ) ) ;
#6650 = CARTESIAN_POINT ( 'NONE',  ( -1.734723475976806700E-015, 3.879999999999999400, -2.805000000000021900 ) ) ;
#6651 = VERTEX_POINT ( 'NONE', #2173 ) ;
#6652 = ORIENTED_EDGE ( 'NONE', *, *, #3820, .T. ) ;
#6653 = CARTESIAN_POINT ( 'NONE',  ( -16.03250000000000200, 1.108596721366428300E-014, -1.905000000000022000 ) ) ;
#6654 = CARTESIAN_POINT ( 'NONE',  ( -13.34000000000001100, 1.000000000000001800, -10.39500000000000700 ) ) ;
#6655 = CARTESIAN_POINT ( 'NONE',  ( 6.104999999999997800, 5.720000000000000600, -1.530520863929464100 ) ) ;
#6656 = ORIENTED_EDGE ( 'NONE', *, *, #7137, .T. ) ;
#6657 = CIRCLE ( 'NONE', #5294, 0.09999999999999939500 ) ;
#6658 = CARTESIAN_POINT ( 'NONE',  ( -12.36848664453580100, 5.720000000000000600, -11.09499999999999900 ) ) ;
#6659 = AXIS2_PLACEMENT_3D ( 'NONE', #2806, #1651, #6676 ) ;
#6660 = ORIENTED_EDGE ( 'NONE', *, *, #6493, .T. ) ;
#6661 = EDGE_CURVE ( 'NONE', #20, #6717, #3162, .T. ) ;
#6662 = CARTESIAN_POINT ( 'NONE',  ( 12.36848664453580100, 5.719999999999999800, -10.79499999999999800 ) ) ;
#6663 = EDGE_CURVE ( 'NONE', #540, #980, #560, .T. ) ;
#6664 = VECTOR ( 'NONE', #4095, 1000.000000000000000 ) ;
#6665 = DIRECTION ( 'NONE',  ( -0.0000000000000000000, 1.000000000000000000, 0.0000000000000000000 ) ) ;
#6666 = CARTESIAN_POINT ( 'NONE',  ( -6.659999999999999300, 3.879999999999998100, 10.23418065940780900 ) ) ;
#6667 = VECTOR ( 'NONE', #543, 1000.000000000000000 ) ;
#6668 = CARTESIAN_POINT ( 'NONE',  ( -12.36848664453580100, 5.719999999999999800, -10.79499999999999800 ) ) ;
#6669 = EDGE_CURVE ( 'NONE', #4738, #5508, #5636, .T. ) ;
#6670 = VERTEX_POINT ( 'NONE', #7160 ) ;
#6671 = VERTEX_POINT ( 'NONE', #2754 ) ;
#6672 = AXIS2_PLACEMENT_3D ( 'NONE', #1961, #2571, #370 ) ;
#6673 = CARTESIAN_POINT ( 'NONE',  ( -2.220000000000001500, 3.879999999999999000, -14.08868734058155800 ) ) ;
#6674 = AXIS2_PLACEMENT_3D ( 'NONE', #6139, #568, #662 ) ;
#6675 = VERTEX_POINT ( 'NONE', #5380 ) ;
#6676 = DIRECTION ( 'NONE',  ( 0.0000000000000000000, 0.0000000000000000000, -1.000000000000000000 ) ) ;
#6677 = DIRECTION ( 'NONE',  ( -1.000000000000000000, 4.336808689941893900E-015, 0.0000000000000000000 ) ) ;
#6678 = ADVANCED_FACE ( 'NONE', ( #393 ), #1082, .T. ) ;
#6679 = VERTEX_POINT ( 'NONE', #1034 ) ;
#6680 = EDGE_CURVE ( 'NONE', #6568, #3598, #4775, .T. ) ;
#6681 = DIRECTION ( 'NONE',  ( 1.000000000000000000, -0.0000000000000000000, -0.0000000000000000000 ) ) ;
#6682 = CARTESIAN_POINT ( 'NONE',  ( 7.553324042085684200, 5.720000000000000600, 10.86008716871933400 ) ) ;
#6683 = LINE ( 'NONE', #5926, #3579 ) ;
#6684 = LINE ( 'NONE', #2880, #5189 ) ;
#6685 = VECTOR ( 'NONE', #3224, 1000.000000000000000 ) ;
#6686 = DIRECTION ( 'NONE',  ( -0.0000000000000000000, 1.000000000000000000, -0.0000000000000000000 ) ) ;
#6687 = CIRCLE ( 'NONE', #6763, 0.1000000000000000500 ) ;
#6688 = DIRECTION ( 'NONE',  ( 0.0000000000000000000, -1.000000000000000000, 0.0000000000000000000 ) ) ;
#6689 = CARTESIAN_POINT ( 'NONE',  ( 13.63043069035443200, 5.620000000000002800, 6.616833913685942600 ) ) ;
#6690 = DIRECTION ( 'NONE',  ( -1.156482317317869000E-015, 0.0000000000000000000, -1.000000000000000000 ) ) ;
#6691 = ORIENTED_EDGE ( 'NONE', *, *, #3347, .F. ) ;
#6692 = FACE_OUTER_BOUND ( 'NONE', #3626, .T. ) ;
#6693 = CIRCLE ( 'NONE', #1410, 11.11500000000000400 ) ;
#6694 = CARTESIAN_POINT ( 'NONE',  ( -13.69999999999999800, 1.720000000000000600, 6.544999999999995500 ) ) ;
#6695 = DIRECTION ( 'NONE',  ( 5.239278459556230500E-016, 0.0000000000000000000, -1.000000000000000000 ) ) ;
#6696 = AXIS2_PLACEMENT_3D ( 'NONE', #5763, #2477, #3038 ) ;
#6697 = CARTESIAN_POINT ( 'NONE',  ( 12.36848664453580100, 5.620000000000000100, -10.79499999999999800 ) ) ;
#6698 = EDGE_CURVE ( 'NONE', #2149, #2804, #1673, .T. ) ;
#6699 = CARTESIAN_POINT ( 'NONE',  ( -12.34000000000001100, 5.400000000000000400, -9.895000000000008500 ) ) ;
#6700 = LINE ( 'NONE', #4368, #5476 ) ;
#6701 = CIRCLE ( 'NONE', #5222, 0.2999999999999999300 ) ;
#6702 = LINE ( 'NONE', #5175, #6298 ) ;
#6703 = EDGE_LOOP ( 'NONE', ( #4712, #2856, #4144, #6959 ) ) ;
#6704 = ORIENTED_EDGE ( 'NONE', *, *, #657, .F. ) ;
#6705 = EDGE_CURVE ( 'NONE', #6980, #6679, #6767, .T. ) ;
#6706 = CARTESIAN_POINT ( 'NONE',  ( 13.60000000000001000, 5.400000000000000400, -6.895000000000020900 ) ) ;
#6707 = VERTEX_POINT ( 'NONE', #637 ) ;
#6708 = DIRECTION ( 'NONE',  ( 0.0000000000000000000, -1.000000000000000000, 0.0000000000000000000 ) ) ;
#6709 = CIRCLE ( 'NONE', #4415, 12.50000000000000000 ) ;
#6710 = LINE ( 'NONE', #1212, #5230 ) ;
#6711 = ORIENTED_EDGE ( 'NONE', *, *, #1239, .T. ) ;
#6712 = ORIENTED_EDGE ( 'NONE', *, *, #132, .T. ) ;
#6713 = CARTESIAN_POINT ( 'NONE',  ( -18.36499999999999800, 0.2000000000000068400, -4.445000000000021600 ) ) ;
#6714 = CARTESIAN_POINT ( 'NONE',  ( -13.60000000000001000, 3.420000000000027500, -6.895000000000020900 ) ) ;
#6715 = ORIENTED_EDGE ( 'NONE', *, *, #5413, .T. ) ;
#6716 =( NAMED_UNIT ( * ) PLANE_ANGLE_UNIT ( ) SI_UNIT ( $, .RADIAN. ) );
#6717 = VERTEX_POINT ( 'NONE', #2663 ) ;
#6718 = CIRCLE ( 'NONE', #3521, 1.500000000000001300 ) ;
#6719 = AXIS2_PLACEMENT_3D ( 'NONE', #3703, #4181, #1440 ) ;
#6720 = ORIENTED_EDGE ( 'NONE', *, *, #4424, .T. ) ;
#6721 = VERTEX_POINT ( 'NONE', #4491 ) ;
#6722 = ORIENTED_EDGE ( 'NONE', *, *, #1273, .T. ) ;
#6723 = DIRECTION ( 'NONE',  ( 1.000000000000000000, -0.0000000000000000000, 0.0000000000000000000 ) ) ;
#6724 = ORIENTED_EDGE ( 'NONE', *, *, #1666, .T. ) ;
#6725 = VERTEX_POINT ( 'NONE', #10 ) ;
#6726 = LINE ( 'NONE', #6886, #3468 ) ;
#6727 = CARTESIAN_POINT ( 'NONE',  ( 12.59999999999999800, 5.400000000000000400, 9.834999999999979500 ) ) ;
#6728 = VERTEX_POINT ( 'NONE', #2821 ) ;
#6729 = CARTESIAN_POINT ( 'NONE',  ( 13.34000000000000900, 5.400000000000000400, 6.579228774286547400 ) ) ;
#6730 = ORIENTED_EDGE ( 'NONE', *, *, #4847, .F. ) ;
#6731 = EDGE_CURVE ( 'NONE', #5349, #2067, #119, .T. ) ;
#6732 = PLANE ( 'NONE',  #3236 ) ;
#6733 = DIRECTION ( 'NONE',  ( 1.000000000000000000, 0.0000000000000000000, 0.0000000000000000000 ) ) ;
#6734 = EDGE_CURVE ( 'NONE', #5870, #1799, #3250, .T. ) ;
#6735 = FACE_BOUND ( 'NONE', #4802, .T. ) ;
#6736 = DIRECTION ( 'NONE',  ( 0.0000000000000000000, 0.0000000000000000000, -1.000000000000000000 ) ) ;
#6737 = ORIENTED_EDGE ( 'NONE', *, *, #5261, .F. ) ;
#6738 = DIRECTION ( 'NONE',  ( 0.0000000000000000000, 0.0000000000000000000, -1.000000000000000000 ) ) ;
#6739 = CARTESIAN_POINT ( 'NONE',  ( 5.079999999999996500, 4.383326286608009600, -3.247895313489022900 ) ) ;
#6740 = VECTOR ( 'NONE', #1208, 1000.000000000000000 ) ;
#6741 = CARTESIAN_POINT ( 'NONE',  ( 13.69999999999999800, -0.4131883529488403800, 6.544999999999995500 ) ) ;
#6742 = EDGE_LOOP ( 'NONE', ( #689, #1, #5883, #6318 ) ) ;
#6743 = ORIENTED_EDGE ( 'NONE', *, *, #6943, .T. ) ;
#6744 = DIRECTION ( 'NONE',  ( 3.649657616083114900E-016, -1.000000000000000000, -3.491481338843133400E-015 ) ) ;
#6745 = VECTOR ( 'NONE', #1321, 1000.000000000000000 ) ;
#6746 = ORIENTED_EDGE ( 'NONE', *, *, #7002, .T. ) ;
#6747 = ORIENTED_EDGE ( 'NONE', *, *, #4698, .T. ) ;
#6748 = DIRECTION ( 'NONE',  ( 1.953517427901810700E-016, -1.000000000000000000, 0.0000000000000000000 ) ) ;
#6749 = VERTEX_POINT ( 'NONE', #6162 ) ;
#6750 = DIRECTION ( 'NONE',  ( -1.000000000000000000, 0.0000000000000000000, 1.101411730778925300E-016 ) ) ;
#6751 = EDGE_CURVE ( 'NONE', #2681, #4198, #209, .T. ) ;
#6752 = AXIS2_PLACEMENT_3D ( 'NONE', #1827, #86, #3407 ) ;
#6753 = DIRECTION ( 'NONE',  ( 0.0000000000000000000, -1.000000000000000000, 0.0000000000000000000 ) ) ;
#6754 = AXIS2_PLACEMENT_3D ( 'NONE', #2277, #641, #3933 ) ;
#6755 = DIRECTION ( 'NONE',  ( 0.0000000000000000000, -1.000000000000000000, 0.0000000000000000000 ) ) ;
#6756 = LINE ( 'NONE', #1335, #5803 ) ;
#6757 = VECTOR ( 'NONE', #6884, 1000.000000000000000 ) ;
#6758 = DIRECTION ( 'NONE',  ( -1.000000000000000000, -0.0000000000000000000, -0.0000000000000000000 ) ) ;
#6759 = CYLINDRICAL_SURFACE ( 'NONE', #5213, 11.11500000000000200 ) ;
#6760 = CARTESIAN_POINT ( 'NONE',  ( 12.59999999999999600, 5.720000000000000600, 6.544999999999995500 ) ) ;
#6761 = LINE ( 'NONE', #4393, #4592 ) ;
#6762 = LINE ( 'NONE', #4390, #3161 ) ;
#6763 = AXIS2_PLACEMENT_3D ( 'NONE', #5916, #3745, #3185 ) ;
#6764 = EDGE_CURVE ( 'NONE', #4644, #4092, #3670, .T. ) ;
#6766 = CARTESIAN_POINT ( 'NONE',  ( -5.079999999999996500, 4.383326286608009600, -3.247895313489022900 ) ) ;
#6765 = PRESENTATION_LAYER_ASSIGNMENT (  '', '', ( #5554 ) ) ;
#6767 = LINE ( 'NONE', #4336, #1592 ) ;
#6768 = DIRECTION ( 'NONE',  ( -1.000000000000000000, 0.0000000000000000000, 0.0000000000000000000 ) ) ;
#6769 = ORIENTED_EDGE ( 'NONE', *, *, #292, .T. ) ;
#6770 = VECTOR ( 'NONE', #2595, 1000.000000000000000 ) ;
#6771 = VECTOR ( 'NONE', #1016, 1000.000000000000000 ) ;
#6772 = DIRECTION ( 'NONE',  ( 0.0000000000000000000, -1.000000000000000000, 0.0000000000000000000 ) ) ;
#6773 = CARTESIAN_POINT ( 'NONE',  ( 9.991930185743171900, 4.430000000000000600, -10.89500000000000300 ) ) ;
#6774 = AXIS2_PLACEMENT_3D ( 'NONE', #5368, #2017, #2091 ) ;
#6775 = EDGE_CURVE ( 'NONE', #680, #832, #5108, .T. ) ;
#6776 = CARTESIAN_POINT ( 'NONE',  ( 13.34000000000001200, 1.000000000000001300, -10.89500000000000300 ) ) ;
#6777 = VERTEX_POINT ( 'NONE', #5015 ) ;
#6778 = DIRECTION ( 'NONE',  ( -0.0000000000000000000, 1.000000000000000000, -0.0000000000000000000 ) ) ;
#6779 = CARTESIAN_POINT ( 'NONE',  ( 16.03250000000000200, 0.2000000000000110900, -1.905000000000022000 ) ) ;
#6780 = VECTOR ( 'NONE', #6562, 1000.000000000000000 ) ;
#6781 = CARTESIAN_POINT ( 'NONE',  ( -1.734723475976806700E-015, 5.400000000000000400, -2.805000000000021900 ) ) ;
#6782 = DIRECTION ( 'NONE',  ( -3.283444187973253400E-015, -1.000000000000000000, 0.0000000000000000000 ) ) ;
#6783 = DIRECTION ( 'NONE',  ( 1.000000000000000000, 1.953517427901810700E-016, 0.0000000000000000000 ) ) ;
#6784 = AXIS2_PLACEMENT_3D ( 'NONE', #6088, #3383, #5546 ) ;
#6785 = ADVANCED_FACE ( 'NONE', ( #5196 ), #1408, .T. ) ;
#6786 = LINE ( 'NONE', #6427, #2060 ) ;
#6787 = EDGE_CURVE ( 'NONE', #2434, #760, #2299, .T. ) ;
#6788 = EDGE_CURVE ( 'NONE', #2948, #1507, #3854, .T. ) ;
#6789 = ORIENTED_EDGE ( 'NONE', *, *, #3568, .T. ) ;
#6790 = DIRECTION ( 'NONE',  ( 0.0000000000000000000, 0.0000000000000000000, 1.000000000000000000 ) ) ;
#6791 = PLANE ( 'NONE',  #1066 ) ;
#6792 = VERTEX_POINT ( 'NONE', #2273 ) ;
#6793 = CIRCLE ( 'NONE', #4008, 0.2999999999999999300 ) ;
#6794 = DIRECTION ( 'NONE',  ( 0.0000000000000000000, 0.0000000000000000000, -1.000000000000000000 ) ) ;
#6795 = EDGE_LOOP ( 'NONE', ( #2369, #3466, #5714, #5198 ) ) ;
#6796 = EDGE_CURVE ( 'NONE', #5423, #4635, #4362, .T. ) ;
#6797 = CIRCLE ( 'NONE', #3442, 0.1000000000000028600 ) ;
#6799 = AXIS2_PLACEMENT_3D ( 'NONE', #3368, #6187, #3085 ) ;
#6798 = DIRECTION ( 'NONE',  ( 0.0000000000000000000, 0.0000000000000000000, 1.000000000000000000 ) ) ;
#6800 = ORIENTED_EDGE ( 'NONE', *, *, #3080, .T. ) ;
#6801 = EDGE_LOOP ( 'NONE', ( #4719, #6053, #5842, #3624 ) ) ;
#6802 = CARTESIAN_POINT ( 'NONE',  ( 12.47087396392811700, 0.02602734134864158000, -10.15674792785606700 ) ) ;
#6803 = CARTESIAN_POINT ( 'NONE',  ( -1.734723475976806700E-015, 3.879999999999999900, -2.805000000000021900 ) ) ;
#6804 = ORIENTED_EDGE ( 'NONE', *, *, #7036, .T. ) ;
#6805 = ORIENTED_EDGE ( 'NONE', *, *, #6268, .T. ) ;
#6806 = CYLINDRICAL_SURFACE ( 'NONE', #798, 0.9999999999999991100 ) ;
#6807 = DIRECTION ( 'NONE',  ( 8.572527594031491700E-017, -1.000000000000000000, -0.0000000000000000000 ) ) ;
#6808 = ORIENTED_EDGE ( 'NONE', *, *, #1158, .F. ) ;
#6809 = ORIENTED_EDGE ( 'NONE', *, *, #4582, .T. ) ;
#6810 = EDGE_CURVE ( 'NONE', #443, #5534, #6175, .T. ) ;
#6811 = ORIENTED_EDGE ( 'NONE', *, *, #6512, .T. ) ;
#6812 = AXIS2_PLACEMENT_3D ( 'NONE', #4768, #4232, #1439 ) ;
#6813 = CARTESIAN_POINT ( 'NONE',  ( -6.659999999999999300, 3.879999999999998100, -15.30500000000002300 ) ) ;
#6814 = DIRECTION ( 'NONE',  ( -0.0000000000000000000, -0.0000000000000000000, -1.000000000000000000 ) ) ;
#6815 = VERTEX_POINT ( 'NONE', #3912 ) ;
#6816 = DIRECTION ( 'NONE',  ( 0.0000000000000000000, -0.0000000000000000000, -1.000000000000000000 ) ) ;
#6817 = VERTEX_POINT ( 'NONE', #3928 ) ;
#6818 = TOROIDAL_SURFACE ( 'NONE', #2203, 1.500000000000002700, 1.000000000000000000 ) ;
#6819 = ORIENTED_EDGE ( 'NONE', *, *, #3365, .F. ) ;
#6820 = DIRECTION ( 'NONE',  ( -0.0000000000000000000, -1.000000000000000000, -4.034240641806527500E-015 ) ) ;
#6821 = DIRECTION ( 'NONE',  ( 0.5832407619048183300, 0.0000000000000000000, -0.8122993374690682400 ) ) ;
#6822 = ORIENTED_EDGE ( 'NONE', *, *, #3685, .T. ) ;
#6823 = DIRECTION ( 'NONE',  ( -1.000000000000000000, 0.0000000000000000000, 0.0000000000000000000 ) ) ;
#6824 = DIRECTION ( 'NONE',  ( 1.000000000000000000, 0.0000000000000000000, -1.363460477434492400E-016 ) ) ;
#6825 = VERTEX_POINT ( 'NONE', #3357 ) ;
#6826 = AXIS2_PLACEMENT_3D ( 'NONE', #583, #4395, #2262 ) ;
#6827 = EDGE_CURVE ( 'NONE', #147, #6721, #1851, .T. ) ;
#6828 = FACE_OUTER_BOUND ( 'NONE', #3129, .T. ) ;
#6829 = EDGE_LOOP ( 'NONE', ( #6247, #2782, #3796, #6809 ) ) ;
#6830 = ADVANCED_FACE ( 'NONE', ( #6437 ), #295, .T. ) ;
#6831 = CARTESIAN_POINT ( 'NONE',  ( -11.99833690602219400, 5.400000000000000400, 12.26152045557933700 ) ) ;
#6832 = CARTESIAN_POINT ( 'NONE',  ( 14.88750000000000100, 0.2000000000000109700, -1.905000000000022200 ) ) ;
#6833 = DIRECTION ( 'NONE',  ( 0.0000000000000000000, -1.000000000000000000, 0.0000000000000000000 ) ) ;
#6834 = CARTESIAN_POINT ( 'NONE',  ( -1.734723475976806700E-015, 5.400000000000000400, -2.805000000000021900 ) ) ;
#6835 = CYLINDRICAL_SURFACE ( 'NONE', #3314, 3.615780127642022700 ) ;
#6836 = CARTESIAN_POINT ( 'NONE',  ( -13.81844900620361300, 0.0000000000000000000, 8.960138857142752000 ) ) ;
#6837 = AXIS2_PLACEMENT_3D ( 'NONE', #2194, #6012, #4355 ) ;
#6838 = CARTESIAN_POINT ( 'NONE',  ( -7.553324042085684200, 5.720000000000000600, 10.86008716871933400 ) ) ;
#6839 = EDGE_CURVE ( 'NONE', #4672, #7151, #3768, .T. ) ;
#6840 = FACE_OUTER_BOUND ( 'NONE', #4557, .T. ) ;
#6841 = CARTESIAN_POINT ( 'NONE',  ( -12.43816849026793900, 9.255405423103411400E-005, -9.993168490268255200 ) ) ;
#6842 = ORIENTED_EDGE ( 'NONE', *, *, #3990, .F. ) ;
#6843 = ORIENTED_EDGE ( 'NONE', *, *, #5910, .T. ) ;
#6844 = ORIENTED_EDGE ( 'NONE', *, *, #1069, .T. ) ;
#6845 = CARTESIAN_POINT ( 'NONE',  ( 18.36499999999999800, 0.2000000000000068400, 0.6349999999999784700 ) ) ;
#6846 = CARTESIAN_POINT ( 'NONE',  ( 13.60000000000001000, 1.720000000000006200, -4.445000000000021600 ) ) ;
#6847 = EDGE_CURVE ( 'NONE', #4192, #786, #1765, .T. ) ;
#6848 = VERTEX_POINT ( 'NONE', #2847 ) ;
#6849 = CARTESIAN_POINT ( 'NONE',  ( -12.84000000000001100, 1.000000000000001800, -10.89500000000000700 ) ) ;
#6850 = DIRECTION ( 'NONE',  ( -3.469446951953613400E-015, 1.000000000000000000, 4.379057701015053300E-047 ) ) ;
#6851 = CARTESIAN_POINT ( 'NONE',  ( -8.673617379884035500E-015, 5.400000000000000400, 60.65107638281947500 ) ) ;
#6852 = VECTOR ( 'NONE', #1993, 1000.000000000000000 ) ;
#6853 = SPHERICAL_SURFACE ( 'NONE', #3313, 0.5350000000000099100 ) ;
#6854 = DIRECTION ( 'NONE',  ( 0.0000000000000000000, 0.0000000000000000000, -1.000000000000000000 ) ) ;
#6855 = VECTOR ( 'NONE', #7053, 1000.000000000000000 ) ;
#6856 = EDGE_CURVE ( 'NONE', #5319, #3772, #1945, .T. ) ;
#6857 = PLANE ( 'NONE',  #3859 ) ;
#6858 = DIRECTION ( 'NONE',  ( 0.0000000000000000000, -1.000000000000000000, 0.0000000000000000000 ) ) ;
#6859 = ORIENTED_EDGE ( 'NONE', *, *, #2314, .T. ) ;
#6860 = VECTOR ( 'NONE', #1204, 1000.000000000000000 ) ;
#6861 = PLANE ( 'NONE',  #99 ) ;
#6862 = ADVANCED_FACE ( 'NONE', ( #2902 ), #1243, .F. ) ;
#6863 = DIRECTION ( 'NONE',  ( 0.0000000000000000000, 1.000000000000000000, 0.0000000000000000000 ) ) ;
#6864 = AXIS2_PLACEMENT_3D ( 'NONE', #5650, #1828, #5161 ) ;
#6865 = EDGE_CURVE ( 'NONE', #1225, #6023, #4521, .T. ) ;
#6866 = CARTESIAN_POINT ( 'NONE',  ( -13.60000000000001000, 3.420000000000027500, -6.895000000000020900 ) ) ;
#6867 = ORIENTED_EDGE ( 'NONE', *, *, #454, .F. ) ;
#6868 = FACE_OUTER_BOUND ( 'NONE', #3201, .T. ) ;
#6869 = DIRECTION ( 'NONE',  ( 1.000000000000000000, 0.0000000000000000000, 0.0000000000000000000 ) ) ;
#6870 = VECTOR ( 'NONE', #2261, 1000.000000000000000 ) ;
#6871 = PLANE ( 'NONE',  #4061 ) ;
#6872 = DIRECTION ( 'NONE',  ( 0.0000000000000000000, 0.0000000000000000000, -1.000000000000000000 ) ) ;
#6873 = FACE_OUTER_BOUND ( 'NONE', #5412, .T. ) ;
#6874 = EDGE_CURVE ( 'NONE', #4260, #3430, #6949, .T. ) ;
#6875 = ORIENTED_EDGE ( 'NONE', *, *, #4074, .F. ) ;
#6876 = VECTOR ( 'NONE', #5463, 1000.000000000000000 ) ;
#6877 = CARTESIAN_POINT ( 'NONE',  ( -12.34000000000001200, 1.084202172485504400E-016, -9.895000000000008500 ) ) ;
#6878 = CARTESIAN_POINT ( 'NONE',  ( -13.60000000000001000, 3.420000000000027500, -6.895000000000020900 ) ) ;
#6879 = AXIS2_PLACEMENT_3D ( 'NONE', #4381, #2145, #7064 ) ;
#6880 = VECTOR ( 'NONE', #2289, 1000.000000000000000 ) ;
#6881 = ORIENTED_EDGE ( 'NONE', *, *, #1926, .T. ) ;
#6882 = DIRECTION ( 'NONE',  ( 0.0000000000000000000, -1.000000000000000000, 0.0000000000000000000 ) ) ;
#6883 = VERTEX_POINT ( 'NONE', #1789 ) ;
#6884 = DIRECTION ( 'NONE',  ( 1.101411730778925200E-016, -0.0000000000000000000, -1.000000000000000000 ) ) ;
#6885 = VERTEX_POINT ( 'NONE', #122 ) ;
#6886 = CARTESIAN_POINT ( 'NONE',  ( -1.500000000000000000, 5.400000000000000400, 9.818321446800455400 ) ) ;
#6887 = ORIENTED_EDGE ( 'NONE', *, *, #225, .T. ) ;
#6888 = DIRECTION ( 'NONE',  ( 1.000000000000000000, 0.0000000000000000000, -1.363460477434492400E-016 ) ) ;
#6889 = LINE ( 'NONE', #3062, #161 ) ;
#6890 = PLANE ( 'NONE',  #6070 ) ;
#6891 = DIRECTION ( 'NONE',  ( 0.8122993374690687900, 0.0000000000000000000, -0.5832407619048174400 ) ) ;
#6892 = VECTOR ( 'NONE', #7157, 1000.000000000000000 ) ;
#6893 = ORIENTED_EDGE ( 'NONE', *, *, #6140, .T. ) ;
#6894 = ORIENTED_EDGE ( 'NONE', *, *, #5541, .T. ) ;
#6895 = EDGE_CURVE ( 'NONE', #1209, #6885, #640, .T. ) ;
#6896 = EDGE_CURVE ( 'NONE', #690, #6391, #2728, .T. ) ;
#6897 = ADVANCED_FACE ( 'NONE', ( #3243 ), #6238, .T. ) ;
#6898 = AXIS2_PLACEMENT_3D ( 'NONE', #5473, #3838, #7115 ) ;
#6899 = AXIS2_PLACEMENT_3D ( 'NONE', #4516, #6167, #4532 ) ;
#6900 = ORIENTED_EDGE ( 'NONE', *, *, #1446, .T. ) ;
#6901 = ORIENTED_EDGE ( 'NONE', *, *, #839, .F. ) ;
#6902 = VECTOR ( 'NONE', #3543, 1000.000000000000000 ) ;
#6903 = DIRECTION ( 'NONE',  ( 0.0000000000000000000, 0.0000000000000000000, -1.000000000000000000 ) ) ;
#6904 = EDGE_LOOP ( 'NONE', ( #3145, #2182, #6975, #5676 ) ) ;
#6905 = CARTESIAN_POINT ( 'NONE',  ( 1.500000000000000000, 5.200000000000001100, -14.20675425099154600 ) ) ;
#6906 = ORIENTED_EDGE ( 'NONE', *, *, #5646, .F. ) ;
#6907 = DIRECTION ( 'NONE',  ( -1.000000000000000000, 0.0000000000000000000, -0.0000000000000000000 ) ) ;
#6908 = ORIENTED_EDGE ( 'NONE', *, *, #3906, .T. ) ;
#6909 = VECTOR ( 'NONE', #2972, 1000.000000000000000 ) ;
#6910 = EDGE_CURVE ( 'NONE', #2067, #2639, #4680, .T. ) ;
#6911 = DIRECTION ( 'NONE',  ( 0.0000000000000000000, 0.0000000000000000000, 1.000000000000000000 ) ) ;
#6912 = CARTESIAN_POINT ( 'NONE',  ( -6.659999999999999300, 5.399999999999998600, -13.38301493665047000 ) ) ;
#6913 = DIRECTION ( 'NONE',  ( 8.572527594031492900E-017, 1.000000000000000000, -0.0000000000000000000 ) ) ;
#6914 = VERTEX_POINT ( 'NONE', #2341 ) ;
#6915 = PLANE ( 'NONE',  #7075 ) ;
#6916 = ORIENTED_EDGE ( 'NONE', *, *, #1068, .F. ) ;
#6917 = FACE_OUTER_BOUND ( 'NONE', #1464, .T. ) ;
#6918 = DIRECTION ( 'NONE',  ( -0.8122993374690677900, 0.0000000000000000000, -0.5832407619048189900 ) ) ;
#6919 = ORIENTED_EDGE ( 'NONE', *, *, #3247, .F. ) ;
#6920 = AXIS2_PLACEMENT_3D ( 'NONE', #5311, #5262, #395 ) ;
#6921 = VECTOR ( 'NONE', #2776, 1000.000000000000000 ) ;
#6922 = ORIENTED_EDGE ( 'NONE', *, *, #3480, .F. ) ;
#6923 = CARTESIAN_POINT ( 'NONE',  ( -13.50000000000001600, 3.420000000000027900, -6.895000000000020900 ) ) ;
#6924 = DIRECTION ( 'NONE',  ( -1.000000000000000000, 0.0000000000000000000, 0.0000000000000000000 ) ) ;
#6925 = CARTESIAN_POINT ( 'NONE',  ( -12.84000000000001100, 1.000000000000000000, -10.89500000000000700 ) ) ;
#6926 = DIRECTION ( 'NONE',  ( 1.000000000000000000, 0.0000000000000000000, -0.0000000000000000000 ) ) ;
#6927 = DIRECTION ( 'NONE',  ( 0.0000000000000000000, 0.0000000000000000000, 1.000000000000000000 ) ) ;
#6928 = VECTOR ( 'NONE', #2008, 1000.000000000000000 ) ;
#6929 = DIRECTION ( 'NONE',  ( -1.000000000000000000, -0.0000000000000000000, -0.0000000000000000000 ) ) ;
#6930 = AXIS2_PLACEMENT_3D ( 'NONE', #1556, #4735, #2737 ) ;
#6931 = ORIENTED_EDGE ( 'NONE', *, *, #5787, .F. ) ;
#6932 = VERTEX_POINT ( 'NONE', #4511 ) ;
#6933 = EDGE_CURVE ( 'NONE', #3725, #5078, #4515, .T. ) ;
#6934 = CARTESIAN_POINT ( 'NONE',  ( -12.47092326208951500, 1.084202172485504400E-016, -9.960461631044758200 ) ) ;
#6935 = DIRECTION ( 'NONE',  ( -1.363460477434492400E-016, 0.0000000000000000000, 1.000000000000000000 ) ) ;
#6936 = ADVANCED_FACE ( 'NONE', ( #5378 ), #2459, .T. ) ;
#6937 = CIRCLE ( 'NONE', #4136, 1.500000000000001300 ) ;
#6938 = LINE ( 'NONE', #6339, #3843 ) ;
#6939 = DIRECTION ( 'NONE',  ( 0.0000000000000000000, -1.224646799147353200E-016, 1.000000000000000000 ) ) ;
#6940 = CIRCLE ( 'NONE', #18, 1.795000000000010100 ) ;
#6941 = CARTESIAN_POINT ( 'NONE',  ( -13.40000000000001300, 2.640753569145180000, -6.895000000000020900 ) ) ;
#6942 = CARTESIAN_POINT ( 'NONE',  ( -2.220000000000002400, 5.399999999999999500, 9.844673495138421200 ) ) ;
#6943 = EDGE_CURVE ( 'NONE', #2339, #3463, #4858, .T. ) ;
#6944 = AXIS2_PLACEMENT_3D ( 'NONE', #5345, #4882, #507 ) ;
#6945 = CARTESIAN_POINT ( 'NONE',  ( 6.079999999999998300, 4.586705258258603200, -1.544073054504602900 ) ) ;
#6946 = DIRECTION ( 'NONE',  ( 0.0000000000000000000, 0.9662102834940518000, -0.2577550931996184200 ) ) ;
#6947 = LINE ( 'NONE', #3273, #4013 ) ;
#6948 = CIRCLE ( 'NONE', #5400, 1.145000000000000200 ) ;
#6949 = LINE ( 'NONE', #2914, #5026 ) ;
#6950 = CARTESIAN_POINT ( 'NONE',  ( -7.553324042085684200, 5.919999999999999900, 10.86008716871933400 ) ) ;
#6951 = CARTESIAN_POINT ( 'NONE',  ( 13.39999999999999300, 5.620000000000001900, 6.544999999999995500 ) ) ;
#6952 = DIRECTION ( 'NONE',  ( 0.0000000000000000000, 1.000000000000000000, 0.0000000000000000000 ) ) ;
#6953 = DIRECTION ( 'NONE',  ( -0.6956930964556222700, -0.0000000000000000000, 0.7183391368594559400 ) ) ;
#6954 = VERTEX_POINT ( 'NONE', #5287 ) ;
#6955 = FACE_OUTER_BOUND ( 'NONE', #2738, .T. ) ;
#6956 = EDGE_CURVE ( 'NONE', #784, #551, #996, .T. ) ;
#6957 = DIRECTION ( 'NONE',  ( 1.000000000000000000, -0.0000000000000000000, -0.0000000000000000000 ) ) ;
#6958 = FACE_OUTER_BOUND ( 'NONE', #1279, .T. ) ;
#6959 = ORIENTED_EDGE ( 'NONE', *, *, #2000, .T. ) ;
#6960 = DIRECTION ( 'NONE',  ( 0.0000000000000000000, 0.0000000000000000000, -1.000000000000000000 ) ) ;
#6961 = DIRECTION ( 'NONE',  ( -1.000000000000000000, 0.0000000000000000000, 0.0000000000000000000 ) ) ;
#6962 = DIRECTION ( 'NONE',  ( -0.0000000000000000000, -1.000000000000000000, -0.0000000000000000000 ) ) ;
#6963 = LINE ( 'NONE', #2152, #6780 ) ;
#6964 = CARTESIAN_POINT ( 'NONE',  ( -4.079999999999998300, 4.383326286608009600, -1.569848563824564300 ) ) ;
#6965 = AXIS2_PLACEMENT_3D ( 'NONE', #4280, #7054, #450 ) ;
#6966 = CARTESIAN_POINT ( 'NONE',  ( -13.59999999999999600, 5.620000000000002800, 6.544999999999995500 ) ) ;
#6967 = CIRCLE ( 'NONE', #730, 0.09999999999999982500 ) ;
#6968 = ADVANCED_FACE ( 'NONE', ( #1162 ), #3932, .T. ) ;
#6969 = ORIENTED_EDGE ( 'NONE', *, *, #4765, .T. ) ;
#6970 = ADVANCED_FACE ( 'NONE', ( #5809 ), #2020, .F. ) ;
#6971 = DIRECTION ( 'NONE',  ( 0.0000000000000000000, 0.0000000000000000000, 1.000000000000000000 ) ) ;
#6972 = CARTESIAN_POINT ( 'NONE',  ( -13.34000000000001100, 1.000000000000000000, -10.39500000000000700 ) ) ;
#6973 = EDGE_LOOP ( 'NONE', ( #6592, #5622, #2415, #4723, #2503, #4940 ) ) ;
#6974 = AXIS2_PLACEMENT_3D ( 'NONE', #6988, #4266, #5 ) ;
#6975 = ORIENTED_EDGE ( 'NONE', *, *, #6705, .T. ) ;
#6976 = LINE ( 'NONE', #1537, #2481 ) ;
#6977 = CARTESIAN_POINT ( 'NONE',  ( -8.673617379884035500E-015, 5.400000000000000400, 60.65107638281947500 ) ) ;
#6978 = EDGE_CURVE ( 'NONE', #60, #3235, #113, .T. ) ;
#6979 = EDGE_CURVE ( 'NONE', #3746, #4314, #4354, .T. ) ;
#6980 = VERTEX_POINT ( 'NONE', #3653 ) ;
#6981 = CARTESIAN_POINT ( 'NONE',  ( 9.991930185743171900, 5.720000000000000600, -11.09499999999999900 ) ) ;
#6982 = LINE ( 'NONE', #691, #3529 ) ;
#6983 = ADVANCED_FACE ( 'NONE', ( #3059, #5547 ), #4180, .T. ) ;
#6984 = ORIENTED_EDGE ( 'NONE', *, *, #6016, .T. ) ;
#6985 = CARTESIAN_POINT ( 'NONE',  ( 2.500000000000001800, 0.0000000000000000000, 8.925199674982893700 ) ) ;
#6986 = AXIS2_PLACEMENT_3D ( 'NONE', #487, #501, #4315 ) ;
#6987 = ORIENTED_EDGE ( 'NONE', *, *, #928, .F. ) ;
#6988 = CARTESIAN_POINT ( 'NONE',  ( -13.60000000000001000, 1.720000000000006200, 0.6349999999999784700 ) ) ;
#6989 = ORIENTED_EDGE ( 'NONE', *, *, #6215, .F. ) ;
#6990 = VECTOR ( 'NONE', #2006, 1000.000000000000000 ) ;
#6991 = ORIENTED_EDGE ( 'NONE', *, *, #7055, .F. ) ;
#6992 = DIRECTION ( 'NONE',  ( 0.0000000000000000000, -1.000000000000000000, 0.0000000000000000000 ) ) ;
#6993 = PLANE ( 'NONE',  #4933 ) ;
#6994 = ORIENTED_EDGE ( 'NONE', *, *, #3608, .T. ) ;
#6995 = ORIENTED_EDGE ( 'NONE', *, *, #6060, .T. ) ;
#6996 = EDGE_LOOP ( 'NONE', ( #4085, #518, #4388, #6644, #3171, #2802, #3198, #6196 ) ) ;
#6997 = PLANE ( 'NONE',  #3014 ) ;
#6998 = EDGE_LOOP ( 'NONE', ( #4726, #2167, #2934, #5507 ) ) ;
#6999 = LINE ( 'NONE', #5644, #3203 ) ;
#7000 = ORIENTED_EDGE ( 'NONE', *, *, #3922, .F. ) ;
#7001 = ORIENTED_EDGE ( 'NONE', *, *, #5468, .T. ) ;
#7002 = EDGE_CURVE ( 'NONE', #3034, #856, #6940, .T. ) ;
#7003 = DIRECTION ( 'NONE',  ( -0.0000000000000000000, 1.000000000000000000, -0.0000000000000000000 ) ) ;
#7004 = CARTESIAN_POINT ( 'NONE',  ( 12.93983222366684800, 0.1895873327363323000, -7.892680361571224900 ) ) ;
#7005 = DIRECTION ( 'NONE',  ( 0.0000000000000000000, 1.000000000000000000, 0.0000000000000000000 ) ) ;
#7006 = PLANE ( 'NONE',  #538 ) ;
#7007 = ORIENTED_EDGE ( 'NONE', *, *, #6258, .T. ) ;
#7008 = PLANE ( 'NONE',  #4729 ) ;
#7009 = CARTESIAN_POINT ( 'NONE',  ( -13.34000000000001600, 0.4142135623730960900, -10.39500000000000700 ) ) ;
#7010 = CIRCLE ( 'NONE', #977, 1.145000000000000200 ) ;
#7011 = ORIENTED_EDGE ( 'NONE', *, *, #5082, .F. ) ;
#7012 = ADVANCED_FACE ( 'NONE', ( #2647 ), #3050, .T. ) ;
#7013 = EDGE_CURVE ( 'NONE', #7178, #79, #2893, .T. ) ;
#7014 = VECTOR ( 'NONE', #4450, 1000.000000000000200 ) ;
#7015 = CARTESIAN_POINT ( 'NONE',  ( 4.079999999999998300, 4.683326286608007600, -1.569848563824564300 ) ) ;
#7016 = ADVANCED_FACE ( 'NONE', ( #2121 ), #6759, .F. ) ;
#7017 = CARTESIAN_POINT ( 'NONE',  ( 13.50000000000001600, 3.420000000000027900, -6.895000000000020900 ) ) ;
#7018 = CARTESIAN_POINT ( 'NONE',  ( 13.59999999999999600, 5.720000000000000600, 6.544999999999995500 ) ) ;
#7019 = CARTESIAN_POINT ( 'NONE',  ( 13.60000000000001000, 3.420000000000027500, -6.895000000000020900 ) ) ;
#7020 = DIRECTION ( 'NONE',  ( 0.0000000000000000000, 0.0000000000000000000, -1.000000000000000000 ) ) ;
#7021 = FACE_BOUND ( 'NONE', #5768, .T. ) ;
#7022 = ORIENTED_EDGE ( 'NONE', *, *, #4267, .F. ) ;
#7023 = ORIENTED_EDGE ( 'NONE', *, *, #1069, .F. ) ;
#7024 = ORIENTED_EDGE ( 'NONE', *, *, #3757, .F. ) ;
#7025 = CARTESIAN_POINT ( 'NONE',  ( 13.30000000000000100, 5.920000000000001700, -9.205000000000005400 ) ) ;
#7026 = DIRECTION ( 'NONE',  ( 0.0000000000000000000, -1.000000000000000000, 0.0000000000000000000 ) ) ;
#7027 = AXIS2_PLACEMENT_3D ( 'NONE', #726, #6251, #4541 ) ;
#7028 = ADVANCED_FACE ( 'NONE', ( #3582 ), #5277, .T. ) ;
#7029 = DIRECTION ( 'NONE',  ( 0.0000000000000000000, 0.0000000000000000000, -1.000000000000000000 ) ) ;
#7030 = DIRECTION ( 'NONE',  ( 1.000000000000000000, -0.0000000000000000000, -0.0000000000000000000 ) ) ;
#7031 = VERTEX_POINT ( 'NONE', #3581 ) ;
#7032 = DIRECTION ( 'NONE',  ( -1.000000000000000000, -3.025680481354897600E-015, 0.0000000000000000000 ) ) ;
#7033 = DIRECTION ( 'NONE',  ( 0.0000000000000000000, 0.9662102834940518000, -0.2577550931996183700 ) ) ;
#7034 = AXIS2_PLACEMENT_3D ( 'NONE', #4046, #3546, #1302 ) ;
#7035 = EDGE_CURVE ( 'NONE', #6825, #5265, #6340, .T. ) ;
#7036 = EDGE_CURVE ( 'NONE', #5139, #1567, #5459, .T. ) ;
#7037 = VECTOR ( 'NONE', #2720, 1000.000000000000000 ) ;
#7038 = VECTOR ( 'NONE', #5021, 1000.000000000000000 ) ;
#7039 = DIRECTION ( 'NONE',  ( 0.0000000000000000000, 0.0000000000000000000, -1.000000000000000000 ) ) ;
#7040 = DIRECTION ( 'NONE',  ( -0.0000000000000000000, 0.0000000000000000000, -1.000000000000000000 ) ) ;
#7041 = VECTOR ( 'NONE', #2447, 1000.000000000000000 ) ;
#7042 = LINE ( 'NONE', #5633, #6860 ) ;
#7043 = CARTESIAN_POINT ( 'NONE',  ( -13.34000000000001100, 5.400000000000000400, -10.39500000000000700 ) ) ;
#7044 = AXIS2_PLACEMENT_3D ( 'NONE', #5214, #1336, #2549 ) ;
#7045 = AXIS2_PLACEMENT_3D ( 'NONE', #5713, #5659, #3516 ) ;
#7046 = DIRECTION ( 'NONE',  ( 0.0000000000000000000, -1.000000000000000000, 0.0000000000000000000 ) ) ;
#7047 = ADVANCED_FACE ( 'NONE', ( #5720 ), #2652, .T. ) ;
#7048 = CARTESIAN_POINT ( 'NONE',  ( -8.673617379884035500E-015, 1.000000000000000000, 10.79619486309350200 ) ) ;
#7049 = EDGE_LOOP ( 'NONE', ( #6245, #3717, #5030, #2719 ) ) ;
#7050 = VECTOR ( 'NONE', #3995, 1000.000000000000100 ) ;
#7051 = DIRECTION ( 'NONE',  ( 0.0000000000000000000, 1.000000000000000000, 0.0000000000000000000 ) ) ;
#7052 = LINE ( 'NONE', #6615, #6870 ) ;
#7053 = DIRECTION ( 'NONE',  ( 0.0000000000000000000, 0.0000000000000000000, 1.000000000000000000 ) ) ;
#7054 = DIRECTION ( 'NONE',  ( 3.491481338843133400E-015, 1.000000000000000000, -3.845558504397534600E-031 ) ) ;
#7055 = EDGE_CURVE ( 'NONE', #3545, #6651, #3413, .T. ) ;
#7056 = CARTESIAN_POINT ( 'NONE',  ( 1.500000000000000000, 5.200000000000001100, 9.280814232050447600 ) ) ;
#7057 = LINE ( 'NONE', #4849, #2225 ) ;
#7058 = ADVANCED_FACE ( 'NONE', ( #6166 ), #3153, .T. ) ;
#7059 = CARTESIAN_POINT ( 'NONE',  ( -2.500000000000000000, 3.000000000000000000, 8.925199674982893700 ) ) ;
#7060 = ORIENTED_EDGE ( 'NONE', *, *, #3434, .T. ) ;
#7061 = CARTESIAN_POINT ( 'NONE',  ( -13.50000000000001600, 3.420000000000027900, -6.895000000000020900 ) ) ;
#7062 = LINE ( 'NONE', #139, #2585 ) ;
#7063 = CARTESIAN_POINT ( 'NONE',  ( -14.93617785791140100, 1.720000000000002400, 7.881416676303254900 ) ) ;
#7064 = DIRECTION ( 'NONE',  ( 0.7183391368594559400, 0.0000000000000000000, -0.6956930964556222700 ) ) ;
#7065 = FACE_OUTER_BOUND ( 'NONE', #488, .T. ) ;
#7066 = VERTEX_POINT ( 'NONE', #5317 ) ;
#7067 = CARTESIAN_POINT ( 'NONE',  ( 13.60000000000001000, 0.0000000000000000000, -6.895000000000020900 ) ) ;
#7068 = DIRECTION ( 'NONE',  ( -2.529033432039580700E-015, -1.000000000000000000, 0.0000000000000000000 ) ) ;
#7069 = ORIENTED_EDGE ( 'NONE', *, *, #3685, .F. ) ;
#7070 = DIRECTION ( 'NONE',  ( 0.0000000000000000000, 1.000000000000000000, 0.0000000000000000000 ) ) ;
#7071 = ORIENTED_EDGE ( 'NONE', *, *, #6361, .F. ) ;
#7072 = DIRECTION ( 'NONE',  ( 1.363460477434492400E-016, 0.0000000000000000000, -1.000000000000000000 ) ) ;
#7073 = DIRECTION ( 'NONE',  ( 1.000000000000000000, 3.252606517456504600E-015, 0.0000000000000000000 ) ) ;
#7074 = VERTEX_POINT ( 'NONE', #1021 ) ;
#7075 = AXIS2_PLACEMENT_3D ( 'NONE', #865, #6882, #5741 ) ;
#7076 = LINE ( 'NONE', #6367, #1804 ) ;
#7077 = CARTESIAN_POINT ( 'NONE',  ( -6.659999999999999300, 5.399999999999998600, -15.30500000000002300 ) ) ;
#7078 = CYLINDRICAL_SURFACE ( 'NONE', #1333, 3.615780127642022700 ) ;
#7079 = EDGE_CURVE ( 'NONE', #5609, #866, #1401, .T. ) ;
#7080 = ORIENTED_EDGE ( 'NONE', *, *, #1674, .F. ) ;
#7081 = VERTEX_POINT ( 'NONE', #2069 ) ;
#7082 = DIRECTION ( 'NONE',  ( -0.5832407619048173300, -1.011761441822886600E-015, -0.8122993374690689100 ) ) ;
#7083 = ORIENTED_EDGE ( 'NONE', *, *, #2023, .T. ) ;
#7084 = ADVANCED_FACE ( 'NONE', ( #907 ), #7006, .T. ) ;
#7085 = VERTEX_POINT ( 'NONE', #2093 ) ;
#7086 = LINE ( 'NONE', #5739, #4482 ) ;
#7087 = EDGE_LOOP ( 'NONE', ( #1376, #5958, #2127, #4963 ) ) ;
#7088 = AXIS2_PLACEMENT_3D ( 'NONE', #3387, #3885, #3360 ) ;
#7089 = ORIENTED_EDGE ( 'NONE', *, *, #5296, .T. ) ;
#7090 = CARTESIAN_POINT ( 'NONE',  ( 6.079999999999998300, 2.304219872357979000, 3.927862566056164400 ) ) ;
#7091 = EDGE_CURVE ( 'NONE', #2612, #5870, #1941, .T. ) ;
#7092 = ORIENTED_EDGE ( 'NONE', *, *, #2448, .T. ) ;
#7093 = VERTEX_POINT ( 'NONE', #5884 ) ;
#7094 = LINE ( 'NONE', #4457, #5602 ) ;
#7095 = ORIENTED_EDGE ( 'NONE', *, *, #75, .T. ) ;
#7096 = CARTESIAN_POINT ( 'NONE',  ( 2.220000000000003300, 3.879999999999999900, 9.844673495138421200 ) ) ;
#7097 = PLANE ( 'NONE',  #5356 ) ;
#7098 = ADVANCED_FACE ( 'NONE', ( #3845 ), #398, .T. ) ;
#7099 = CARTESIAN_POINT ( 'NONE',  ( 12.83188699548116100, 0.1200735897367172200, -5.840797978456858900 ) ) ;
#7100 = EDGE_LOOP ( 'NONE', ( #3464, #5791, #1349, #4002 ) ) ;
#7101 = VECTOR ( 'NONE', #1553, 1000.000000000000100 ) ;
#7102 = EDGE_CURVE ( 'NONE', #3836, #3725, #5632, .T. ) ;
#7103 = DIRECTION ( 'NONE',  ( 0.0000000000000000000, -1.000000000000000000, 0.0000000000000000000 ) ) ;
#7104 = DIRECTION ( 'NONE',  ( 0.0000000000000000000, 0.0000000000000000000, -1.000000000000000000 ) ) ;
#7105 = ORIENTED_EDGE ( 'NONE', *, *, #3939, .F. ) ;
#7106 = DIRECTION ( 'NONE',  ( -0.6956930964556222700, 0.0000000000000000000, 0.7183391368594560500 ) ) ;
#7107 = CIRCLE ( 'NONE', #1196, 12.50000000000000000 ) ;
#7108 = DIRECTION ( 'NONE',  ( -0.0000000000000000000, -0.2577550931996183700, -0.9662102834940518000 ) ) ;
#7109 = ORIENTED_EDGE ( 'NONE', *, *, #2633, .T. ) ;
#7110 = FACE_OUTER_BOUND ( 'NONE', #3128, .T. ) ;
#7111 = ORIENTED_EDGE ( 'NONE', *, *, #4448, .F. ) ;
#7112 = VERTEX_POINT ( 'NONE', #1562 ) ;
#7113 = DIRECTION ( 'NONE',  ( 1.000000000000000000, -0.0000000000000000000, -0.0000000000000000000 ) ) ;
#7114 = EDGE_LOOP ( 'NONE', ( #4794, #5343, #326, #5543 ) ) ;
#7115 = DIRECTION ( 'NONE',  ( 0.0000000000000000000, 0.0000000000000000000, 1.000000000000000000 ) ) ;
#7116 = DIRECTION ( 'NONE',  ( 0.0000000000000000000, 0.0000000000000000000, -1.000000000000000000 ) ) ;
#7117 = CIRCLE ( 'NONE', #775, 12.50000000000000000 ) ;
#7118 = CYLINDRICAL_SURFACE ( 'NONE', #4527, 0.7950000000000110300 ) ;
#7119 = EDGE_CURVE ( 'NONE', #3010, #3029, #4182, .T. ) ;
#7120 = EDGE_CURVE ( 'NONE', #6932, #1131, #6596, .T. ) ;
#7121 = VECTOR ( 'NONE', #3801, 1000.000000000000000 ) ;
#7122 = CARTESIAN_POINT ( 'NONE',  ( -13.70000000000000600, 0.3000000000000074800, 0.6349999999999784700 ) ) ;
#7123 = CARTESIAN_POINT ( 'NONE',  ( -9.054385677670323300, 0.0000000000000000000, -9.895000000000008500 ) ) ;
#7124 = DIRECTION ( 'NONE',  ( 0.0000000000000000000, 1.000000000000000000, 0.0000000000000000000 ) ) ;
#7125 = CIRCLE ( 'NONE', #4536, 0.5000000000000004400 ) ;
#7126 = LINE ( 'NONE', #6951, #5106 ) ;
#7127 = CYLINDRICAL_SURFACE ( 'NONE', #5881, 1.000000000000000000 ) ;
#7128 = AXIS2_PLACEMENT_3D ( 'NONE', #1776, #6556, #943 ) ;
#7129 = ADVANCED_FACE ( 'NONE', ( #1235 ), #2116, .T. ) ;
#7130 = ORIENTED_EDGE ( 'NONE', *, *, #2233, .T. ) ;
#7131 = CIRCLE ( 'NONE', #2622, 50.85488151972597800 ) ;
#7132 = VECTOR ( 'NONE', #6195, 1000.000000000000000 ) ;
#7133 = DIRECTION ( 'NONE',  ( 0.0000000000000000000, 0.0000000000000000000, 1.000000000000000000 ) ) ;
#7134 = PLANE ( 'NONE',  #6115 ) ;
#7135 = DIRECTION ( 'NONE',  ( -1.000000000000000000, 3.025680481354897600E-015, 0.0000000000000000000 ) ) ;
#7136 = ORIENTED_EDGE ( 'NONE', *, *, #3434, .F. ) ;
#7137 = EDGE_CURVE ( 'NONE', #2757, #4092, #1080, .T. ) ;
#7138 = AXIS2_PLACEMENT_3D ( 'NONE', #4165, #3012, #5767 ) ;
#7139 = CIRCLE ( 'NONE', #1357, 0.7792464308548482400 ) ;
#7140 = CARTESIAN_POINT ( 'NONE',  ( 13.40000000000000600, 0.3000000000000083700, -4.445000000000021600 ) ) ;
#7141 = DIRECTION ( 'NONE',  ( 0.0000000000000000000, 0.0000000000000000000, -1.000000000000000000 ) ) ;
#7142 = CARTESIAN_POINT ( 'NONE',  ( 13.69999999999999800, 1.720000000000000600, 6.544999999999995500 ) ) ;
#7143 = DIRECTION ( 'NONE',  ( -1.000000000000000000, 0.0000000000000000000, 0.0000000000000000000 ) ) ;
#7144 = VECTOR ( 'NONE', #445, 1000.000000000000000 ) ;
#7145 = CARTESIAN_POINT ( 'NONE',  ( -12.59999999999999600, 5.720000000000000600, 6.544999999999995500 ) ) ;
#7146 = DIRECTION ( 'NONE',  ( 3.469446951953613400E-015, 1.000000000000000000, 4.379057701015053300E-047 ) ) ;
#7147 = DIRECTION ( 'NONE',  ( 0.0000000000000000000, 0.0000000000000000000, -1.000000000000000000 ) ) ;
#7148 = VERTEX_POINT ( 'NONE', #4791 ) ;
#7149 = EDGE_CURVE ( 'NONE', #4548, #6391, #2981, .T. ) ;
#7150 = EDGE_CURVE ( 'NONE', #3818, #768, #4444, .T. ) ;
#7151 = VERTEX_POINT ( 'NONE', #556 ) ;
#7152 = VERTEX_POINT ( 'NONE', #606 ) ;
#7153 = VECTOR ( 'NONE', #4321, 1000.000000000000000 ) ;
#7154 = VERTEX_POINT ( 'NONE', #2190 ) ;
#7155 = CARTESIAN_POINT ( 'NONE',  ( -14.79703923862027700, -0.4131883529488403800, 8.025084503675147500 ) ) ;
#7156 = FACE_OUTER_BOUND ( 'NONE', #6188, .T. ) ;
#7157 = DIRECTION ( 'NONE',  ( 0.0000000000000000000, 1.000000000000000000, 0.0000000000000000000 ) ) ;
#7158 = AXIS2_PLACEMENT_3D ( 'NONE', #4294, #5406, #2205 ) ;
#7159 = VERTEX_POINT ( 'NONE', #4460 ) ;
#7160 = CARTESIAN_POINT ( 'NONE',  ( 9.054385677670252300, 1.000000000000000000, -9.895000000000006700 ) ) ;
#7161 = PLANE ( 'NONE',  #2831 ) ;
#7162 = CARTESIAN_POINT ( 'NONE',  ( 2.219999999999998900, 3.879999999999999900, -15.30500000000002300 ) ) ;
#7163 = ORIENTED_EDGE ( 'NONE', *, *, #3782, .F. ) ;
#7164 = DIRECTION ( 'NONE',  ( 0.0000000000000000000, -1.000000000000000000, 0.0000000000000000000 ) ) ;
#7165 = ORIENTED_EDGE ( 'NONE', *, *, #4048, .T. ) ;
#7166 = CYLINDRICAL_SURFACE ( 'NONE', #485, 12.50000000000000000 ) ;
#7167 = ORIENTED_EDGE ( 'NONE', *, *, #196, .T. ) ;
#7168 = ORIENTED_EDGE ( 'NONE', *, *, #4706, .F. ) ;
#7169 = EDGE_LOOP ( 'NONE', ( #5972, #4875, #3125 ) ) ;
#7170 = AXIS2_PLACEMENT_3D ( 'NONE', #6212, #178, #1274 ) ;
#7171 = CARTESIAN_POINT ( 'NONE',  ( 1.987236715034471000E-015, 0.0000000000000000000, -1.905000000000022900 ) ) ;
#7172 = APPLICATION_CONTEXT ( 'automotive_design' ) ;
#7173 = ORIENTED_EDGE ( 'NONE', *, *, #987, .T. ) ;
#7174 = EDGE_CURVE ( 'NONE', #5111, #4786, #4009, .T. ) ;
#7175 = CARTESIAN_POINT ( 'NONE',  ( -2.220000000000001500, 3.879999999999999000, 10.84564684601179600 ) ) ;
#7176 = CARTESIAN_POINT ( 'NONE',  ( 13.40000000000000400, 7.593379912705469000E-015, 0.6349999999999784700 ) ) ;
#7177 = EDGE_CURVE ( 'NONE', #4694, #673, #32, .T. ) ;
#7178 = VERTEX_POINT ( 'NONE', #23 ) ;
#7179 = CIRCLE ( 'NONE', #7128, 1.795000000000010100 ) ;
ENDSEC;
END-ISO-10303-21;
