ISO-10303-21;
HEADER;
FILE_DESCRIPTION(('FreeCAD Model'),'2;1');
FILE_NAME('C:/Users/lichi_tsao/Desktop/POD_3D/STP for CS/SPV-top.step',
  '2020-04-06T12:59:13',('Author'),(''),
  'Open CASCADE STEP processor 6.8','FreeCAD','Unknown');
FILE_SCHEMA(('AUTOMOTIVE_DESIGN_CC2 { 1 2 10303 214 -1 1 5 4 }'));
ENDSEC;
DATA;
#1 = APPLICATION_PROTOCOL_DEFINITION('committee draft',
  'automotive_design',1997,#2);
#2 = APPLICATION_CONTEXT(
  'core data for automotive mechanical design processes');
#3 = SHAPE_DEFINITION_REPRESENTATION(#4,#10);
#4 = PRODUCT_DEFINITION_SHAPE('','',#5);
#5 = PRODUCT_DEFINITION('design','',#6,#9);
#6 = PRODUCT_DEFINITION_FORMATION('','',#7);
#7 = PRODUCT('Fillet001','Fillet001','',(#8));
#8 = MECHANICAL_CONTEXT('',#2,'mechanical');
#9 = PRODUCT_DEFINITION_CONTEXT('part definition',#2,'design');
#10 = ADVANCED_BREP_SHAPE_REPRESENTATION('',(#11,#15),#2701);
#11 = AXIS2_PLACEMENT_3D('',#12,#13,#14);
#12 = CARTESIAN_POINT('',(0.E+000,0.E+000,0.E+000));
#13 = DIRECTION('',(0.E+000,0.E+000,1.));
#14 = DIRECTION('',(1.,0.E+000,-0.E+000));
#15 = MANIFOLD_SOLID_BREP('',#16);
#16 = CLOSED_SHELL('',(#17,#137,#220,#299,#581,#631,#661,#710,#822,#847,
    #896,#951,#1006,#1033,#1109,#1158,#1207,#1234,#1260,#1305,#1331,
    #1390,#1396,#1402,#1865,#1869,#1945,#1994,#2043,#2070,#2146,#2195,
    #2244,#2271,#2347,#2396,#2445,#2472,#2548,#2597,#2646,#2673,#2680,
    #2687,#2694));
#17 = ADVANCED_FACE('',(#18),#32,.T.);
#18 = FACE_BOUND('',#19,.T.);
#19 = EDGE_LOOP('',(#20,#55,#83,#111));
#20 = ORIENTED_EDGE('',*,*,#21,.T.);
#21 = EDGE_CURVE('',#22,#24,#26,.T.);
#22 = VERTEX_POINT('',#23);
#23 = CARTESIAN_POINT('',(-1.04,0.85,0.3));
#24 = VERTEX_POINT('',#25);
#25 = CARTESIAN_POINT('',(-1.04,0.85,0.7));
#26 = SURFACE_CURVE('',#27,(#31,#43),.PCURVE_S1.);
#27 = LINE('',#28,#29);
#28 = CARTESIAN_POINT('',(-1.04,0.85,0.3));
#29 = VECTOR('',#30,1.);
#30 = DIRECTION('',(0.E+000,0.E+000,1.));
#31 = PCURVE('',#32,#37);
#32 = PLANE('',#33);
#33 = AXIS2_PLACEMENT_3D('',#34,#35,#36);
#34 = CARTESIAN_POINT('',(-1.29,0.85,0.3));
#35 = DIRECTION('',(0.E+000,1.,0.E+000));
#36 = DIRECTION('',(1.,0.E+000,0.E+000));
#37 = DEFINITIONAL_REPRESENTATION('',(#38),#42);
#38 = LINE('',#39,#40);
#39 = CARTESIAN_POINT('',(0.25,0.E+000));
#40 = VECTOR('',#41,1.);
#41 = DIRECTION('',(0.E+000,-1.));
#42 = ( GEOMETRIC_REPRESENTATION_CONTEXT(2) 
PARAMETRIC_REPRESENTATION_CONTEXT() REPRESENTATION_CONTEXT('2D SPACE',''
  ) );
#43 = PCURVE('',#44,#49);
#44 = CYLINDRICAL_SURFACE('',#45,0.25);
#45 = AXIS2_PLACEMENT_3D('',#46,#47,#48);
#46 = CARTESIAN_POINT('',(-1.04,0.6,0.3));
#47 = DIRECTION('',(0.E+000,0.E+000,1.));
#48 = DIRECTION('',(0.E+000,1.,0.E+000));
#49 = DEFINITIONAL_REPRESENTATION('',(#50),#54);
#50 = LINE('',#51,#52);
#51 = CARTESIAN_POINT('',(0.E+000,0.E+000));
#52 = VECTOR('',#53,1.);
#53 = DIRECTION('',(0.E+000,1.));
#54 = ( GEOMETRIC_REPRESENTATION_CONTEXT(2) 
PARAMETRIC_REPRESENTATION_CONTEXT() REPRESENTATION_CONTEXT('2D SPACE',''
  ) );
#55 = ORIENTED_EDGE('',*,*,#56,.T.);
#56 = EDGE_CURVE('',#24,#57,#59,.T.);
#57 = VERTEX_POINT('',#58);
#58 = CARTESIAN_POINT('',(1.04,0.85,0.7));
#59 = SURFACE_CURVE('',#60,(#64,#71),.PCURVE_S1.);
#60 = LINE('',#61,#62);
#61 = CARTESIAN_POINT('',(-1.04,0.85,0.7));
#62 = VECTOR('',#63,1.);
#63 = DIRECTION('',(1.,0.E+000,0.E+000));
#64 = PCURVE('',#32,#65);
#65 = DEFINITIONAL_REPRESENTATION('',(#66),#70);
#66 = LINE('',#67,#68);
#67 = CARTESIAN_POINT('',(0.25,-0.4));
#68 = VECTOR('',#69,1.);
#69 = DIRECTION('',(1.,0.E+000));
#70 = ( GEOMETRIC_REPRESENTATION_CONTEXT(2) 
PARAMETRIC_REPRESENTATION_CONTEXT() REPRESENTATION_CONTEXT('2D SPACE',''
  ) );
#71 = PCURVE('',#72,#77);
#72 = CYLINDRICAL_SURFACE('',#73,0.25);
#73 = AXIS2_PLACEMENT_3D('',#74,#75,#76);
#74 = CARTESIAN_POINT('',(-1.04,0.6,0.7));
#75 = DIRECTION('',(1.,0.E+000,0.E+000));
#76 = DIRECTION('',(0.E+000,1.,0.E+000));
#77 = DEFINITIONAL_REPRESENTATION('',(#78),#82);
#78 = LINE('',#79,#80);
#79 = CARTESIAN_POINT('',(0.E+000,0.E+000));
#80 = VECTOR('',#81,1.);
#81 = DIRECTION('',(0.E+000,1.));
#82 = ( GEOMETRIC_REPRESENTATION_CONTEXT(2) 
PARAMETRIC_REPRESENTATION_CONTEXT() REPRESENTATION_CONTEXT('2D SPACE',''
  ) );
#83 = ORIENTED_EDGE('',*,*,#84,.F.);
#84 = EDGE_CURVE('',#85,#57,#87,.T.);
#85 = VERTEX_POINT('',#86);
#86 = CARTESIAN_POINT('',(1.04,0.85,0.3));
#87 = SURFACE_CURVE('',#88,(#92,#99),.PCURVE_S1.);
#88 = LINE('',#89,#90);
#89 = CARTESIAN_POINT('',(1.04,0.85,0.3));
#90 = VECTOR('',#91,1.);
#91 = DIRECTION('',(0.E+000,0.E+000,1.));
#92 = PCURVE('',#32,#93);
#93 = DEFINITIONAL_REPRESENTATION('',(#94),#98);
#94 = LINE('',#95,#96);
#95 = CARTESIAN_POINT('',(2.33,0.E+000));
#96 = VECTOR('',#97,1.);
#97 = DIRECTION('',(0.E+000,-1.));
#98 = ( GEOMETRIC_REPRESENTATION_CONTEXT(2) 
PARAMETRIC_REPRESENTATION_CONTEXT() REPRESENTATION_CONTEXT('2D SPACE',''
  ) );
#99 = PCURVE('',#100,#105);
#100 = CYLINDRICAL_SURFACE('',#101,0.25);
#101 = AXIS2_PLACEMENT_3D('',#102,#103,#104);
#102 = CARTESIAN_POINT('',(1.04,0.6,0.3));
#103 = DIRECTION('',(0.E+000,0.E+000,1.));
#104 = DIRECTION('',(0.E+000,1.,0.E+000));
#105 = DEFINITIONAL_REPRESENTATION('',(#106),#110);
#106 = LINE('',#107,#108);
#107 = CARTESIAN_POINT('',(-0.E+000,0.E+000));
#108 = VECTOR('',#109,1.);
#109 = DIRECTION('',(-0.E+000,1.));
#110 = ( GEOMETRIC_REPRESENTATION_CONTEXT(2) 
PARAMETRIC_REPRESENTATION_CONTEXT() REPRESENTATION_CONTEXT('2D SPACE',''
  ) );
#111 = ORIENTED_EDGE('',*,*,#112,.F.);
#112 = EDGE_CURVE('',#22,#85,#113,.T.);
#113 = SURFACE_CURVE('',#114,(#118,#125),.PCURVE_S1.);
#114 = LINE('',#115,#116);
#115 = CARTESIAN_POINT('',(-1.29,0.85,0.3));
#116 = VECTOR('',#117,1.);
#117 = DIRECTION('',(1.,0.E+000,0.E+000));
#118 = PCURVE('',#32,#119);
#119 = DEFINITIONAL_REPRESENTATION('',(#120),#124);
#120 = LINE('',#121,#122);
#121 = CARTESIAN_POINT('',(0.E+000,0.E+000));
#122 = VECTOR('',#123,1.);
#123 = DIRECTION('',(1.,0.E+000));
#124 = ( GEOMETRIC_REPRESENTATION_CONTEXT(2) 
PARAMETRIC_REPRESENTATION_CONTEXT() REPRESENTATION_CONTEXT('2D SPACE',''
  ) );
#125 = PCURVE('',#126,#131);
#126 = PLANE('',#127);
#127 = AXIS2_PLACEMENT_3D('',#128,#129,#130);
#128 = CARTESIAN_POINT('',(-1.375,0.925,0.3));
#129 = DIRECTION('',(0.E+000,0.E+000,1.));
#130 = DIRECTION('',(1.,0.E+000,0.E+000));
#131 = DEFINITIONAL_REPRESENTATION('',(#132),#136);
#132 = LINE('',#133,#134);
#133 = CARTESIAN_POINT('',(8.5E-002,-7.5E-002));
#134 = VECTOR('',#135,1.);
#135 = DIRECTION('',(1.,0.E+000));
#136 = ( GEOMETRIC_REPRESENTATION_CONTEXT(2) 
PARAMETRIC_REPRESENTATION_CONTEXT() REPRESENTATION_CONTEXT('2D SPACE',''
  ) );
#137 = ADVANCED_FACE('',(#138),#44,.T.);
#138 = FACE_BOUND('',#139,.T.);
#139 = EDGE_LOOP('',(#140,#141,#165,#193));
#140 = ORIENTED_EDGE('',*,*,#21,.F.);
#141 = ORIENTED_EDGE('',*,*,#142,.T.);
#142 = EDGE_CURVE('',#22,#143,#145,.T.);
#143 = VERTEX_POINT('',#144);
#144 = CARTESIAN_POINT('',(-1.29,0.6,0.3));
#145 = SURFACE_CURVE('',#146,(#151,#158),.PCURVE_S1.);
#146 = CIRCLE('',#147,0.25);
#147 = AXIS2_PLACEMENT_3D('',#148,#149,#150);
#148 = CARTESIAN_POINT('',(-1.04,0.6,0.3));
#149 = DIRECTION('',(-0.E+000,0.E+000,1.));
#150 = DIRECTION('',(0.E+000,-1.,0.E+000));
#151 = PCURVE('',#44,#152);
#152 = DEFINITIONAL_REPRESENTATION('',(#153),#157);
#153 = LINE('',#154,#155);
#154 = CARTESIAN_POINT('',(-3.14159265359,0.E+000));
#155 = VECTOR('',#156,1.);
#156 = DIRECTION('',(1.,0.E+000));
#157 = ( GEOMETRIC_REPRESENTATION_CONTEXT(2) 
PARAMETRIC_REPRESENTATION_CONTEXT() REPRESENTATION_CONTEXT('2D SPACE',''
  ) );
#158 = PCURVE('',#126,#159);
#159 = DEFINITIONAL_REPRESENTATION('',(#160),#164);
#160 = CIRCLE('',#161,0.25);
#161 = AXIS2_PLACEMENT_2D('',#162,#163);
#162 = CARTESIAN_POINT('',(0.335,-0.325));
#163 = DIRECTION('',(0.E+000,-1.));
#164 = ( GEOMETRIC_REPRESENTATION_CONTEXT(2) 
PARAMETRIC_REPRESENTATION_CONTEXT() REPRESENTATION_CONTEXT('2D SPACE',''
  ) );
#165 = ORIENTED_EDGE('',*,*,#166,.T.);
#166 = EDGE_CURVE('',#143,#167,#169,.T.);
#167 = VERTEX_POINT('',#168);
#168 = CARTESIAN_POINT('',(-1.29,0.6,0.7));
#169 = SURFACE_CURVE('',#170,(#174,#181),.PCURVE_S1.);
#170 = LINE('',#171,#172);
#171 = CARTESIAN_POINT('',(-1.29,0.6,0.3));
#172 = VECTOR('',#173,1.);
#173 = DIRECTION('',(0.E+000,0.E+000,1.));
#174 = PCURVE('',#44,#175);
#175 = DEFINITIONAL_REPRESENTATION('',(#176),#180);
#176 = LINE('',#177,#178);
#177 = CARTESIAN_POINT('',(1.570796326795,0.E+000));
#178 = VECTOR('',#179,1.);
#179 = DIRECTION('',(0.E+000,1.));
#180 = ( GEOMETRIC_REPRESENTATION_CONTEXT(2) 
PARAMETRIC_REPRESENTATION_CONTEXT() REPRESENTATION_CONTEXT('2D SPACE',''
  ) );
#181 = PCURVE('',#182,#187);
#182 = PLANE('',#183);
#183 = AXIS2_PLACEMENT_3D('',#184,#185,#186);
#184 = CARTESIAN_POINT('',(-1.29,-0.85,0.3));
#185 = DIRECTION('',(-1.,0.E+000,0.E+000));
#186 = DIRECTION('',(0.E+000,1.,0.E+000));
#187 = DEFINITIONAL_REPRESENTATION('',(#188),#192);
#188 = LINE('',#189,#190);
#189 = CARTESIAN_POINT('',(1.45,0.E+000));
#190 = VECTOR('',#191,1.);
#191 = DIRECTION('',(0.E+000,-1.));
#192 = ( GEOMETRIC_REPRESENTATION_CONTEXT(2) 
PARAMETRIC_REPRESENTATION_CONTEXT() REPRESENTATION_CONTEXT('2D SPACE',''
  ) );
#193 = ORIENTED_EDGE('',*,*,#194,.T.);
#194 = EDGE_CURVE('',#167,#24,#195,.T.);
#195 = SURFACE_CURVE('',#196,(#201,#208),.PCURVE_S1.);
#196 = CIRCLE('',#197,0.25);
#197 = AXIS2_PLACEMENT_3D('',#198,#199,#200);
#198 = CARTESIAN_POINT('',(-1.04,0.6,0.7));
#199 = DIRECTION('',(0.E+000,0.E+000,-1.));
#200 = DIRECTION('',(-1.,0.E+000,0.E+000));
#201 = PCURVE('',#44,#202);
#202 = DEFINITIONAL_REPRESENTATION('',(#203),#207);
#203 = LINE('',#204,#205);
#204 = CARTESIAN_POINT('',(1.570796326795,0.4));
#205 = VECTOR('',#206,1.);
#206 = DIRECTION('',(-1.,-0.E+000));
#207 = ( GEOMETRIC_REPRESENTATION_CONTEXT(2) 
PARAMETRIC_REPRESENTATION_CONTEXT() REPRESENTATION_CONTEXT('2D SPACE',''
  ) );
#208 = PCURVE('',#209,#214);
#209 = SPHERICAL_SURFACE('',#210,0.25);
#210 = AXIS2_PLACEMENT_3D('',#211,#212,#213);
#211 = CARTESIAN_POINT('',(-1.04,0.6,0.7));
#212 = DIRECTION('',(0.E+000,0.E+000,1.));
#213 = DIRECTION('',(-1.,0.E+000,0.E+000));
#214 = DEFINITIONAL_REPRESENTATION('',(#215),#219);
#215 = LINE('',#216,#217);
#216 = CARTESIAN_POINT('',(-0.E+000,0.E+000));
#217 = VECTOR('',#218,1.);
#218 = DIRECTION('',(-1.,0.E+000));
#219 = ( GEOMETRIC_REPRESENTATION_CONTEXT(2) 
PARAMETRIC_REPRESENTATION_CONTEXT() REPRESENTATION_CONTEXT('2D SPACE',''
  ) );
#220 = ADVANCED_FACE('',(#221),#72,.T.);
#221 = FACE_BOUND('',#222,.T.);
#222 = EDGE_LOOP('',(#223,#245,#273,#298));
#223 = ORIENTED_EDGE('',*,*,#224,.T.);
#224 = EDGE_CURVE('',#24,#225,#227,.T.);
#225 = VERTEX_POINT('',#226);
#226 = CARTESIAN_POINT('',(-1.04,0.6,0.95));
#227 = SURFACE_CURVE('',#228,(#233,#239),.PCURVE_S1.);
#228 = CIRCLE('',#229,0.25);
#229 = AXIS2_PLACEMENT_3D('',#230,#231,#232);
#230 = CARTESIAN_POINT('',(-1.04,0.6,0.7));
#231 = DIRECTION('',(1.,6.123233995737E-017,-0.E+000));
#232 = DIRECTION('',(-6.123233995737E-017,1.,0.E+000));
#233 = PCURVE('',#72,#234);
#234 = DEFINITIONAL_REPRESENTATION('',(#235),#238);
#235 = B_SPLINE_CURVE_WITH_KNOTS('',1,(#236,#237),.UNSPECIFIED.,.F.,.F.,
  (2,2),(0.E+000,1.570796326795),.PIECEWISE_BEZIER_KNOTS.);
#236 = CARTESIAN_POINT('',(0.E+000,0.E+000));
#237 = CARTESIAN_POINT('',(1.570796326795,0.E+000));
#238 = ( GEOMETRIC_REPRESENTATION_CONTEXT(2) 
PARAMETRIC_REPRESENTATION_CONTEXT() REPRESENTATION_CONTEXT('2D SPACE',''
  ) );
#239 = PCURVE('',#209,#240);
#240 = DEFINITIONAL_REPRESENTATION('',(#241),#244);
#241 = B_SPLINE_CURVE_WITH_KNOTS('',1,(#242,#243),.UNSPECIFIED.,.F.,.F.,
  (2,2),(0.E+000,1.570796326795),.PIECEWISE_BEZIER_KNOTS.);
#242 = CARTESIAN_POINT('',(-1.570796326795,0.E+000));
#243 = CARTESIAN_POINT('',(-1.570796326795,1.570796326795));
#244 = ( GEOMETRIC_REPRESENTATION_CONTEXT(2) 
PARAMETRIC_REPRESENTATION_CONTEXT() REPRESENTATION_CONTEXT('2D SPACE',''
  ) );
#245 = ORIENTED_EDGE('',*,*,#246,.T.);
#246 = EDGE_CURVE('',#225,#247,#249,.T.);
#247 = VERTEX_POINT('',#248);
#248 = CARTESIAN_POINT('',(1.04,0.6,0.95));
#249 = SURFACE_CURVE('',#250,(#254,#261),.PCURVE_S1.);
#250 = LINE('',#251,#252);
#251 = CARTESIAN_POINT('',(-1.04,0.6,0.95));
#252 = VECTOR('',#253,1.);
#253 = DIRECTION('',(1.,0.E+000,0.E+000));
#254 = PCURVE('',#72,#255);
#255 = DEFINITIONAL_REPRESENTATION('',(#256),#260);
#256 = LINE('',#257,#258);
#257 = CARTESIAN_POINT('',(1.570796326795,0.E+000));
#258 = VECTOR('',#259,1.);
#259 = DIRECTION('',(0.E+000,1.));
#260 = ( GEOMETRIC_REPRESENTATION_CONTEXT(2) 
PARAMETRIC_REPRESENTATION_CONTEXT() REPRESENTATION_CONTEXT('2D SPACE',''
  ) );
#261 = PCURVE('',#262,#267);
#262 = PLANE('',#263);
#263 = AXIS2_PLACEMENT_3D('',#264,#265,#266);
#264 = CARTESIAN_POINT('',(-1.29,0.85,0.95));
#265 = DIRECTION('',(0.E+000,0.E+000,1.));
#266 = DIRECTION('',(1.,0.E+000,0.E+000));
#267 = DEFINITIONAL_REPRESENTATION('',(#268),#272);
#268 = LINE('',#269,#270);
#269 = CARTESIAN_POINT('',(0.25,-0.25));
#270 = VECTOR('',#271,1.);
#271 = DIRECTION('',(1.,0.E+000));
#272 = ( GEOMETRIC_REPRESENTATION_CONTEXT(2) 
PARAMETRIC_REPRESENTATION_CONTEXT() REPRESENTATION_CONTEXT('2D SPACE',''
  ) );
#273 = ORIENTED_EDGE('',*,*,#274,.F.);
#274 = EDGE_CURVE('',#57,#247,#275,.T.);
#275 = SURFACE_CURVE('',#276,(#281,#287),.PCURVE_S1.);
#276 = CIRCLE('',#277,0.25);
#277 = AXIS2_PLACEMENT_3D('',#278,#279,#280);
#278 = CARTESIAN_POINT('',(1.04,0.6,0.7));
#279 = DIRECTION('',(1.,0.E+000,0.E+000));
#280 = DIRECTION('',(0.E+000,1.,0.E+000));
#281 = PCURVE('',#72,#282);
#282 = DEFINITIONAL_REPRESENTATION('',(#283),#286);
#283 = B_SPLINE_CURVE_WITH_KNOTS('',1,(#284,#285),.UNSPECIFIED.,.F.,.F.,
  (2,2),(0.E+000,1.570796326795),.PIECEWISE_BEZIER_KNOTS.);
#284 = CARTESIAN_POINT('',(0.E+000,2.08));
#285 = CARTESIAN_POINT('',(1.570796326795,2.08));
#286 = ( GEOMETRIC_REPRESENTATION_CONTEXT(2) 
PARAMETRIC_REPRESENTATION_CONTEXT() REPRESENTATION_CONTEXT('2D SPACE',''
  ) );
#287 = PCURVE('',#288,#293);
#288 = SPHERICAL_SURFACE('',#289,0.25);
#289 = AXIS2_PLACEMENT_3D('',#290,#291,#292);
#290 = CARTESIAN_POINT('',(1.04,0.6,0.7));
#291 = DIRECTION('',(0.E+000,0.E+000,1.));
#292 = DIRECTION('',(0.E+000,1.,0.E+000));
#293 = DEFINITIONAL_REPRESENTATION('',(#294),#297);
#294 = B_SPLINE_CURVE_WITH_KNOTS('',1,(#295,#296),.UNSPECIFIED.,.F.,.F.,
  (2,2),(0.E+000,1.570796326795),.PIECEWISE_BEZIER_KNOTS.);
#295 = CARTESIAN_POINT('',(0.E+000,0.E+000));
#296 = CARTESIAN_POINT('',(0.E+000,1.570796326795));
#297 = ( GEOMETRIC_REPRESENTATION_CONTEXT(2) 
PARAMETRIC_REPRESENTATION_CONTEXT() REPRESENTATION_CONTEXT('2D SPACE',''
  ) );
#298 = ORIENTED_EDGE('',*,*,#56,.F.);
#299 = ADVANCED_FACE('',(#300,#467),#126,.T.);
#300 = FACE_BOUND('',#301,.T.);
#301 = EDGE_LOOP('',(#302,#303,#331,#359,#388,#416,#445,#466));
#302 = ORIENTED_EDGE('',*,*,#112,.T.);
#303 = ORIENTED_EDGE('',*,*,#304,.T.);
#304 = EDGE_CURVE('',#85,#305,#307,.T.);
#305 = VERTEX_POINT('',#306);
#306 = CARTESIAN_POINT('',(1.29,0.6,0.3));
#307 = SURFACE_CURVE('',#308,(#313,#324),.PCURVE_S1.);
#308 = CIRCLE('',#309,0.25);
#309 = AXIS2_PLACEMENT_3D('',#310,#311,#312);
#310 = CARTESIAN_POINT('',(1.04,0.6,0.3));
#311 = DIRECTION('',(-0.E+000,-0.E+000,-1.));
#312 = DIRECTION('',(0.E+000,-1.,0.E+000));
#313 = PCURVE('',#126,#314);
#314 = DEFINITIONAL_REPRESENTATION('',(#315),#323);
#315 = ( BOUNDED_CURVE() B_SPLINE_CURVE(2,(#316,#317,#318,#319,#320,#321
,#322),.UNSPECIFIED.,.T.,.F.) B_SPLINE_CURVE_WITH_KNOTS((1,2,2,2,2,1),(
    -2.094395102393,0.E+000,2.094395102393,4.188790204786,6.28318530718,
8.377580409573),.UNSPECIFIED.) CURVE() GEOMETRIC_REPRESENTATION_ITEM() 
RATIONAL_B_SPLINE_CURVE((1.,0.5,1.,0.5,1.,0.5,1.)) REPRESENTATION_ITEM(
  '') );
#316 = CARTESIAN_POINT('',(2.415,-0.575));
#317 = CARTESIAN_POINT('',(1.981987298108,-0.575));
#318 = CARTESIAN_POINT('',(2.198493649054,-0.2));
#319 = CARTESIAN_POINT('',(2.415,0.175));
#320 = CARTESIAN_POINT('',(2.631506350946,-0.2));
#321 = CARTESIAN_POINT('',(2.848012701892,-0.575));
#322 = CARTESIAN_POINT('',(2.415,-0.575));
#323 = ( GEOMETRIC_REPRESENTATION_CONTEXT(2) 
PARAMETRIC_REPRESENTATION_CONTEXT() REPRESENTATION_CONTEXT('2D SPACE',''
  ) );
#324 = PCURVE('',#100,#325);
#325 = DEFINITIONAL_REPRESENTATION('',(#326),#330);
#326 = LINE('',#327,#328);
#327 = CARTESIAN_POINT('',(3.14159265359,-0.E+000));
#328 = VECTOR('',#329,1.);
#329 = DIRECTION('',(-1.,0.E+000));
#330 = ( GEOMETRIC_REPRESENTATION_CONTEXT(2) 
PARAMETRIC_REPRESENTATION_CONTEXT() REPRESENTATION_CONTEXT('2D SPACE',''
  ) );
#331 = ORIENTED_EDGE('',*,*,#332,.T.);
#332 = EDGE_CURVE('',#305,#333,#335,.T.);
#333 = VERTEX_POINT('',#334);
#334 = CARTESIAN_POINT('',(1.29,-0.6,0.3));
#335 = SURFACE_CURVE('',#336,(#340,#347),.PCURVE_S1.);
#336 = LINE('',#337,#338);
#337 = CARTESIAN_POINT('',(1.29,0.85,0.3));
#338 = VECTOR('',#339,1.);
#339 = DIRECTION('',(0.E+000,-1.,0.E+000));
#340 = PCURVE('',#126,#341);
#341 = DEFINITIONAL_REPRESENTATION('',(#342),#346);
#342 = LINE('',#343,#344);
#343 = CARTESIAN_POINT('',(2.665,-7.5E-002));
#344 = VECTOR('',#345,1.);
#345 = DIRECTION('',(0.E+000,-1.));
#346 = ( GEOMETRIC_REPRESENTATION_CONTEXT(2) 
PARAMETRIC_REPRESENTATION_CONTEXT() REPRESENTATION_CONTEXT('2D SPACE',''
  ) );
#347 = PCURVE('',#348,#353);
#348 = PLANE('',#349);
#349 = AXIS2_PLACEMENT_3D('',#350,#351,#352);
#350 = CARTESIAN_POINT('',(1.29,0.85,0.3));
#351 = DIRECTION('',(1.,0.E+000,0.E+000));
#352 = DIRECTION('',(0.E+000,-1.,0.E+000));
#353 = DEFINITIONAL_REPRESENTATION('',(#354),#358);
#354 = LINE('',#355,#356);
#355 = CARTESIAN_POINT('',(0.E+000,0.E+000));
#356 = VECTOR('',#357,1.);
#357 = DIRECTION('',(1.,0.E+000));
#358 = ( GEOMETRIC_REPRESENTATION_CONTEXT(2) 
PARAMETRIC_REPRESENTATION_CONTEXT() REPRESENTATION_CONTEXT('2D SPACE',''
  ) );
#359 = ORIENTED_EDGE('',*,*,#360,.F.);
#360 = EDGE_CURVE('',#361,#333,#363,.T.);
#361 = VERTEX_POINT('',#362);
#362 = CARTESIAN_POINT('',(1.04,-0.85,0.3));
#363 = SURFACE_CURVE('',#364,(#369,#376),.PCURVE_S1.);
#364 = CIRCLE('',#365,0.25);
#365 = AXIS2_PLACEMENT_3D('',#366,#367,#368);
#366 = CARTESIAN_POINT('',(1.04,-0.6,0.3));
#367 = DIRECTION('',(-0.E+000,0.E+000,1.));
#368 = DIRECTION('',(0.E+000,-1.,0.E+000));
#369 = PCURVE('',#126,#370);
#370 = DEFINITIONAL_REPRESENTATION('',(#371),#375);
#371 = CIRCLE('',#372,0.25);
#372 = AXIS2_PLACEMENT_2D('',#373,#374);
#373 = CARTESIAN_POINT('',(2.415,-1.525));
#374 = DIRECTION('',(0.E+000,-1.));
#375 = ( GEOMETRIC_REPRESENTATION_CONTEXT(2) 
PARAMETRIC_REPRESENTATION_CONTEXT() REPRESENTATION_CONTEXT('2D SPACE',''
  ) );
#376 = PCURVE('',#377,#382);
#377 = CYLINDRICAL_SURFACE('',#378,0.25);
#378 = AXIS2_PLACEMENT_3D('',#379,#380,#381);
#379 = CARTESIAN_POINT('',(1.04,-0.6,0.3));
#380 = DIRECTION('',(0.E+000,0.E+000,1.));
#381 = DIRECTION('',(0.E+000,-1.,0.E+000));
#382 = DEFINITIONAL_REPRESENTATION('',(#383),#387);
#383 = LINE('',#384,#385);
#384 = CARTESIAN_POINT('',(0.E+000,0.E+000));
#385 = VECTOR('',#386,1.);
#386 = DIRECTION('',(1.,0.E+000));
#387 = ( GEOMETRIC_REPRESENTATION_CONTEXT(2) 
PARAMETRIC_REPRESENTATION_CONTEXT() REPRESENTATION_CONTEXT('2D SPACE',''
  ) );
#388 = ORIENTED_EDGE('',*,*,#389,.T.);
#389 = EDGE_CURVE('',#361,#390,#392,.T.);
#390 = VERTEX_POINT('',#391);
#391 = CARTESIAN_POINT('',(-1.04,-0.85,0.3));
#392 = SURFACE_CURVE('',#393,(#397,#404),.PCURVE_S1.);
#393 = LINE('',#394,#395);
#394 = CARTESIAN_POINT('',(1.29,-0.85,0.3));
#395 = VECTOR('',#396,1.);
#396 = DIRECTION('',(-1.,0.E+000,0.E+000));
#397 = PCURVE('',#126,#398);
#398 = DEFINITIONAL_REPRESENTATION('',(#399),#403);
#399 = LINE('',#400,#401);
#400 = CARTESIAN_POINT('',(2.665,-1.775));
#401 = VECTOR('',#402,1.);
#402 = DIRECTION('',(-1.,0.E+000));
#403 = ( GEOMETRIC_REPRESENTATION_CONTEXT(2) 
PARAMETRIC_REPRESENTATION_CONTEXT() REPRESENTATION_CONTEXT('2D SPACE',''
  ) );
#404 = PCURVE('',#405,#410);
#405 = PLANE('',#406);
#406 = AXIS2_PLACEMENT_3D('',#407,#408,#409);
#407 = CARTESIAN_POINT('',(1.29,-0.85,0.3));
#408 = DIRECTION('',(0.E+000,-1.,0.E+000));
#409 = DIRECTION('',(-1.,0.E+000,0.E+000));
#410 = DEFINITIONAL_REPRESENTATION('',(#411),#415);
#411 = LINE('',#412,#413);
#412 = CARTESIAN_POINT('',(0.E+000,-0.E+000));
#413 = VECTOR('',#414,1.);
#414 = DIRECTION('',(1.,0.E+000));
#415 = ( GEOMETRIC_REPRESENTATION_CONTEXT(2) 
PARAMETRIC_REPRESENTATION_CONTEXT() REPRESENTATION_CONTEXT('2D SPACE',''
  ) );
#416 = ORIENTED_EDGE('',*,*,#417,.F.);
#417 = EDGE_CURVE('',#418,#390,#420,.T.);
#418 = VERTEX_POINT('',#419);
#419 = CARTESIAN_POINT('',(-1.29,-0.6,0.3));
#420 = SURFACE_CURVE('',#421,(#426,#433),.PCURVE_S1.);
#421 = CIRCLE('',#422,0.25);
#422 = AXIS2_PLACEMENT_3D('',#423,#424,#425);
#423 = CARTESIAN_POINT('',(-1.04,-0.6,0.3));
#424 = DIRECTION('',(-0.E+000,0.E+000,1.));
#425 = DIRECTION('',(0.E+000,-1.,0.E+000));
#426 = PCURVE('',#126,#427);
#427 = DEFINITIONAL_REPRESENTATION('',(#428),#432);
#428 = CIRCLE('',#429,0.25);
#429 = AXIS2_PLACEMENT_2D('',#430,#431);
#430 = CARTESIAN_POINT('',(0.335,-1.525));
#431 = DIRECTION('',(0.E+000,-1.));
#432 = ( GEOMETRIC_REPRESENTATION_CONTEXT(2) 
PARAMETRIC_REPRESENTATION_CONTEXT() REPRESENTATION_CONTEXT('2D SPACE',''
  ) );
#433 = PCURVE('',#434,#439);
#434 = CYLINDRICAL_SURFACE('',#435,0.25);
#435 = AXIS2_PLACEMENT_3D('',#436,#437,#438);
#436 = CARTESIAN_POINT('',(-1.04,-0.6,0.3));
#437 = DIRECTION('',(0.E+000,0.E+000,1.));
#438 = DIRECTION('',(-1.,0.E+000,0.E+000));
#439 = DEFINITIONAL_REPRESENTATION('',(#440),#444);
#440 = LINE('',#441,#442);
#441 = CARTESIAN_POINT('',(-4.712388980385,0.E+000));
#442 = VECTOR('',#443,1.);
#443 = DIRECTION('',(1.,0.E+000));
#444 = ( GEOMETRIC_REPRESENTATION_CONTEXT(2) 
PARAMETRIC_REPRESENTATION_CONTEXT() REPRESENTATION_CONTEXT('2D SPACE',''
  ) );
#445 = ORIENTED_EDGE('',*,*,#446,.T.);
#446 = EDGE_CURVE('',#418,#143,#447,.T.);
#447 = SURFACE_CURVE('',#448,(#452,#459),.PCURVE_S1.);
#448 = LINE('',#449,#450);
#449 = CARTESIAN_POINT('',(-1.29,-0.85,0.3));
#450 = VECTOR('',#451,1.);
#451 = DIRECTION('',(0.E+000,1.,0.E+000));
#452 = PCURVE('',#126,#453);
#453 = DEFINITIONAL_REPRESENTATION('',(#454),#458);
#454 = LINE('',#455,#456);
#455 = CARTESIAN_POINT('',(8.5E-002,-1.775));
#456 = VECTOR('',#457,1.);
#457 = DIRECTION('',(0.E+000,1.));
#458 = ( GEOMETRIC_REPRESENTATION_CONTEXT(2) 
PARAMETRIC_REPRESENTATION_CONTEXT() REPRESENTATION_CONTEXT('2D SPACE',''
  ) );
#459 = PCURVE('',#182,#460);
#460 = DEFINITIONAL_REPRESENTATION('',(#461),#465);
#461 = LINE('',#462,#463);
#462 = CARTESIAN_POINT('',(0.E+000,0.E+000));
#463 = VECTOR('',#464,1.);
#464 = DIRECTION('',(1.,0.E+000));
#465 = ( GEOMETRIC_REPRESENTATION_CONTEXT(2) 
PARAMETRIC_REPRESENTATION_CONTEXT() REPRESENTATION_CONTEXT('2D SPACE',''
  ) );
#466 = ORIENTED_EDGE('',*,*,#142,.F.);
#467 = FACE_BOUND('',#468,.T.);
#468 = EDGE_LOOP('',(#469,#499,#527,#555));
#469 = ORIENTED_EDGE('',*,*,#470,.F.);
#470 = EDGE_CURVE('',#471,#473,#475,.T.);
#471 = VERTEX_POINT('',#472);
#472 = CARTESIAN_POINT('',(-1.375,0.925,0.3));
#473 = VERTEX_POINT('',#474);
#474 = CARTESIAN_POINT('',(1.375,0.925,0.3));
#475 = SURFACE_CURVE('',#476,(#480,#487),.PCURVE_S1.);
#476 = LINE('',#477,#478);
#477 = CARTESIAN_POINT('',(-1.375,0.925,0.3));
#478 = VECTOR('',#479,1.);
#479 = DIRECTION('',(1.,0.E+000,0.E+000));
#480 = PCURVE('',#126,#481);
#481 = DEFINITIONAL_REPRESENTATION('',(#482),#486);
#482 = LINE('',#483,#484);
#483 = CARTESIAN_POINT('',(0.E+000,0.E+000));
#484 = VECTOR('',#485,1.);
#485 = DIRECTION('',(1.,0.E+000));
#486 = ( GEOMETRIC_REPRESENTATION_CONTEXT(2) 
PARAMETRIC_REPRESENTATION_CONTEXT() REPRESENTATION_CONTEXT('2D SPACE',''
  ) );
#487 = PCURVE('',#488,#493);
#488 = PLANE('',#489);
#489 = AXIS2_PLACEMENT_3D('',#490,#491,#492);
#490 = CARTESIAN_POINT('',(-1.375,0.925,0.E+000));
#491 = DIRECTION('',(0.E+000,1.,0.E+000));
#492 = DIRECTION('',(1.,0.E+000,0.E+000));
#493 = DEFINITIONAL_REPRESENTATION('',(#494),#498);
#494 = LINE('',#495,#496);
#495 = CARTESIAN_POINT('',(0.E+000,-0.3));
#496 = VECTOR('',#497,1.);
#497 = DIRECTION('',(1.,0.E+000));
#498 = ( GEOMETRIC_REPRESENTATION_CONTEXT(2) 
PARAMETRIC_REPRESENTATION_CONTEXT() REPRESENTATION_CONTEXT('2D SPACE',''
  ) );
#499 = ORIENTED_EDGE('',*,*,#500,.F.);
#500 = EDGE_CURVE('',#501,#471,#503,.T.);
#501 = VERTEX_POINT('',#502);
#502 = CARTESIAN_POINT('',(-1.375,-0.925,0.3));
#503 = SURFACE_CURVE('',#504,(#508,#515),.PCURVE_S1.);
#504 = LINE('',#505,#506);
#505 = CARTESIAN_POINT('',(-1.375,-0.925,0.3));
#506 = VECTOR('',#507,1.);
#507 = DIRECTION('',(0.E+000,1.,0.E+000));
#508 = PCURVE('',#126,#509);
#509 = DEFINITIONAL_REPRESENTATION('',(#510),#514);
#510 = LINE('',#511,#512);
#511 = CARTESIAN_POINT('',(0.E+000,-1.85));
#512 = VECTOR('',#513,1.);
#513 = DIRECTION('',(0.E+000,1.));
#514 = ( GEOMETRIC_REPRESENTATION_CONTEXT(2) 
PARAMETRIC_REPRESENTATION_CONTEXT() REPRESENTATION_CONTEXT('2D SPACE',''
  ) );
#515 = PCURVE('',#516,#521);
#516 = PLANE('',#517);
#517 = AXIS2_PLACEMENT_3D('',#518,#519,#520);
#518 = CARTESIAN_POINT('',(-1.375,-0.925,0.E+000));
#519 = DIRECTION('',(-1.,0.E+000,0.E+000));
#520 = DIRECTION('',(0.E+000,1.,0.E+000));
#521 = DEFINITIONAL_REPRESENTATION('',(#522),#526);
#522 = LINE('',#523,#524);
#523 = CARTESIAN_POINT('',(0.E+000,-0.3));
#524 = VECTOR('',#525,1.);
#525 = DIRECTION('',(1.,0.E+000));
#526 = ( GEOMETRIC_REPRESENTATION_CONTEXT(2) 
PARAMETRIC_REPRESENTATION_CONTEXT() REPRESENTATION_CONTEXT('2D SPACE',''
  ) );
#527 = ORIENTED_EDGE('',*,*,#528,.F.);
#528 = EDGE_CURVE('',#529,#501,#531,.T.);
#529 = VERTEX_POINT('',#530);
#530 = CARTESIAN_POINT('',(1.375,-0.925,0.3));
#531 = SURFACE_CURVE('',#532,(#536,#543),.PCURVE_S1.);
#532 = LINE('',#533,#534);
#533 = CARTESIAN_POINT('',(1.375,-0.925,0.3));
#534 = VECTOR('',#535,1.);
#535 = DIRECTION('',(-1.,0.E+000,0.E+000));
#536 = PCURVE('',#126,#537);
#537 = DEFINITIONAL_REPRESENTATION('',(#538),#542);
#538 = LINE('',#539,#540);
#539 = CARTESIAN_POINT('',(2.75,-1.85));
#540 = VECTOR('',#541,1.);
#541 = DIRECTION('',(-1.,0.E+000));
#542 = ( GEOMETRIC_REPRESENTATION_CONTEXT(2) 
PARAMETRIC_REPRESENTATION_CONTEXT() REPRESENTATION_CONTEXT('2D SPACE',''
  ) );
#543 = PCURVE('',#544,#549);
#544 = PLANE('',#545);
#545 = AXIS2_PLACEMENT_3D('',#546,#547,#548);
#546 = CARTESIAN_POINT('',(1.375,-0.925,0.E+000));
#547 = DIRECTION('',(0.E+000,-1.,0.E+000));
#548 = DIRECTION('',(-1.,0.E+000,0.E+000));
#549 = DEFINITIONAL_REPRESENTATION('',(#550),#554);
#550 = LINE('',#551,#552);
#551 = CARTESIAN_POINT('',(0.E+000,-0.3));
#552 = VECTOR('',#553,1.);
#553 = DIRECTION('',(1.,0.E+000));
#554 = ( GEOMETRIC_REPRESENTATION_CONTEXT(2) 
PARAMETRIC_REPRESENTATION_CONTEXT() REPRESENTATION_CONTEXT('2D SPACE',''
  ) );
#555 = ORIENTED_EDGE('',*,*,#556,.F.);
#556 = EDGE_CURVE('',#473,#529,#557,.T.);
#557 = SURFACE_CURVE('',#558,(#562,#569),.PCURVE_S1.);
#558 = LINE('',#559,#560);
#559 = CARTESIAN_POINT('',(1.375,0.925,0.3));
#560 = VECTOR('',#561,1.);
#561 = DIRECTION('',(0.E+000,-1.,0.E+000));
#562 = PCURVE('',#126,#563);
#563 = DEFINITIONAL_REPRESENTATION('',(#564),#568);
#564 = LINE('',#565,#566);
#565 = CARTESIAN_POINT('',(2.75,0.E+000));
#566 = VECTOR('',#567,1.);
#567 = DIRECTION('',(0.E+000,-1.));
#568 = ( GEOMETRIC_REPRESENTATION_CONTEXT(2) 
PARAMETRIC_REPRESENTATION_CONTEXT() REPRESENTATION_CONTEXT('2D SPACE',''
  ) );
#569 = PCURVE('',#570,#575);
#570 = PLANE('',#571);
#571 = AXIS2_PLACEMENT_3D('',#572,#573,#574);
#572 = CARTESIAN_POINT('',(1.375,0.925,0.E+000));
#573 = DIRECTION('',(1.,0.E+000,0.E+000));
#574 = DIRECTION('',(0.E+000,-1.,0.E+000));
#575 = DEFINITIONAL_REPRESENTATION('',(#576),#580);
#576 = LINE('',#577,#578);
#577 = CARTESIAN_POINT('',(0.E+000,-0.3));
#578 = VECTOR('',#579,1.);
#579 = DIRECTION('',(1.,0.E+000));
#580 = ( GEOMETRIC_REPRESENTATION_CONTEXT(2) 
PARAMETRIC_REPRESENTATION_CONTEXT() REPRESENTATION_CONTEXT('2D SPACE',''
  ) );
#581 = ADVANCED_FACE('',(#582),#100,.T.);
#582 = FACE_BOUND('',#583,.F.);
#583 = EDGE_LOOP('',(#584,#585,#586,#609));
#584 = ORIENTED_EDGE('',*,*,#84,.F.);
#585 = ORIENTED_EDGE('',*,*,#304,.T.);
#586 = ORIENTED_EDGE('',*,*,#587,.T.);
#587 = EDGE_CURVE('',#305,#588,#590,.T.);
#588 = VERTEX_POINT('',#589);
#589 = CARTESIAN_POINT('',(1.29,0.6,0.7));
#590 = SURFACE_CURVE('',#591,(#595,#602),.PCURVE_S1.);
#591 = LINE('',#592,#593);
#592 = CARTESIAN_POINT('',(1.29,0.6,0.3));
#593 = VECTOR('',#594,1.);
#594 = DIRECTION('',(0.E+000,0.E+000,1.));
#595 = PCURVE('',#100,#596);
#596 = DEFINITIONAL_REPRESENTATION('',(#597),#601);
#597 = LINE('',#598,#599);
#598 = CARTESIAN_POINT('',(-1.570796326795,0.E+000));
#599 = VECTOR('',#600,1.);
#600 = DIRECTION('',(-0.E+000,1.));
#601 = ( GEOMETRIC_REPRESENTATION_CONTEXT(2) 
PARAMETRIC_REPRESENTATION_CONTEXT() REPRESENTATION_CONTEXT('2D SPACE',''
  ) );
#602 = PCURVE('',#348,#603);
#603 = DEFINITIONAL_REPRESENTATION('',(#604),#608);
#604 = LINE('',#605,#606);
#605 = CARTESIAN_POINT('',(0.25,0.E+000));
#606 = VECTOR('',#607,1.);
#607 = DIRECTION('',(0.E+000,-1.));
#608 = ( GEOMETRIC_REPRESENTATION_CONTEXT(2) 
PARAMETRIC_REPRESENTATION_CONTEXT() REPRESENTATION_CONTEXT('2D SPACE',''
  ) );
#609 = ORIENTED_EDGE('',*,*,#610,.F.);
#610 = EDGE_CURVE('',#57,#588,#611,.T.);
#611 = SURFACE_CURVE('',#612,(#617,#624),.PCURVE_S1.);
#612 = CIRCLE('',#613,0.25);
#613 = AXIS2_PLACEMENT_3D('',#614,#615,#616);
#614 = CARTESIAN_POINT('',(1.04,0.6,0.7));
#615 = DIRECTION('',(0.E+000,0.E+000,-1.));
#616 = DIRECTION('',(0.E+000,1.,0.E+000));
#617 = PCURVE('',#100,#618);
#618 = DEFINITIONAL_REPRESENTATION('',(#619),#623);
#619 = LINE('',#620,#621);
#620 = CARTESIAN_POINT('',(-0.E+000,0.4));
#621 = VECTOR('',#622,1.);
#622 = DIRECTION('',(-1.,0.E+000));
#623 = ( GEOMETRIC_REPRESENTATION_CONTEXT(2) 
PARAMETRIC_REPRESENTATION_CONTEXT() REPRESENTATION_CONTEXT('2D SPACE',''
  ) );
#624 = PCURVE('',#288,#625);
#625 = DEFINITIONAL_REPRESENTATION('',(#626),#630);
#626 = LINE('',#627,#628);
#627 = CARTESIAN_POINT('',(-0.E+000,0.E+000));
#628 = VECTOR('',#629,1.);
#629 = DIRECTION('',(-1.,0.E+000));
#630 = ( GEOMETRIC_REPRESENTATION_CONTEXT(2) 
PARAMETRIC_REPRESENTATION_CONTEXT() REPRESENTATION_CONTEXT('2D SPACE',''
  ) );
#631 = ADVANCED_FACE('',(#632),#209,.T.);
#632 = FACE_BOUND('',#633,.F.);
#633 = EDGE_LOOP('',(#634,#659,#660));
#634 = ORIENTED_EDGE('',*,*,#635,.F.);
#635 = EDGE_CURVE('',#167,#225,#636,.T.);
#636 = SURFACE_CURVE('',#637,(#642,#648),.PCURVE_S1.);
#637 = CIRCLE('',#638,0.25);
#638 = AXIS2_PLACEMENT_3D('',#639,#640,#641);
#639 = CARTESIAN_POINT('',(-1.04,0.6,0.7));
#640 = DIRECTION('',(0.E+000,1.,-0.E+000));
#641 = DIRECTION('',(-1.,0.E+000,0.E+000));
#642 = PCURVE('',#209,#643);
#643 = DEFINITIONAL_REPRESENTATION('',(#644),#647);
#644 = B_SPLINE_CURVE_WITH_KNOTS('',1,(#645,#646),.UNSPECIFIED.,.F.,.F.,
  (2,2),(0.E+000,1.570796326795),.PIECEWISE_BEZIER_KNOTS.);
#645 = CARTESIAN_POINT('',(0.E+000,0.E+000));
#646 = CARTESIAN_POINT('',(0.E+000,1.570796326795));
#647 = ( GEOMETRIC_REPRESENTATION_CONTEXT(2) 
PARAMETRIC_REPRESENTATION_CONTEXT() REPRESENTATION_CONTEXT('2D SPACE',''
  ) );
#648 = PCURVE('',#649,#654);
#649 = CYLINDRICAL_SURFACE('',#650,0.25);
#650 = AXIS2_PLACEMENT_3D('',#651,#652,#653);
#651 = CARTESIAN_POINT('',(-1.04,-0.6,0.7));
#652 = DIRECTION('',(0.E+000,1.,0.E+000));
#653 = DIRECTION('',(-1.,0.E+000,0.E+000));
#654 = DEFINITIONAL_REPRESENTATION('',(#655),#658);
#655 = B_SPLINE_CURVE_WITH_KNOTS('',1,(#656,#657),.UNSPECIFIED.,.F.,.F.,
  (2,2),(0.E+000,1.570796326795),.PIECEWISE_BEZIER_KNOTS.);
#656 = CARTESIAN_POINT('',(0.E+000,1.2));
#657 = CARTESIAN_POINT('',(1.570796326795,1.2));
#658 = ( GEOMETRIC_REPRESENTATION_CONTEXT(2) 
PARAMETRIC_REPRESENTATION_CONTEXT() REPRESENTATION_CONTEXT('2D SPACE',''
  ) );
#659 = ORIENTED_EDGE('',*,*,#194,.T.);
#660 = ORIENTED_EDGE('',*,*,#224,.T.);
#661 = ADVANCED_FACE('',(#662),#182,.T.);
#662 = FACE_BOUND('',#663,.T.);
#663 = EDGE_LOOP('',(#664,#687,#708,#709));
#664 = ORIENTED_EDGE('',*,*,#665,.T.);
#665 = EDGE_CURVE('',#418,#666,#668,.T.);
#666 = VERTEX_POINT('',#667);
#667 = CARTESIAN_POINT('',(-1.29,-0.6,0.7));
#668 = SURFACE_CURVE('',#669,(#673,#680),.PCURVE_S1.);
#669 = LINE('',#670,#671);
#670 = CARTESIAN_POINT('',(-1.29,-0.6,0.3));
#671 = VECTOR('',#672,1.);
#672 = DIRECTION('',(0.E+000,0.E+000,1.));
#673 = PCURVE('',#182,#674);
#674 = DEFINITIONAL_REPRESENTATION('',(#675),#679);
#675 = LINE('',#676,#677);
#676 = CARTESIAN_POINT('',(0.25,0.E+000));
#677 = VECTOR('',#678,1.);
#678 = DIRECTION('',(0.E+000,-1.));
#679 = ( GEOMETRIC_REPRESENTATION_CONTEXT(2) 
PARAMETRIC_REPRESENTATION_CONTEXT() REPRESENTATION_CONTEXT('2D SPACE',''
  ) );
#680 = PCURVE('',#434,#681);
#681 = DEFINITIONAL_REPRESENTATION('',(#682),#686);
#682 = LINE('',#683,#684);
#683 = CARTESIAN_POINT('',(0.E+000,0.E+000));
#684 = VECTOR('',#685,1.);
#685 = DIRECTION('',(0.E+000,1.));
#686 = ( GEOMETRIC_REPRESENTATION_CONTEXT(2) 
PARAMETRIC_REPRESENTATION_CONTEXT() REPRESENTATION_CONTEXT('2D SPACE',''
  ) );
#687 = ORIENTED_EDGE('',*,*,#688,.T.);
#688 = EDGE_CURVE('',#666,#167,#689,.T.);
#689 = SURFACE_CURVE('',#690,(#694,#701),.PCURVE_S1.);
#690 = LINE('',#691,#692);
#691 = CARTESIAN_POINT('',(-1.29,-0.6,0.7));
#692 = VECTOR('',#693,1.);
#693 = DIRECTION('',(0.E+000,1.,0.E+000));
#694 = PCURVE('',#182,#695);
#695 = DEFINITIONAL_REPRESENTATION('',(#696),#700);
#696 = LINE('',#697,#698);
#697 = CARTESIAN_POINT('',(0.25,-0.4));
#698 = VECTOR('',#699,1.);
#699 = DIRECTION('',(1.,0.E+000));
#700 = ( GEOMETRIC_REPRESENTATION_CONTEXT(2) 
PARAMETRIC_REPRESENTATION_CONTEXT() REPRESENTATION_CONTEXT('2D SPACE',''
  ) );
#701 = PCURVE('',#649,#702);
#702 = DEFINITIONAL_REPRESENTATION('',(#703),#707);
#703 = LINE('',#704,#705);
#704 = CARTESIAN_POINT('',(0.E+000,0.E+000));
#705 = VECTOR('',#706,1.);
#706 = DIRECTION('',(0.E+000,1.));
#707 = ( GEOMETRIC_REPRESENTATION_CONTEXT(2) 
PARAMETRIC_REPRESENTATION_CONTEXT() REPRESENTATION_CONTEXT('2D SPACE',''
  ) );
#708 = ORIENTED_EDGE('',*,*,#166,.F.);
#709 = ORIENTED_EDGE('',*,*,#446,.F.);
#710 = ADVANCED_FACE('',(#711,#791),#262,.T.);
#711 = FACE_BOUND('',#712,.T.);
#712 = EDGE_LOOP('',(#713,#743,#769,#770));
#713 = ORIENTED_EDGE('',*,*,#714,.F.);
#714 = EDGE_CURVE('',#715,#717,#719,.T.);
#715 = VERTEX_POINT('',#716);
#716 = CARTESIAN_POINT('',(1.04,-0.6,0.95));
#717 = VERTEX_POINT('',#718);
#718 = CARTESIAN_POINT('',(-1.04,-0.6,0.95));
#719 = SURFACE_CURVE('',#720,(#724,#731),.PCURVE_S1.);
#720 = LINE('',#721,#722);
#721 = CARTESIAN_POINT('',(1.04,-0.6,0.95));
#722 = VECTOR('',#723,1.);
#723 = DIRECTION('',(-1.,0.E+000,0.E+000));
#724 = PCURVE('',#262,#725);
#725 = DEFINITIONAL_REPRESENTATION('',(#726),#730);
#726 = LINE('',#727,#728);
#727 = CARTESIAN_POINT('',(2.33,-1.45));
#728 = VECTOR('',#729,1.);
#729 = DIRECTION('',(-1.,0.E+000));
#730 = ( GEOMETRIC_REPRESENTATION_CONTEXT(2) 
PARAMETRIC_REPRESENTATION_CONTEXT() REPRESENTATION_CONTEXT('2D SPACE',''
  ) );
#731 = PCURVE('',#732,#737);
#732 = CYLINDRICAL_SURFACE('',#733,0.25);
#733 = AXIS2_PLACEMENT_3D('',#734,#735,#736);
#734 = CARTESIAN_POINT('',(1.04,-0.6,0.7));
#735 = DIRECTION('',(-1.,0.E+000,0.E+000));
#736 = DIRECTION('',(0.E+000,-1.,0.E+000));
#737 = DEFINITIONAL_REPRESENTATION('',(#738),#742);
#738 = LINE('',#739,#740);
#739 = CARTESIAN_POINT('',(1.570796326795,0.E+000));
#740 = VECTOR('',#741,1.);
#741 = DIRECTION('',(0.E+000,1.));
#742 = ( GEOMETRIC_REPRESENTATION_CONTEXT(2) 
PARAMETRIC_REPRESENTATION_CONTEXT() REPRESENTATION_CONTEXT('2D SPACE',''
  ) );
#743 = ORIENTED_EDGE('',*,*,#744,.F.);
#744 = EDGE_CURVE('',#247,#715,#745,.T.);
#745 = SURFACE_CURVE('',#746,(#750,#757),.PCURVE_S1.);
#746 = LINE('',#747,#748);
#747 = CARTESIAN_POINT('',(1.04,0.6,0.95));
#748 = VECTOR('',#749,1.);
#749 = DIRECTION('',(0.E+000,-1.,0.E+000));
#750 = PCURVE('',#262,#751);
#751 = DEFINITIONAL_REPRESENTATION('',(#752),#756);
#752 = LINE('',#753,#754);
#753 = CARTESIAN_POINT('',(2.33,-0.25));
#754 = VECTOR('',#755,1.);
#755 = DIRECTION('',(0.E+000,-1.));
#756 = ( GEOMETRIC_REPRESENTATION_CONTEXT(2) 
PARAMETRIC_REPRESENTATION_CONTEXT() REPRESENTATION_CONTEXT('2D SPACE',''
  ) );
#757 = PCURVE('',#758,#763);
#758 = CYLINDRICAL_SURFACE('',#759,0.25);
#759 = AXIS2_PLACEMENT_3D('',#760,#761,#762);
#760 = CARTESIAN_POINT('',(1.04,0.6,0.7));
#761 = DIRECTION('',(0.E+000,-1.,0.E+000));
#762 = DIRECTION('',(1.,0.E+000,0.E+000));
#763 = DEFINITIONAL_REPRESENTATION('',(#764),#768);
#764 = LINE('',#765,#766);
#765 = CARTESIAN_POINT('',(1.570796326795,0.E+000));
#766 = VECTOR('',#767,1.);
#767 = DIRECTION('',(0.E+000,1.));
#768 = ( GEOMETRIC_REPRESENTATION_CONTEXT(2) 
PARAMETRIC_REPRESENTATION_CONTEXT() REPRESENTATION_CONTEXT('2D SPACE',''
  ) );
#769 = ORIENTED_EDGE('',*,*,#246,.F.);
#770 = ORIENTED_EDGE('',*,*,#771,.F.);
#771 = EDGE_CURVE('',#717,#225,#772,.T.);
#772 = SURFACE_CURVE('',#773,(#777,#784),.PCURVE_S1.);
#773 = LINE('',#774,#775);
#774 = CARTESIAN_POINT('',(-1.04,-0.6,0.95));
#775 = VECTOR('',#776,1.);
#776 = DIRECTION('',(0.E+000,1.,0.E+000));
#777 = PCURVE('',#262,#778);
#778 = DEFINITIONAL_REPRESENTATION('',(#779),#783);
#779 = LINE('',#780,#781);
#780 = CARTESIAN_POINT('',(0.25,-1.45));
#781 = VECTOR('',#782,1.);
#782 = DIRECTION('',(0.E+000,1.));
#783 = ( GEOMETRIC_REPRESENTATION_CONTEXT(2) 
PARAMETRIC_REPRESENTATION_CONTEXT() REPRESENTATION_CONTEXT('2D SPACE',''
  ) );
#784 = PCURVE('',#649,#785);
#785 = DEFINITIONAL_REPRESENTATION('',(#786),#790);
#786 = LINE('',#787,#788);
#787 = CARTESIAN_POINT('',(1.570796326795,0.E+000));
#788 = VECTOR('',#789,1.);
#789 = DIRECTION('',(0.E+000,1.));
#790 = ( GEOMETRIC_REPRESENTATION_CONTEXT(2) 
PARAMETRIC_REPRESENTATION_CONTEXT() REPRESENTATION_CONTEXT('2D SPACE',''
  ) );
#791 = FACE_BOUND('',#792,.T.);
#792 = EDGE_LOOP('',(#793));
#793 = ORIENTED_EDGE('',*,*,#794,.F.);
#794 = EDGE_CURVE('',#795,#795,#797,.T.);
#795 = VERTEX_POINT('',#796);
#796 = CARTESIAN_POINT('',(-0.34,0.E+000,0.95));
#797 = SURFACE_CURVE('',#798,(#803,#810),.PCURVE_S1.);
#798 = CIRCLE('',#799,0.25);
#799 = AXIS2_PLACEMENT_3D('',#800,#801,#802);
#800 = CARTESIAN_POINT('',(-0.59,0.E+000,0.95));
#801 = DIRECTION('',(0.E+000,0.E+000,1.));
#802 = DIRECTION('',(1.,0.E+000,0.E+000));
#803 = PCURVE('',#262,#804);
#804 = DEFINITIONAL_REPRESENTATION('',(#805),#809);
#805 = CIRCLE('',#806,0.25);
#806 = AXIS2_PLACEMENT_2D('',#807,#808);
#807 = CARTESIAN_POINT('',(0.7,-0.85));
#808 = DIRECTION('',(1.,0.E+000));
#809 = ( GEOMETRIC_REPRESENTATION_CONTEXT(2) 
PARAMETRIC_REPRESENTATION_CONTEXT() REPRESENTATION_CONTEXT('2D SPACE',''
  ) );
#810 = PCURVE('',#811,#816);
#811 = CYLINDRICAL_SURFACE('',#812,0.25);
#812 = AXIS2_PLACEMENT_3D('',#813,#814,#815);
#813 = CARTESIAN_POINT('',(-0.59,0.E+000,0.95));
#814 = DIRECTION('',(0.E+000,0.E+000,1.));
#815 = DIRECTION('',(1.,0.E+000,0.E+000));
#816 = DEFINITIONAL_REPRESENTATION('',(#817),#821);
#817 = LINE('',#818,#819);
#818 = CARTESIAN_POINT('',(0.E+000,0.E+000));
#819 = VECTOR('',#820,1.);
#820 = DIRECTION('',(1.,0.E+000));
#821 = ( GEOMETRIC_REPRESENTATION_CONTEXT(2) 
PARAMETRIC_REPRESENTATION_CONTEXT() REPRESENTATION_CONTEXT('2D SPACE',''
  ) );
#822 = ADVANCED_FACE('',(#823),#288,.T.);
#823 = FACE_BOUND('',#824,.F.);
#824 = EDGE_LOOP('',(#825,#826,#827));
#825 = ORIENTED_EDGE('',*,*,#274,.F.);
#826 = ORIENTED_EDGE('',*,*,#610,.T.);
#827 = ORIENTED_EDGE('',*,*,#828,.T.);
#828 = EDGE_CURVE('',#588,#247,#829,.T.);
#829 = SURFACE_CURVE('',#830,(#835,#841),.PCURVE_S1.);
#830 = CIRCLE('',#831,0.25);
#831 = AXIS2_PLACEMENT_3D('',#832,#833,#834);
#832 = CARTESIAN_POINT('',(1.04,0.6,0.7));
#833 = DIRECTION('',(6.123233995737E-017,-1.,0.E+000));
#834 = DIRECTION('',(1.,6.123233995737E-017,0.E+000));
#835 = PCURVE('',#288,#836);
#836 = DEFINITIONAL_REPRESENTATION('',(#837),#840);
#837 = B_SPLINE_CURVE_WITH_KNOTS('',1,(#838,#839),.UNSPECIFIED.,.F.,.F.,
  (2,2),(0.E+000,1.570796326795),.PIECEWISE_BEZIER_KNOTS.);
#838 = CARTESIAN_POINT('',(-1.570796326795,0.E+000));
#839 = CARTESIAN_POINT('',(-1.570796326795,1.570796326795));
#840 = ( GEOMETRIC_REPRESENTATION_CONTEXT(2) 
PARAMETRIC_REPRESENTATION_CONTEXT() REPRESENTATION_CONTEXT('2D SPACE',''
  ) );
#841 = PCURVE('',#758,#842);
#842 = DEFINITIONAL_REPRESENTATION('',(#843),#846);
#843 = B_SPLINE_CURVE_WITH_KNOTS('',1,(#844,#845),.UNSPECIFIED.,.F.,.F.,
  (2,2),(0.E+000,1.570796326795),.PIECEWISE_BEZIER_KNOTS.);
#844 = CARTESIAN_POINT('',(0.E+000,0.E+000));
#845 = CARTESIAN_POINT('',(1.570796326795,0.E+000));
#846 = ( GEOMETRIC_REPRESENTATION_CONTEXT(2) 
PARAMETRIC_REPRESENTATION_CONTEXT() REPRESENTATION_CONTEXT('2D SPACE',''
  ) );
#847 = ADVANCED_FACE('',(#848),#348,.T.);
#848 = FACE_BOUND('',#849,.T.);
#849 = EDGE_LOOP('',(#850,#851,#874,#895));
#850 = ORIENTED_EDGE('',*,*,#587,.T.);
#851 = ORIENTED_EDGE('',*,*,#852,.T.);
#852 = EDGE_CURVE('',#588,#853,#855,.T.);
#853 = VERTEX_POINT('',#854);
#854 = CARTESIAN_POINT('',(1.29,-0.6,0.7));
#855 = SURFACE_CURVE('',#856,(#860,#867),.PCURVE_S1.);
#856 = LINE('',#857,#858);
#857 = CARTESIAN_POINT('',(1.29,0.6,0.7));
#858 = VECTOR('',#859,1.);
#859 = DIRECTION('',(0.E+000,-1.,0.E+000));
#860 = PCURVE('',#348,#861);
#861 = DEFINITIONAL_REPRESENTATION('',(#862),#866);
#862 = LINE('',#863,#864);
#863 = CARTESIAN_POINT('',(0.25,-0.4));
#864 = VECTOR('',#865,1.);
#865 = DIRECTION('',(1.,0.E+000));
#866 = ( GEOMETRIC_REPRESENTATION_CONTEXT(2) 
PARAMETRIC_REPRESENTATION_CONTEXT() REPRESENTATION_CONTEXT('2D SPACE',''
  ) );
#867 = PCURVE('',#758,#868);
#868 = DEFINITIONAL_REPRESENTATION('',(#869),#873);
#869 = LINE('',#870,#871);
#870 = CARTESIAN_POINT('',(0.E+000,0.E+000));
#871 = VECTOR('',#872,1.);
#872 = DIRECTION('',(0.E+000,1.));
#873 = ( GEOMETRIC_REPRESENTATION_CONTEXT(2) 
PARAMETRIC_REPRESENTATION_CONTEXT() REPRESENTATION_CONTEXT('2D SPACE',''
  ) );
#874 = ORIENTED_EDGE('',*,*,#875,.F.);
#875 = EDGE_CURVE('',#333,#853,#876,.T.);
#876 = SURFACE_CURVE('',#877,(#881,#888),.PCURVE_S1.);
#877 = LINE('',#878,#879);
#878 = CARTESIAN_POINT('',(1.29,-0.6,0.3));
#879 = VECTOR('',#880,1.);
#880 = DIRECTION('',(0.E+000,0.E+000,1.));
#881 = PCURVE('',#348,#882);
#882 = DEFINITIONAL_REPRESENTATION('',(#883),#887);
#883 = LINE('',#884,#885);
#884 = CARTESIAN_POINT('',(1.45,0.E+000));
#885 = VECTOR('',#886,1.);
#886 = DIRECTION('',(0.E+000,-1.));
#887 = ( GEOMETRIC_REPRESENTATION_CONTEXT(2) 
PARAMETRIC_REPRESENTATION_CONTEXT() REPRESENTATION_CONTEXT('2D SPACE',''
  ) );
#888 = PCURVE('',#377,#889);
#889 = DEFINITIONAL_REPRESENTATION('',(#890),#894);
#890 = LINE('',#891,#892);
#891 = CARTESIAN_POINT('',(1.570796326795,0.E+000));
#892 = VECTOR('',#893,1.);
#893 = DIRECTION('',(0.E+000,1.));
#894 = ( GEOMETRIC_REPRESENTATION_CONTEXT(2) 
PARAMETRIC_REPRESENTATION_CONTEXT() REPRESENTATION_CONTEXT('2D SPACE',''
  ) );
#895 = ORIENTED_EDGE('',*,*,#332,.F.);
#896 = ADVANCED_FACE('',(#897),#434,.T.);
#897 = FACE_BOUND('',#898,.T.);
#898 = EDGE_LOOP('',(#899,#900,#901,#924));
#899 = ORIENTED_EDGE('',*,*,#665,.F.);
#900 = ORIENTED_EDGE('',*,*,#417,.T.);
#901 = ORIENTED_EDGE('',*,*,#902,.T.);
#902 = EDGE_CURVE('',#390,#903,#905,.T.);
#903 = VERTEX_POINT('',#904);
#904 = CARTESIAN_POINT('',(-1.04,-0.85,0.7));
#905 = SURFACE_CURVE('',#906,(#910,#917),.PCURVE_S1.);
#906 = LINE('',#907,#908);
#907 = CARTESIAN_POINT('',(-1.04,-0.85,0.3));
#908 = VECTOR('',#909,1.);
#909 = DIRECTION('',(0.E+000,0.E+000,1.));
#910 = PCURVE('',#434,#911);
#911 = DEFINITIONAL_REPRESENTATION('',(#912),#916);
#912 = LINE('',#913,#914);
#913 = CARTESIAN_POINT('',(1.570796326795,0.E+000));
#914 = VECTOR('',#915,1.);
#915 = DIRECTION('',(0.E+000,1.));
#916 = ( GEOMETRIC_REPRESENTATION_CONTEXT(2) 
PARAMETRIC_REPRESENTATION_CONTEXT() REPRESENTATION_CONTEXT('2D SPACE',''
  ) );
#917 = PCURVE('',#405,#918);
#918 = DEFINITIONAL_REPRESENTATION('',(#919),#923);
#919 = LINE('',#920,#921);
#920 = CARTESIAN_POINT('',(2.33,0.E+000));
#921 = VECTOR('',#922,1.);
#922 = DIRECTION('',(0.E+000,-1.));
#923 = ( GEOMETRIC_REPRESENTATION_CONTEXT(2) 
PARAMETRIC_REPRESENTATION_CONTEXT() REPRESENTATION_CONTEXT('2D SPACE',''
  ) );
#924 = ORIENTED_EDGE('',*,*,#925,.T.);
#925 = EDGE_CURVE('',#903,#666,#926,.T.);
#926 = SURFACE_CURVE('',#927,(#932,#939),.PCURVE_S1.);
#927 = CIRCLE('',#928,0.25);
#928 = AXIS2_PLACEMENT_3D('',#929,#930,#931);
#929 = CARTESIAN_POINT('',(-1.04,-0.6,0.7));
#930 = DIRECTION('',(-0.E+000,-0.E+000,-1.));
#931 = DIRECTION('',(0.E+000,-1.,0.E+000));
#932 = PCURVE('',#434,#933);
#933 = DEFINITIONAL_REPRESENTATION('',(#934),#938);
#934 = LINE('',#935,#936);
#935 = CARTESIAN_POINT('',(1.570796326795,0.4));
#936 = VECTOR('',#937,1.);
#937 = DIRECTION('',(-1.,-0.E+000));
#938 = ( GEOMETRIC_REPRESENTATION_CONTEXT(2) 
PARAMETRIC_REPRESENTATION_CONTEXT() REPRESENTATION_CONTEXT('2D SPACE',''
  ) );
#939 = PCURVE('',#940,#945);
#940 = SPHERICAL_SURFACE('',#941,0.25);
#941 = AXIS2_PLACEMENT_3D('',#942,#943,#944);
#942 = CARTESIAN_POINT('',(-1.04,-0.6,0.7));
#943 = DIRECTION('',(0.E+000,0.E+000,1.));
#944 = DIRECTION('',(0.E+000,-1.,0.E+000));
#945 = DEFINITIONAL_REPRESENTATION('',(#946),#950);
#946 = LINE('',#947,#948);
#947 = CARTESIAN_POINT('',(-0.E+000,0.E+000));
#948 = VECTOR('',#949,1.);
#949 = DIRECTION('',(-1.,0.E+000));
#950 = ( GEOMETRIC_REPRESENTATION_CONTEXT(2) 
PARAMETRIC_REPRESENTATION_CONTEXT() REPRESENTATION_CONTEXT('2D SPACE',''
  ) );
#951 = ADVANCED_FACE('',(#952),#377,.T.);
#952 = FACE_BOUND('',#953,.T.);
#953 = EDGE_LOOP('',(#954,#977,#978,#979));
#954 = ORIENTED_EDGE('',*,*,#955,.F.);
#955 = EDGE_CURVE('',#361,#956,#958,.T.);
#956 = VERTEX_POINT('',#957);
#957 = CARTESIAN_POINT('',(1.04,-0.85,0.7));
#958 = SURFACE_CURVE('',#959,(#963,#970),.PCURVE_S1.);
#959 = LINE('',#960,#961);
#960 = CARTESIAN_POINT('',(1.04,-0.85,0.3));
#961 = VECTOR('',#962,1.);
#962 = DIRECTION('',(0.E+000,0.E+000,1.));
#963 = PCURVE('',#377,#964);
#964 = DEFINITIONAL_REPRESENTATION('',(#965),#969);
#965 = LINE('',#966,#967);
#966 = CARTESIAN_POINT('',(0.E+000,0.E+000));
#967 = VECTOR('',#968,1.);
#968 = DIRECTION('',(0.E+000,1.));
#969 = ( GEOMETRIC_REPRESENTATION_CONTEXT(2) 
PARAMETRIC_REPRESENTATION_CONTEXT() REPRESENTATION_CONTEXT('2D SPACE',''
  ) );
#970 = PCURVE('',#405,#971);
#971 = DEFINITIONAL_REPRESENTATION('',(#972),#976);
#972 = LINE('',#973,#974);
#973 = CARTESIAN_POINT('',(0.25,0.E+000));
#974 = VECTOR('',#975,1.);
#975 = DIRECTION('',(0.E+000,-1.));
#976 = ( GEOMETRIC_REPRESENTATION_CONTEXT(2) 
PARAMETRIC_REPRESENTATION_CONTEXT() REPRESENTATION_CONTEXT('2D SPACE',''
  ) );
#977 = ORIENTED_EDGE('',*,*,#360,.T.);
#978 = ORIENTED_EDGE('',*,*,#875,.T.);
#979 = ORIENTED_EDGE('',*,*,#980,.T.);
#980 = EDGE_CURVE('',#853,#956,#981,.T.);
#981 = SURFACE_CURVE('',#982,(#987,#994),.PCURVE_S1.);
#982 = CIRCLE('',#983,0.25);
#983 = AXIS2_PLACEMENT_3D('',#984,#985,#986);
#984 = CARTESIAN_POINT('',(1.04,-0.6,0.7));
#985 = DIRECTION('',(0.E+000,-0.E+000,-1.));
#986 = DIRECTION('',(1.,-4.440892098501E-016,0.E+000));
#987 = PCURVE('',#377,#988);
#988 = DEFINITIONAL_REPRESENTATION('',(#989),#993);
#989 = LINE('',#990,#991);
#990 = CARTESIAN_POINT('',(1.570796326795,0.4));
#991 = VECTOR('',#992,1.);
#992 = DIRECTION('',(-1.,-0.E+000));
#993 = ( GEOMETRIC_REPRESENTATION_CONTEXT(2) 
PARAMETRIC_REPRESENTATION_CONTEXT() REPRESENTATION_CONTEXT('2D SPACE',''
  ) );
#994 = PCURVE('',#995,#1000);
#995 = SPHERICAL_SURFACE('',#996,0.25);
#996 = AXIS2_PLACEMENT_3D('',#997,#998,#999);
#997 = CARTESIAN_POINT('',(1.04,-0.6,0.7));
#998 = DIRECTION('',(0.E+000,0.E+000,1.));
#999 = DIRECTION('',(1.,-4.440892098501E-016,0.E+000));
#1000 = DEFINITIONAL_REPRESENTATION('',(#1001),#1005);
#1001 = LINE('',#1002,#1003);
#1002 = CARTESIAN_POINT('',(-0.E+000,0.E+000));
#1003 = VECTOR('',#1004,1.);
#1004 = DIRECTION('',(-1.,0.E+000));
#1005 = ( GEOMETRIC_REPRESENTATION_CONTEXT(2) 
PARAMETRIC_REPRESENTATION_CONTEXT() REPRESENTATION_CONTEXT('2D SPACE',''
  ) );
#1006 = ADVANCED_FACE('',(#1007),#405,.T.);
#1007 = FACE_BOUND('',#1008,.T.);
#1008 = EDGE_LOOP('',(#1009,#1010,#1031,#1032));
#1009 = ORIENTED_EDGE('',*,*,#955,.T.);
#1010 = ORIENTED_EDGE('',*,*,#1011,.T.);
#1011 = EDGE_CURVE('',#956,#903,#1012,.T.);
#1012 = SURFACE_CURVE('',#1013,(#1017,#1024),.PCURVE_S1.);
#1013 = LINE('',#1014,#1015);
#1014 = CARTESIAN_POINT('',(1.04,-0.85,0.7));
#1015 = VECTOR('',#1016,1.);
#1016 = DIRECTION('',(-1.,0.E+000,0.E+000));
#1017 = PCURVE('',#405,#1018);
#1018 = DEFINITIONAL_REPRESENTATION('',(#1019),#1023);
#1019 = LINE('',#1020,#1021);
#1020 = CARTESIAN_POINT('',(0.25,-0.4));
#1021 = VECTOR('',#1022,1.);
#1022 = DIRECTION('',(1.,0.E+000));
#1023 = ( GEOMETRIC_REPRESENTATION_CONTEXT(2) 
PARAMETRIC_REPRESENTATION_CONTEXT() REPRESENTATION_CONTEXT('2D SPACE',''
  ) );
#1024 = PCURVE('',#732,#1025);
#1025 = DEFINITIONAL_REPRESENTATION('',(#1026),#1030);
#1026 = LINE('',#1027,#1028);
#1027 = CARTESIAN_POINT('',(0.E+000,0.E+000));
#1028 = VECTOR('',#1029,1.);
#1029 = DIRECTION('',(0.E+000,1.));
#1030 = ( GEOMETRIC_REPRESENTATION_CONTEXT(2) 
PARAMETRIC_REPRESENTATION_CONTEXT() REPRESENTATION_CONTEXT('2D SPACE',''
  ) );
#1031 = ORIENTED_EDGE('',*,*,#902,.F.);
#1032 = ORIENTED_EDGE('',*,*,#389,.F.);
#1033 = ADVANCED_FACE('',(#1034),#488,.T.);
#1034 = FACE_BOUND('',#1035,.T.);
#1035 = EDGE_LOOP('',(#1036,#1059,#1060,#1083));
#1036 = ORIENTED_EDGE('',*,*,#1037,.T.);
#1037 = EDGE_CURVE('',#1038,#471,#1040,.T.);
#1038 = VERTEX_POINT('',#1039);
#1039 = CARTESIAN_POINT('',(-1.375,0.925,0.E+000));
#1040 = SURFACE_CURVE('',#1041,(#1045,#1052),.PCURVE_S1.);
#1041 = LINE('',#1042,#1043);
#1042 = CARTESIAN_POINT('',(-1.375,0.925,0.E+000));
#1043 = VECTOR('',#1044,1.);
#1044 = DIRECTION('',(0.E+000,0.E+000,1.));
#1045 = PCURVE('',#488,#1046);
#1046 = DEFINITIONAL_REPRESENTATION('',(#1047),#1051);
#1047 = LINE('',#1048,#1049);
#1048 = CARTESIAN_POINT('',(0.E+000,0.E+000));
#1049 = VECTOR('',#1050,1.);
#1050 = DIRECTION('',(0.E+000,-1.));
#1051 = ( GEOMETRIC_REPRESENTATION_CONTEXT(2) 
PARAMETRIC_REPRESENTATION_CONTEXT() REPRESENTATION_CONTEXT('2D SPACE',''
  ) );
#1052 = PCURVE('',#516,#1053);
#1053 = DEFINITIONAL_REPRESENTATION('',(#1054),#1058);
#1054 = LINE('',#1055,#1056);
#1055 = CARTESIAN_POINT('',(1.85,0.E+000));
#1056 = VECTOR('',#1057,1.);
#1057 = DIRECTION('',(0.E+000,-1.));
#1058 = ( GEOMETRIC_REPRESENTATION_CONTEXT(2) 
PARAMETRIC_REPRESENTATION_CONTEXT() REPRESENTATION_CONTEXT('2D SPACE',''
  ) );
#1059 = ORIENTED_EDGE('',*,*,#470,.T.);
#1060 = ORIENTED_EDGE('',*,*,#1061,.F.);
#1061 = EDGE_CURVE('',#1062,#473,#1064,.T.);
#1062 = VERTEX_POINT('',#1063);
#1063 = CARTESIAN_POINT('',(1.375,0.925,0.E+000));
#1064 = SURFACE_CURVE('',#1065,(#1069,#1076),.PCURVE_S1.);
#1065 = LINE('',#1066,#1067);
#1066 = CARTESIAN_POINT('',(1.375,0.925,0.E+000));
#1067 = VECTOR('',#1068,1.);
#1068 = DIRECTION('',(0.E+000,0.E+000,1.));
#1069 = PCURVE('',#488,#1070);
#1070 = DEFINITIONAL_REPRESENTATION('',(#1071),#1075);
#1071 = LINE('',#1072,#1073);
#1072 = CARTESIAN_POINT('',(2.75,0.E+000));
#1073 = VECTOR('',#1074,1.);
#1074 = DIRECTION('',(0.E+000,-1.));
#1075 = ( GEOMETRIC_REPRESENTATION_CONTEXT(2) 
PARAMETRIC_REPRESENTATION_CONTEXT() REPRESENTATION_CONTEXT('2D SPACE',''
  ) );
#1076 = PCURVE('',#570,#1077);
#1077 = DEFINITIONAL_REPRESENTATION('',(#1078),#1082);
#1078 = LINE('',#1079,#1080);
#1079 = CARTESIAN_POINT('',(0.E+000,0.E+000));
#1080 = VECTOR('',#1081,1.);
#1081 = DIRECTION('',(0.E+000,-1.));
#1082 = ( GEOMETRIC_REPRESENTATION_CONTEXT(2) 
PARAMETRIC_REPRESENTATION_CONTEXT() REPRESENTATION_CONTEXT('2D SPACE',''
  ) );
#1083 = ORIENTED_EDGE('',*,*,#1084,.F.);
#1084 = EDGE_CURVE('',#1038,#1062,#1085,.T.);
#1085 = SURFACE_CURVE('',#1086,(#1090,#1097),.PCURVE_S1.);
#1086 = LINE('',#1087,#1088);
#1087 = CARTESIAN_POINT('',(-1.375,0.925,0.E+000));
#1088 = VECTOR('',#1089,1.);
#1089 = DIRECTION('',(1.,0.E+000,0.E+000));
#1090 = PCURVE('',#488,#1091);
#1091 = DEFINITIONAL_REPRESENTATION('',(#1092),#1096);
#1092 = LINE('',#1093,#1094);
#1093 = CARTESIAN_POINT('',(0.E+000,0.E+000));
#1094 = VECTOR('',#1095,1.);
#1095 = DIRECTION('',(1.,0.E+000));
#1096 = ( GEOMETRIC_REPRESENTATION_CONTEXT(2) 
PARAMETRIC_REPRESENTATION_CONTEXT() REPRESENTATION_CONTEXT('2D SPACE',''
  ) );
#1097 = PCURVE('',#1098,#1103);
#1098 = PLANE('',#1099);
#1099 = AXIS2_PLACEMENT_3D('',#1100,#1101,#1102);
#1100 = CARTESIAN_POINT('',(-1.375,0.925,0.E+000));
#1101 = DIRECTION('',(0.E+000,0.E+000,1.));
#1102 = DIRECTION('',(1.,0.E+000,0.E+000));
#1103 = DEFINITIONAL_REPRESENTATION('',(#1104),#1108);
#1104 = LINE('',#1105,#1106);
#1105 = CARTESIAN_POINT('',(0.E+000,0.E+000));
#1106 = VECTOR('',#1107,1.);
#1107 = DIRECTION('',(1.,0.E+000));
#1108 = ( GEOMETRIC_REPRESENTATION_CONTEXT(2) 
PARAMETRIC_REPRESENTATION_CONTEXT() REPRESENTATION_CONTEXT('2D SPACE',''
  ) );
#1109 = ADVANCED_FACE('',(#1110),#516,.T.);
#1110 = FACE_BOUND('',#1111,.T.);
#1111 = EDGE_LOOP('',(#1112,#1135,#1136,#1137));
#1112 = ORIENTED_EDGE('',*,*,#1113,.T.);
#1113 = EDGE_CURVE('',#1114,#501,#1116,.T.);
#1114 = VERTEX_POINT('',#1115);
#1115 = CARTESIAN_POINT('',(-1.375,-0.925,0.E+000));
#1116 = SURFACE_CURVE('',#1117,(#1121,#1128),.PCURVE_S1.);
#1117 = LINE('',#1118,#1119);
#1118 = CARTESIAN_POINT('',(-1.375,-0.925,0.E+000));
#1119 = VECTOR('',#1120,1.);
#1120 = DIRECTION('',(0.E+000,0.E+000,1.));
#1121 = PCURVE('',#516,#1122);
#1122 = DEFINITIONAL_REPRESENTATION('',(#1123),#1127);
#1123 = LINE('',#1124,#1125);
#1124 = CARTESIAN_POINT('',(0.E+000,0.E+000));
#1125 = VECTOR('',#1126,1.);
#1126 = DIRECTION('',(0.E+000,-1.));
#1127 = ( GEOMETRIC_REPRESENTATION_CONTEXT(2) 
PARAMETRIC_REPRESENTATION_CONTEXT() REPRESENTATION_CONTEXT('2D SPACE',''
  ) );
#1128 = PCURVE('',#544,#1129);
#1129 = DEFINITIONAL_REPRESENTATION('',(#1130),#1134);
#1130 = LINE('',#1131,#1132);
#1131 = CARTESIAN_POINT('',(2.75,0.E+000));
#1132 = VECTOR('',#1133,1.);
#1133 = DIRECTION('',(0.E+000,-1.));
#1134 = ( GEOMETRIC_REPRESENTATION_CONTEXT(2) 
PARAMETRIC_REPRESENTATION_CONTEXT() REPRESENTATION_CONTEXT('2D SPACE',''
  ) );
#1135 = ORIENTED_EDGE('',*,*,#500,.T.);
#1136 = ORIENTED_EDGE('',*,*,#1037,.F.);
#1137 = ORIENTED_EDGE('',*,*,#1138,.F.);
#1138 = EDGE_CURVE('',#1114,#1038,#1139,.T.);
#1139 = SURFACE_CURVE('',#1140,(#1144,#1151),.PCURVE_S1.);
#1140 = LINE('',#1141,#1142);
#1141 = CARTESIAN_POINT('',(-1.375,-0.925,0.E+000));
#1142 = VECTOR('',#1143,1.);
#1143 = DIRECTION('',(0.E+000,1.,0.E+000));
#1144 = PCURVE('',#516,#1145);
#1145 = DEFINITIONAL_REPRESENTATION('',(#1146),#1150);
#1146 = LINE('',#1147,#1148);
#1147 = CARTESIAN_POINT('',(0.E+000,0.E+000));
#1148 = VECTOR('',#1149,1.);
#1149 = DIRECTION('',(1.,0.E+000));
#1150 = ( GEOMETRIC_REPRESENTATION_CONTEXT(2) 
PARAMETRIC_REPRESENTATION_CONTEXT() REPRESENTATION_CONTEXT('2D SPACE',''
  ) );
#1151 = PCURVE('',#1098,#1152);
#1152 = DEFINITIONAL_REPRESENTATION('',(#1153),#1157);
#1153 = LINE('',#1154,#1155);
#1154 = CARTESIAN_POINT('',(0.E+000,-1.85));
#1155 = VECTOR('',#1156,1.);
#1156 = DIRECTION('',(0.E+000,1.));
#1157 = ( GEOMETRIC_REPRESENTATION_CONTEXT(2) 
PARAMETRIC_REPRESENTATION_CONTEXT() REPRESENTATION_CONTEXT('2D SPACE',''
  ) );
#1158 = ADVANCED_FACE('',(#1159),#570,.T.);
#1159 = FACE_BOUND('',#1160,.T.);
#1160 = EDGE_LOOP('',(#1161,#1162,#1163,#1186));
#1161 = ORIENTED_EDGE('',*,*,#1061,.T.);
#1162 = ORIENTED_EDGE('',*,*,#556,.T.);
#1163 = ORIENTED_EDGE('',*,*,#1164,.F.);
#1164 = EDGE_CURVE('',#1165,#529,#1167,.T.);
#1165 = VERTEX_POINT('',#1166);
#1166 = CARTESIAN_POINT('',(1.375,-0.925,0.E+000));
#1167 = SURFACE_CURVE('',#1168,(#1172,#1179),.PCURVE_S1.);
#1168 = LINE('',#1169,#1170);
#1169 = CARTESIAN_POINT('',(1.375,-0.925,0.E+000));
#1170 = VECTOR('',#1171,1.);
#1171 = DIRECTION('',(0.E+000,0.E+000,1.));
#1172 = PCURVE('',#570,#1173);
#1173 = DEFINITIONAL_REPRESENTATION('',(#1174),#1178);
#1174 = LINE('',#1175,#1176);
#1175 = CARTESIAN_POINT('',(1.85,0.E+000));
#1176 = VECTOR('',#1177,1.);
#1177 = DIRECTION('',(0.E+000,-1.));
#1178 = ( GEOMETRIC_REPRESENTATION_CONTEXT(2) 
PARAMETRIC_REPRESENTATION_CONTEXT() REPRESENTATION_CONTEXT('2D SPACE',''
  ) );
#1179 = PCURVE('',#544,#1180);
#1180 = DEFINITIONAL_REPRESENTATION('',(#1181),#1185);
#1181 = LINE('',#1182,#1183);
#1182 = CARTESIAN_POINT('',(0.E+000,-0.E+000));
#1183 = VECTOR('',#1184,1.);
#1184 = DIRECTION('',(0.E+000,-1.));
#1185 = ( GEOMETRIC_REPRESENTATION_CONTEXT(2) 
PARAMETRIC_REPRESENTATION_CONTEXT() REPRESENTATION_CONTEXT('2D SPACE',''
  ) );
#1186 = ORIENTED_EDGE('',*,*,#1187,.F.);
#1187 = EDGE_CURVE('',#1062,#1165,#1188,.T.);
#1188 = SURFACE_CURVE('',#1189,(#1193,#1200),.PCURVE_S1.);
#1189 = LINE('',#1190,#1191);
#1190 = CARTESIAN_POINT('',(1.375,0.925,0.E+000));
#1191 = VECTOR('',#1192,1.);
#1192 = DIRECTION('',(0.E+000,-1.,0.E+000));
#1193 = PCURVE('',#570,#1194);
#1194 = DEFINITIONAL_REPRESENTATION('',(#1195),#1199);
#1195 = LINE('',#1196,#1197);
#1196 = CARTESIAN_POINT('',(0.E+000,0.E+000));
#1197 = VECTOR('',#1198,1.);
#1198 = DIRECTION('',(1.,0.E+000));
#1199 = ( GEOMETRIC_REPRESENTATION_CONTEXT(2) 
PARAMETRIC_REPRESENTATION_CONTEXT() REPRESENTATION_CONTEXT('2D SPACE',''
  ) );
#1200 = PCURVE('',#1098,#1201);
#1201 = DEFINITIONAL_REPRESENTATION('',(#1202),#1206);
#1202 = LINE('',#1203,#1204);
#1203 = CARTESIAN_POINT('',(2.75,0.E+000));
#1204 = VECTOR('',#1205,1.);
#1205 = DIRECTION('',(0.E+000,-1.));
#1206 = ( GEOMETRIC_REPRESENTATION_CONTEXT(2) 
PARAMETRIC_REPRESENTATION_CONTEXT() REPRESENTATION_CONTEXT('2D SPACE',''
  ) );
#1207 = ADVANCED_FACE('',(#1208),#544,.T.);
#1208 = FACE_BOUND('',#1209,.T.);
#1209 = EDGE_LOOP('',(#1210,#1211,#1212,#1213));
#1210 = ORIENTED_EDGE('',*,*,#1164,.T.);
#1211 = ORIENTED_EDGE('',*,*,#528,.T.);
#1212 = ORIENTED_EDGE('',*,*,#1113,.F.);
#1213 = ORIENTED_EDGE('',*,*,#1214,.F.);
#1214 = EDGE_CURVE('',#1165,#1114,#1215,.T.);
#1215 = SURFACE_CURVE('',#1216,(#1220,#1227),.PCURVE_S1.);
#1216 = LINE('',#1217,#1218);
#1217 = CARTESIAN_POINT('',(1.375,-0.925,0.E+000));
#1218 = VECTOR('',#1219,1.);
#1219 = DIRECTION('',(-1.,0.E+000,0.E+000));
#1220 = PCURVE('',#544,#1221);
#1221 = DEFINITIONAL_REPRESENTATION('',(#1222),#1226);
#1222 = LINE('',#1223,#1224);
#1223 = CARTESIAN_POINT('',(0.E+000,-0.E+000));
#1224 = VECTOR('',#1225,1.);
#1225 = DIRECTION('',(1.,0.E+000));
#1226 = ( GEOMETRIC_REPRESENTATION_CONTEXT(2) 
PARAMETRIC_REPRESENTATION_CONTEXT() REPRESENTATION_CONTEXT('2D SPACE',''
  ) );
#1227 = PCURVE('',#1098,#1228);
#1228 = DEFINITIONAL_REPRESENTATION('',(#1229),#1233);
#1229 = LINE('',#1230,#1231);
#1230 = CARTESIAN_POINT('',(2.75,-1.85));
#1231 = VECTOR('',#1232,1.);
#1232 = DIRECTION('',(-1.,0.E+000));
#1233 = ( GEOMETRIC_REPRESENTATION_CONTEXT(2) 
PARAMETRIC_REPRESENTATION_CONTEXT() REPRESENTATION_CONTEXT('2D SPACE',''
  ) );
#1234 = ADVANCED_FACE('',(#1235),#649,.T.);
#1235 = FACE_BOUND('',#1236,.T.);
#1236 = EDGE_LOOP('',(#1237,#1257,#1258,#1259));
#1237 = ORIENTED_EDGE('',*,*,#1238,.T.);
#1238 = EDGE_CURVE('',#666,#717,#1239,.T.);
#1239 = SURFACE_CURVE('',#1240,(#1245,#1251),.PCURVE_S1.);
#1240 = CIRCLE('',#1241,0.25);
#1241 = AXIS2_PLACEMENT_3D('',#1242,#1243,#1244);
#1242 = CARTESIAN_POINT('',(-1.04,-0.6,0.7));
#1243 = DIRECTION('',(-6.123233995737E-017,1.,0.E+000));
#1244 = DIRECTION('',(-1.,-6.123233995737E-017,0.E+000));
#1245 = PCURVE('',#649,#1246);
#1246 = DEFINITIONAL_REPRESENTATION('',(#1247),#1250);
#1247 = B_SPLINE_CURVE_WITH_KNOTS('',1,(#1248,#1249),.UNSPECIFIED.,.F.,
  .F.,(2,2),(0.E+000,1.570796326795),.PIECEWISE_BEZIER_KNOTS.);
#1248 = CARTESIAN_POINT('',(0.E+000,0.E+000));
#1249 = CARTESIAN_POINT('',(1.570796326795,0.E+000));
#1250 = ( GEOMETRIC_REPRESENTATION_CONTEXT(2) 
PARAMETRIC_REPRESENTATION_CONTEXT() REPRESENTATION_CONTEXT('2D SPACE',''
  ) );
#1251 = PCURVE('',#940,#1252);
#1252 = DEFINITIONAL_REPRESENTATION('',(#1253),#1256);
#1253 = B_SPLINE_CURVE_WITH_KNOTS('',1,(#1254,#1255),.UNSPECIFIED.,.F.,
  .F.,(2,2),(0.E+000,1.570796326795),.PIECEWISE_BEZIER_KNOTS.);
#1254 = CARTESIAN_POINT('',(-1.570796326795,0.E+000));
#1255 = CARTESIAN_POINT('',(-1.570796326795,1.570796326795));
#1256 = ( GEOMETRIC_REPRESENTATION_CONTEXT(2) 
PARAMETRIC_REPRESENTATION_CONTEXT() REPRESENTATION_CONTEXT('2D SPACE',''
  ) );
#1257 = ORIENTED_EDGE('',*,*,#771,.T.);
#1258 = ORIENTED_EDGE('',*,*,#635,.F.);
#1259 = ORIENTED_EDGE('',*,*,#688,.F.);
#1260 = ADVANCED_FACE('',(#1261),#732,.T.);
#1261 = FACE_BOUND('',#1262,.T.);
#1262 = EDGE_LOOP('',(#1263,#1283,#1284,#1304));
#1263 = ORIENTED_EDGE('',*,*,#1264,.T.);
#1264 = EDGE_CURVE('',#956,#715,#1265,.T.);
#1265 = SURFACE_CURVE('',#1266,(#1271,#1277),.PCURVE_S1.);
#1266 = CIRCLE('',#1267,0.25);
#1267 = AXIS2_PLACEMENT_3D('',#1268,#1269,#1270);
#1268 = CARTESIAN_POINT('',(1.04,-0.6,0.7));
#1269 = DIRECTION('',(-1.,0.E+000,0.E+000));
#1270 = DIRECTION('',(0.E+000,-1.,0.E+000));
#1271 = PCURVE('',#732,#1272);
#1272 = DEFINITIONAL_REPRESENTATION('',(#1273),#1276);
#1273 = B_SPLINE_CURVE_WITH_KNOTS('',1,(#1274,#1275),.UNSPECIFIED.,.F.,
  .F.,(2,2),(0.E+000,1.570796326795),.PIECEWISE_BEZIER_KNOTS.);
#1274 = CARTESIAN_POINT('',(0.E+000,0.E+000));
#1275 = CARTESIAN_POINT('',(1.570796326795,0.E+000));
#1276 = ( GEOMETRIC_REPRESENTATION_CONTEXT(2) 
PARAMETRIC_REPRESENTATION_CONTEXT() REPRESENTATION_CONTEXT('2D SPACE',''
  ) );
#1277 = PCURVE('',#995,#1278);
#1278 = DEFINITIONAL_REPRESENTATION('',(#1279),#1282);
#1279 = B_SPLINE_CURVE_WITH_KNOTS('',1,(#1280,#1281),.UNSPECIFIED.,.F.,
  .F.,(2,2),(0.E+000,1.570796326795),.PIECEWISE_BEZIER_KNOTS.);
#1280 = CARTESIAN_POINT('',(-1.570796326795,0.E+000));
#1281 = CARTESIAN_POINT('',(-1.570796326795,1.570796326795));
#1282 = ( GEOMETRIC_REPRESENTATION_CONTEXT(2) 
PARAMETRIC_REPRESENTATION_CONTEXT() REPRESENTATION_CONTEXT('2D SPACE',''
  ) );
#1283 = ORIENTED_EDGE('',*,*,#714,.T.);
#1284 = ORIENTED_EDGE('',*,*,#1285,.F.);
#1285 = EDGE_CURVE('',#903,#717,#1286,.T.);
#1286 = SURFACE_CURVE('',#1287,(#1292,#1298),.PCURVE_S1.);
#1287 = CIRCLE('',#1288,0.25);
#1288 = AXIS2_PLACEMENT_3D('',#1289,#1290,#1291);
#1289 = CARTESIAN_POINT('',(-1.04,-0.6,0.7));
#1290 = DIRECTION('',(-1.,0.E+000,0.E+000));
#1291 = DIRECTION('',(0.E+000,-1.,0.E+000));
#1292 = PCURVE('',#732,#1293);
#1293 = DEFINITIONAL_REPRESENTATION('',(#1294),#1297);
#1294 = B_SPLINE_CURVE_WITH_KNOTS('',1,(#1295,#1296),.UNSPECIFIED.,.F.,
  .F.,(2,2),(0.E+000,1.570796326795),.PIECEWISE_BEZIER_KNOTS.);
#1295 = CARTESIAN_POINT('',(0.E+000,2.08));
#1296 = CARTESIAN_POINT('',(1.570796326795,2.08));
#1297 = ( GEOMETRIC_REPRESENTATION_CONTEXT(2) 
PARAMETRIC_REPRESENTATION_CONTEXT() REPRESENTATION_CONTEXT('2D SPACE',''
  ) );
#1298 = PCURVE('',#940,#1299);
#1299 = DEFINITIONAL_REPRESENTATION('',(#1300),#1303);
#1300 = B_SPLINE_CURVE_WITH_KNOTS('',1,(#1301,#1302),.UNSPECIFIED.,.F.,
  .F.,(2,2),(0.E+000,1.570796326795),.PIECEWISE_BEZIER_KNOTS.);
#1301 = CARTESIAN_POINT('',(0.E+000,0.E+000));
#1302 = CARTESIAN_POINT('',(0.E+000,1.570796326795));
#1303 = ( GEOMETRIC_REPRESENTATION_CONTEXT(2) 
PARAMETRIC_REPRESENTATION_CONTEXT() REPRESENTATION_CONTEXT('2D SPACE',''
  ) );
#1304 = ORIENTED_EDGE('',*,*,#1011,.F.);
#1305 = ADVANCED_FACE('',(#1306),#758,.T.);
#1306 = FACE_BOUND('',#1307,.T.);
#1307 = EDGE_LOOP('',(#1308,#1309,#1310,#1330));
#1308 = ORIENTED_EDGE('',*,*,#828,.T.);
#1309 = ORIENTED_EDGE('',*,*,#744,.T.);
#1310 = ORIENTED_EDGE('',*,*,#1311,.F.);
#1311 = EDGE_CURVE('',#853,#715,#1312,.T.);
#1312 = SURFACE_CURVE('',#1313,(#1318,#1324),.PCURVE_S1.);
#1313 = CIRCLE('',#1314,0.25);
#1314 = AXIS2_PLACEMENT_3D('',#1315,#1316,#1317);
#1315 = CARTESIAN_POINT('',(1.04,-0.6,0.7));
#1316 = DIRECTION('',(0.E+000,-1.,0.E+000));
#1317 = DIRECTION('',(1.,0.E+000,0.E+000));
#1318 = PCURVE('',#758,#1319);
#1319 = DEFINITIONAL_REPRESENTATION('',(#1320),#1323);
#1320 = B_SPLINE_CURVE_WITH_KNOTS('',1,(#1321,#1322),.UNSPECIFIED.,.F.,
  .F.,(2,2),(0.E+000,1.570796326795),.PIECEWISE_BEZIER_KNOTS.);
#1321 = CARTESIAN_POINT('',(0.E+000,1.2));
#1322 = CARTESIAN_POINT('',(1.570796326795,1.2));
#1323 = ( GEOMETRIC_REPRESENTATION_CONTEXT(2) 
PARAMETRIC_REPRESENTATION_CONTEXT() REPRESENTATION_CONTEXT('2D SPACE',''
  ) );
#1324 = PCURVE('',#995,#1325);
#1325 = DEFINITIONAL_REPRESENTATION('',(#1326),#1329);
#1326 = B_SPLINE_CURVE_WITH_KNOTS('',1,(#1327,#1328),.UNSPECIFIED.,.F.,
  .F.,(2,2),(0.E+000,1.570796326795),.PIECEWISE_BEZIER_KNOTS.);
#1327 = CARTESIAN_POINT('',(0.E+000,0.E+000));
#1328 = CARTESIAN_POINT('',(0.E+000,1.570796326795));
#1329 = ( GEOMETRIC_REPRESENTATION_CONTEXT(2) 
PARAMETRIC_REPRESENTATION_CONTEXT() REPRESENTATION_CONTEXT('2D SPACE',''
  ) );
#1330 = ORIENTED_EDGE('',*,*,#852,.F.);
#1331 = ADVANCED_FACE('',(#1332),#811,.F.);
#1332 = FACE_BOUND('',#1333,.F.);
#1333 = EDGE_LOOP('',(#1334,#1335,#1358,#1389));
#1334 = ORIENTED_EDGE('',*,*,#794,.F.);
#1335 = ORIENTED_EDGE('',*,*,#1336,.T.);
#1336 = EDGE_CURVE('',#795,#1337,#1339,.T.);
#1337 = VERTEX_POINT('',#1338);
#1338 = CARTESIAN_POINT('',(-0.34,0.E+000,0.65));
#1339 = SEAM_CURVE('',#1340,(#1344,#1351),.PCURVE_S1.);
#1340 = LINE('',#1341,#1342);
#1341 = CARTESIAN_POINT('',(-0.34,0.E+000,0.95));
#1342 = VECTOR('',#1343,1.);
#1343 = DIRECTION('',(-0.E+000,-0.E+000,-1.));
#1344 = PCURVE('',#811,#1345);
#1345 = DEFINITIONAL_REPRESENTATION('',(#1346),#1350);
#1346 = LINE('',#1347,#1348);
#1347 = CARTESIAN_POINT('',(6.28318530718,0.E+000));
#1348 = VECTOR('',#1349,1.);
#1349 = DIRECTION('',(0.E+000,-1.));
#1350 = ( GEOMETRIC_REPRESENTATION_CONTEXT(2) 
PARAMETRIC_REPRESENTATION_CONTEXT() REPRESENTATION_CONTEXT('2D SPACE',''
  ) );
#1351 = PCURVE('',#811,#1352);
#1352 = DEFINITIONAL_REPRESENTATION('',(#1353),#1357);
#1353 = LINE('',#1354,#1355);
#1354 = CARTESIAN_POINT('',(0.E+000,0.E+000));
#1355 = VECTOR('',#1356,1.);
#1356 = DIRECTION('',(0.E+000,-1.));
#1357 = ( GEOMETRIC_REPRESENTATION_CONTEXT(2) 
PARAMETRIC_REPRESENTATION_CONTEXT() REPRESENTATION_CONTEXT('2D SPACE',''
  ) );
#1358 = ORIENTED_EDGE('',*,*,#1359,.T.);
#1359 = EDGE_CURVE('',#1337,#1337,#1360,.T.);
#1360 = SURFACE_CURVE('',#1361,(#1366,#1373),.PCURVE_S1.);
#1361 = CIRCLE('',#1362,0.25);
#1362 = AXIS2_PLACEMENT_3D('',#1363,#1364,#1365);
#1363 = CARTESIAN_POINT('',(-0.59,0.E+000,0.65));
#1364 = DIRECTION('',(0.E+000,0.E+000,1.));
#1365 = DIRECTION('',(1.,0.E+000,0.E+000));
#1366 = PCURVE('',#811,#1367);
#1367 = DEFINITIONAL_REPRESENTATION('',(#1368),#1372);
#1368 = LINE('',#1369,#1370);
#1369 = CARTESIAN_POINT('',(0.E+000,-0.3));
#1370 = VECTOR('',#1371,1.);
#1371 = DIRECTION('',(1.,0.E+000));
#1372 = ( GEOMETRIC_REPRESENTATION_CONTEXT(2) 
PARAMETRIC_REPRESENTATION_CONTEXT() REPRESENTATION_CONTEXT('2D SPACE',''
  ) );
#1373 = PCURVE('',#1374,#1379);
#1374 = PLANE('',#1375);
#1375 = AXIS2_PLACEMENT_3D('',#1376,#1377,#1378);
#1376 = CARTESIAN_POINT('',(-0.34,0.E+000,0.65));
#1377 = DIRECTION('',(0.E+000,0.E+000,-1.));
#1378 = DIRECTION('',(-1.,0.E+000,0.E+000));
#1379 = DEFINITIONAL_REPRESENTATION('',(#1380),#1388);
#1380 = ( BOUNDED_CURVE() B_SPLINE_CURVE(2,(#1381,#1382,#1383,#1384,
#1385,#1386,#1387),.UNSPECIFIED.,.F.,.F.) B_SPLINE_CURVE_WITH_KNOTS((1,2
    ,2,2,2,1),(-2.094395102393,0.E+000,2.094395102393,4.188790204786,
6.28318530718,8.377580409573),.UNSPECIFIED.) CURVE() 
GEOMETRIC_REPRESENTATION_ITEM() RATIONAL_B_SPLINE_CURVE((1.,0.5,1.,0.5,
1.,0.5,1.)) REPRESENTATION_ITEM('') );
#1381 = CARTESIAN_POINT('',(0.E+000,0.E+000));
#1382 = CARTESIAN_POINT('',(0.E+000,0.433012701892));
#1383 = CARTESIAN_POINT('',(0.375,0.216506350946));
#1384 = CARTESIAN_POINT('',(0.75,6.123233995737E-017));
#1385 = CARTESIAN_POINT('',(0.375,-0.216506350946));
#1386 = CARTESIAN_POINT('',(3.885780586188E-016,-0.433012701892));
#1387 = CARTESIAN_POINT('',(0.E+000,0.E+000));
#1388 = ( GEOMETRIC_REPRESENTATION_CONTEXT(2) 
PARAMETRIC_REPRESENTATION_CONTEXT() REPRESENTATION_CONTEXT('2D SPACE',''
  ) );
#1389 = ORIENTED_EDGE('',*,*,#1336,.F.);
#1390 = ADVANCED_FACE('',(#1391),#940,.T.);
#1391 = FACE_BOUND('',#1392,.F.);
#1392 = EDGE_LOOP('',(#1393,#1394,#1395));
#1393 = ORIENTED_EDGE('',*,*,#1285,.F.);
#1394 = ORIENTED_EDGE('',*,*,#925,.T.);
#1395 = ORIENTED_EDGE('',*,*,#1238,.T.);
#1396 = ADVANCED_FACE('',(#1397),#995,.T.);
#1397 = FACE_BOUND('',#1398,.F.);
#1398 = EDGE_LOOP('',(#1399,#1400,#1401));
#1399 = ORIENTED_EDGE('',*,*,#1311,.F.);
#1400 = ORIENTED_EDGE('',*,*,#980,.T.);
#1401 = ORIENTED_EDGE('',*,*,#1264,.T.);
#1402 = ADVANCED_FACE('',(#1403,#1409,#1523,#1637,#1751),#1098,.F.);
#1403 = FACE_BOUND('',#1404,.F.);
#1404 = EDGE_LOOP('',(#1405,#1406,#1407,#1408));
#1405 = ORIENTED_EDGE('',*,*,#1084,.F.);
#1406 = ORIENTED_EDGE('',*,*,#1138,.F.);
#1407 = ORIENTED_EDGE('',*,*,#1214,.F.);
#1408 = ORIENTED_EDGE('',*,*,#1187,.F.);
#1409 = FACE_BOUND('',#1410,.F.);
#1410 = EDGE_LOOP('',(#1411,#1441,#1469,#1497));
#1411 = ORIENTED_EDGE('',*,*,#1412,.T.);
#1412 = EDGE_CURVE('',#1413,#1415,#1417,.T.);
#1413 = VERTEX_POINT('',#1414);
#1414 = CARTESIAN_POINT('',(-0.695,0.225,0.E+000));
#1415 = VERTEX_POINT('',#1416);
#1416 = CARTESIAN_POINT('',(-1.235,0.225,0.E+000));
#1417 = SURFACE_CURVE('',#1418,(#1422,#1429),.PCURVE_S1.);
#1418 = LINE('',#1419,#1420);
#1419 = CARTESIAN_POINT('',(-0.695,0.225,0.E+000));
#1420 = VECTOR('',#1421,1.);
#1421 = DIRECTION('',(-1.,0.E+000,0.E+000));
#1422 = PCURVE('',#1098,#1423);
#1423 = DEFINITIONAL_REPRESENTATION('',(#1424),#1428);
#1424 = LINE('',#1425,#1426);
#1425 = CARTESIAN_POINT('',(0.68,-0.7));
#1426 = VECTOR('',#1427,1.);
#1427 = DIRECTION('',(-1.,0.E+000));
#1428 = ( GEOMETRIC_REPRESENTATION_CONTEXT(2) 
PARAMETRIC_REPRESENTATION_CONTEXT() REPRESENTATION_CONTEXT('2D SPACE',''
  ) );
#1429 = PCURVE('',#1430,#1435);
#1430 = PLANE('',#1431);
#1431 = AXIS2_PLACEMENT_3D('',#1432,#1433,#1434);
#1432 = CARTESIAN_POINT('',(-0.695,0.225,0.E+000));
#1433 = DIRECTION('',(0.E+000,-1.,0.E+000));
#1434 = DIRECTION('',(-1.,0.E+000,0.E+000));
#1435 = DEFINITIONAL_REPRESENTATION('',(#1436),#1440);
#1436 = LINE('',#1437,#1438);
#1437 = CARTESIAN_POINT('',(0.E+000,-0.E+000));
#1438 = VECTOR('',#1439,1.);
#1439 = DIRECTION('',(1.,0.E+000));
#1440 = ( GEOMETRIC_REPRESENTATION_CONTEXT(2) 
PARAMETRIC_REPRESENTATION_CONTEXT() REPRESENTATION_CONTEXT('2D SPACE',''
  ) );
#1441 = ORIENTED_EDGE('',*,*,#1442,.T.);
#1442 = EDGE_CURVE('',#1415,#1443,#1445,.T.);
#1443 = VERTEX_POINT('',#1444);
#1444 = CARTESIAN_POINT('',(-1.235,0.785,0.E+000));
#1445 = SURFACE_CURVE('',#1446,(#1450,#1457),.PCURVE_S1.);
#1446 = LINE('',#1447,#1448);
#1447 = CARTESIAN_POINT('',(-1.235,0.225,0.E+000));
#1448 = VECTOR('',#1449,1.);
#1449 = DIRECTION('',(0.E+000,1.,0.E+000));
#1450 = PCURVE('',#1098,#1451);
#1451 = DEFINITIONAL_REPRESENTATION('',(#1452),#1456);
#1452 = LINE('',#1453,#1454);
#1453 = CARTESIAN_POINT('',(0.14,-0.7));
#1454 = VECTOR('',#1455,1.);
#1455 = DIRECTION('',(0.E+000,1.));
#1456 = ( GEOMETRIC_REPRESENTATION_CONTEXT(2) 
PARAMETRIC_REPRESENTATION_CONTEXT() REPRESENTATION_CONTEXT('2D SPACE',''
  ) );
#1457 = PCURVE('',#1458,#1463);
#1458 = PLANE('',#1459);
#1459 = AXIS2_PLACEMENT_3D('',#1460,#1461,#1462);
#1460 = CARTESIAN_POINT('',(-1.235,0.225,0.E+000));
#1461 = DIRECTION('',(-1.,0.E+000,0.E+000));
#1462 = DIRECTION('',(0.E+000,1.,0.E+000));
#1463 = DEFINITIONAL_REPRESENTATION('',(#1464),#1468);
#1464 = LINE('',#1465,#1466);
#1465 = CARTESIAN_POINT('',(0.E+000,0.E+000));
#1466 = VECTOR('',#1467,1.);
#1467 = DIRECTION('',(1.,0.E+000));
#1468 = ( GEOMETRIC_REPRESENTATION_CONTEXT(2) 
PARAMETRIC_REPRESENTATION_CONTEXT() REPRESENTATION_CONTEXT('2D SPACE',''
  ) );
#1469 = ORIENTED_EDGE('',*,*,#1470,.T.);
#1470 = EDGE_CURVE('',#1443,#1471,#1473,.T.);
#1471 = VERTEX_POINT('',#1472);
#1472 = CARTESIAN_POINT('',(-0.695,0.785,0.E+000));
#1473 = SURFACE_CURVE('',#1474,(#1478,#1485),.PCURVE_S1.);
#1474 = LINE('',#1475,#1476);
#1475 = CARTESIAN_POINT('',(-1.235,0.785,0.E+000));
#1476 = VECTOR('',#1477,1.);
#1477 = DIRECTION('',(1.,0.E+000,0.E+000));
#1478 = PCURVE('',#1098,#1479);
#1479 = DEFINITIONAL_REPRESENTATION('',(#1480),#1484);
#1480 = LINE('',#1481,#1482);
#1481 = CARTESIAN_POINT('',(0.14,-0.14));
#1482 = VECTOR('',#1483,1.);
#1483 = DIRECTION('',(1.,0.E+000));
#1484 = ( GEOMETRIC_REPRESENTATION_CONTEXT(2) 
PARAMETRIC_REPRESENTATION_CONTEXT() REPRESENTATION_CONTEXT('2D SPACE',''
  ) );
#1485 = PCURVE('',#1486,#1491);
#1486 = PLANE('',#1487);
#1487 = AXIS2_PLACEMENT_3D('',#1488,#1489,#1490);
#1488 = CARTESIAN_POINT('',(-1.235,0.785,0.E+000));
#1489 = DIRECTION('',(0.E+000,1.,0.E+000));
#1490 = DIRECTION('',(1.,0.E+000,0.E+000));
#1491 = DEFINITIONAL_REPRESENTATION('',(#1492),#1496);
#1492 = LINE('',#1493,#1494);
#1493 = CARTESIAN_POINT('',(0.E+000,0.E+000));
#1494 = VECTOR('',#1495,1.);
#1495 = DIRECTION('',(1.,0.E+000));
#1496 = ( GEOMETRIC_REPRESENTATION_CONTEXT(2) 
PARAMETRIC_REPRESENTATION_CONTEXT() REPRESENTATION_CONTEXT('2D SPACE',''
  ) );
#1497 = ORIENTED_EDGE('',*,*,#1498,.T.);
#1498 = EDGE_CURVE('',#1471,#1413,#1499,.T.);
#1499 = SURFACE_CURVE('',#1500,(#1504,#1511),.PCURVE_S1.);
#1500 = LINE('',#1501,#1502);
#1501 = CARTESIAN_POINT('',(-0.695,0.785,0.E+000));
#1502 = VECTOR('',#1503,1.);
#1503 = DIRECTION('',(0.E+000,-1.,0.E+000));
#1504 = PCURVE('',#1098,#1505);
#1505 = DEFINITIONAL_REPRESENTATION('',(#1506),#1510);
#1506 = LINE('',#1507,#1508);
#1507 = CARTESIAN_POINT('',(0.68,-0.14));
#1508 = VECTOR('',#1509,1.);
#1509 = DIRECTION('',(0.E+000,-1.));
#1510 = ( GEOMETRIC_REPRESENTATION_CONTEXT(2) 
PARAMETRIC_REPRESENTATION_CONTEXT() REPRESENTATION_CONTEXT('2D SPACE',''
  ) );
#1511 = PCURVE('',#1512,#1517);
#1512 = PLANE('',#1513);
#1513 = AXIS2_PLACEMENT_3D('',#1514,#1515,#1516);
#1514 = CARTESIAN_POINT('',(-0.695,0.785,0.E+000));
#1515 = DIRECTION('',(1.,0.E+000,0.E+000));
#1516 = DIRECTION('',(0.E+000,-1.,0.E+000));
#1517 = DEFINITIONAL_REPRESENTATION('',(#1518),#1522);
#1518 = LINE('',#1519,#1520);
#1519 = CARTESIAN_POINT('',(0.E+000,0.E+000));
#1520 = VECTOR('',#1521,1.);
#1521 = DIRECTION('',(1.,0.E+000));
#1522 = ( GEOMETRIC_REPRESENTATION_CONTEXT(2) 
PARAMETRIC_REPRESENTATION_CONTEXT() REPRESENTATION_CONTEXT('2D SPACE',''
  ) );
#1523 = FACE_BOUND('',#1524,.F.);
#1524 = EDGE_LOOP('',(#1525,#1555,#1583,#1611));
#1525 = ORIENTED_EDGE('',*,*,#1526,.F.);
#1526 = EDGE_CURVE('',#1527,#1529,#1531,.T.);
#1527 = VERTEX_POINT('',#1528);
#1528 = CARTESIAN_POINT('',(1.235,0.225,0.E+000));
#1529 = VERTEX_POINT('',#1530);
#1530 = CARTESIAN_POINT('',(1.235,0.785,0.E+000));
#1531 = SURFACE_CURVE('',#1532,(#1536,#1543),.PCURVE_S1.);
#1532 = LINE('',#1533,#1534);
#1533 = CARTESIAN_POINT('',(1.235,0.225,0.E+000));
#1534 = VECTOR('',#1535,1.);
#1535 = DIRECTION('',(0.E+000,1.,0.E+000));
#1536 = PCURVE('',#1098,#1537);
#1537 = DEFINITIONAL_REPRESENTATION('',(#1538),#1542);
#1538 = LINE('',#1539,#1540);
#1539 = CARTESIAN_POINT('',(2.61,-0.7));
#1540 = VECTOR('',#1541,1.);
#1541 = DIRECTION('',(0.E+000,1.));
#1542 = ( GEOMETRIC_REPRESENTATION_CONTEXT(2) 
PARAMETRIC_REPRESENTATION_CONTEXT() REPRESENTATION_CONTEXT('2D SPACE',''
  ) );
#1543 = PCURVE('',#1544,#1549);
#1544 = PLANE('',#1545);
#1545 = AXIS2_PLACEMENT_3D('',#1546,#1547,#1548);
#1546 = CARTESIAN_POINT('',(1.235,0.225,0.E+000));
#1547 = DIRECTION('',(-1.,0.E+000,0.E+000));
#1548 = DIRECTION('',(0.E+000,1.,0.E+000));
#1549 = DEFINITIONAL_REPRESENTATION('',(#1550),#1554);
#1550 = LINE('',#1551,#1552);
#1551 = CARTESIAN_POINT('',(0.E+000,0.E+000));
#1552 = VECTOR('',#1553,1.);
#1553 = DIRECTION('',(1.,0.E+000));
#1554 = ( GEOMETRIC_REPRESENTATION_CONTEXT(2) 
PARAMETRIC_REPRESENTATION_CONTEXT() REPRESENTATION_CONTEXT('2D SPACE',''
  ) );
#1555 = ORIENTED_EDGE('',*,*,#1556,.F.);
#1556 = EDGE_CURVE('',#1557,#1527,#1559,.T.);
#1557 = VERTEX_POINT('',#1558);
#1558 = CARTESIAN_POINT('',(0.695,0.225,0.E+000));
#1559 = SURFACE_CURVE('',#1560,(#1564,#1571),.PCURVE_S1.);
#1560 = LINE('',#1561,#1562);
#1561 = CARTESIAN_POINT('',(0.695,0.225,0.E+000));
#1562 = VECTOR('',#1563,1.);
#1563 = DIRECTION('',(1.,0.E+000,0.E+000));
#1564 = PCURVE('',#1098,#1565);
#1565 = DEFINITIONAL_REPRESENTATION('',(#1566),#1570);
#1566 = LINE('',#1567,#1568);
#1567 = CARTESIAN_POINT('',(2.07,-0.7));
#1568 = VECTOR('',#1569,1.);
#1569 = DIRECTION('',(1.,0.E+000));
#1570 = ( GEOMETRIC_REPRESENTATION_CONTEXT(2) 
PARAMETRIC_REPRESENTATION_CONTEXT() REPRESENTATION_CONTEXT('2D SPACE',''
  ) );
#1571 = PCURVE('',#1572,#1577);
#1572 = PLANE('',#1573);
#1573 = AXIS2_PLACEMENT_3D('',#1574,#1575,#1576);
#1574 = CARTESIAN_POINT('',(0.695,0.225,0.E+000));
#1575 = DIRECTION('',(0.E+000,1.,0.E+000));
#1576 = DIRECTION('',(1.,0.E+000,0.E+000));
#1577 = DEFINITIONAL_REPRESENTATION('',(#1578),#1582);
#1578 = LINE('',#1579,#1580);
#1579 = CARTESIAN_POINT('',(0.E+000,0.E+000));
#1580 = VECTOR('',#1581,1.);
#1581 = DIRECTION('',(1.,0.E+000));
#1582 = ( GEOMETRIC_REPRESENTATION_CONTEXT(2) 
PARAMETRIC_REPRESENTATION_CONTEXT() REPRESENTATION_CONTEXT('2D SPACE',''
  ) );
#1583 = ORIENTED_EDGE('',*,*,#1584,.F.);
#1584 = EDGE_CURVE('',#1585,#1557,#1587,.T.);
#1585 = VERTEX_POINT('',#1586);
#1586 = CARTESIAN_POINT('',(0.695,0.785,0.E+000));
#1587 = SURFACE_CURVE('',#1588,(#1592,#1599),.PCURVE_S1.);
#1588 = LINE('',#1589,#1590);
#1589 = CARTESIAN_POINT('',(0.695,0.785,0.E+000));
#1590 = VECTOR('',#1591,1.);
#1591 = DIRECTION('',(0.E+000,-1.,0.E+000));
#1592 = PCURVE('',#1098,#1593);
#1593 = DEFINITIONAL_REPRESENTATION('',(#1594),#1598);
#1594 = LINE('',#1595,#1596);
#1595 = CARTESIAN_POINT('',(2.07,-0.14));
#1596 = VECTOR('',#1597,1.);
#1597 = DIRECTION('',(0.E+000,-1.));
#1598 = ( GEOMETRIC_REPRESENTATION_CONTEXT(2) 
PARAMETRIC_REPRESENTATION_CONTEXT() REPRESENTATION_CONTEXT('2D SPACE',''
  ) );
#1599 = PCURVE('',#1600,#1605);
#1600 = PLANE('',#1601);
#1601 = AXIS2_PLACEMENT_3D('',#1602,#1603,#1604);
#1602 = CARTESIAN_POINT('',(0.695,0.785,0.E+000));
#1603 = DIRECTION('',(1.,0.E+000,0.E+000));
#1604 = DIRECTION('',(0.E+000,-1.,0.E+000));
#1605 = DEFINITIONAL_REPRESENTATION('',(#1606),#1610);
#1606 = LINE('',#1607,#1608);
#1607 = CARTESIAN_POINT('',(0.E+000,0.E+000));
#1608 = VECTOR('',#1609,1.);
#1609 = DIRECTION('',(1.,0.E+000));
#1610 = ( GEOMETRIC_REPRESENTATION_CONTEXT(2) 
PARAMETRIC_REPRESENTATION_CONTEXT() REPRESENTATION_CONTEXT('2D SPACE',''
  ) );
#1611 = ORIENTED_EDGE('',*,*,#1612,.F.);
#1612 = EDGE_CURVE('',#1529,#1585,#1613,.T.);
#1613 = SURFACE_CURVE('',#1614,(#1618,#1625),.PCURVE_S1.);
#1614 = LINE('',#1615,#1616);
#1615 = CARTESIAN_POINT('',(1.235,0.785,0.E+000));
#1616 = VECTOR('',#1617,1.);
#1617 = DIRECTION('',(-1.,0.E+000,0.E+000));
#1618 = PCURVE('',#1098,#1619);
#1619 = DEFINITIONAL_REPRESENTATION('',(#1620),#1624);
#1620 = LINE('',#1621,#1622);
#1621 = CARTESIAN_POINT('',(2.61,-0.14));
#1622 = VECTOR('',#1623,1.);
#1623 = DIRECTION('',(-1.,0.E+000));
#1624 = ( GEOMETRIC_REPRESENTATION_CONTEXT(2) 
PARAMETRIC_REPRESENTATION_CONTEXT() REPRESENTATION_CONTEXT('2D SPACE',''
  ) );
#1625 = PCURVE('',#1626,#1631);
#1626 = PLANE('',#1627);
#1627 = AXIS2_PLACEMENT_3D('',#1628,#1629,#1630);
#1628 = CARTESIAN_POINT('',(1.235,0.785,0.E+000));
#1629 = DIRECTION('',(0.E+000,-1.,0.E+000));
#1630 = DIRECTION('',(-1.,0.E+000,0.E+000));
#1631 = DEFINITIONAL_REPRESENTATION('',(#1632),#1636);
#1632 = LINE('',#1633,#1634);
#1633 = CARTESIAN_POINT('',(0.E+000,-0.E+000));
#1634 = VECTOR('',#1635,1.);
#1635 = DIRECTION('',(1.,0.E+000));
#1636 = ( GEOMETRIC_REPRESENTATION_CONTEXT(2) 
PARAMETRIC_REPRESENTATION_CONTEXT() REPRESENTATION_CONTEXT('2D SPACE',''
  ) );
#1637 = FACE_BOUND('',#1638,.F.);
#1638 = EDGE_LOOP('',(#1639,#1669,#1697,#1725));
#1639 = ORIENTED_EDGE('',*,*,#1640,.F.);
#1640 = EDGE_CURVE('',#1641,#1643,#1645,.T.);
#1641 = VERTEX_POINT('',#1642);
#1642 = CARTESIAN_POINT('',(-1.235,-0.225,0.E+000));
#1643 = VERTEX_POINT('',#1644);
#1644 = CARTESIAN_POINT('',(-1.235,-0.785,0.E+000));
#1645 = SURFACE_CURVE('',#1646,(#1650,#1657),.PCURVE_S1.);
#1646 = LINE('',#1647,#1648);
#1647 = CARTESIAN_POINT('',(-1.235,-0.225,0.E+000));
#1648 = VECTOR('',#1649,1.);
#1649 = DIRECTION('',(0.E+000,-1.,0.E+000));
#1650 = PCURVE('',#1098,#1651);
#1651 = DEFINITIONAL_REPRESENTATION('',(#1652),#1656);
#1652 = LINE('',#1653,#1654);
#1653 = CARTESIAN_POINT('',(0.14,-1.15));
#1654 = VECTOR('',#1655,1.);
#1655 = DIRECTION('',(0.E+000,-1.));
#1656 = ( GEOMETRIC_REPRESENTATION_CONTEXT(2) 
PARAMETRIC_REPRESENTATION_CONTEXT() REPRESENTATION_CONTEXT('2D SPACE',''
  ) );
#1657 = PCURVE('',#1658,#1663);
#1658 = PLANE('',#1659);
#1659 = AXIS2_PLACEMENT_3D('',#1660,#1661,#1662);
#1660 = CARTESIAN_POINT('',(-1.235,-0.225,0.E+000));
#1661 = DIRECTION('',(1.,0.E+000,0.E+000));
#1662 = DIRECTION('',(0.E+000,-1.,0.E+000));
#1663 = DEFINITIONAL_REPRESENTATION('',(#1664),#1668);
#1664 = LINE('',#1665,#1666);
#1665 = CARTESIAN_POINT('',(0.E+000,0.E+000));
#1666 = VECTOR('',#1667,1.);
#1667 = DIRECTION('',(1.,0.E+000));
#1668 = ( GEOMETRIC_REPRESENTATION_CONTEXT(2) 
PARAMETRIC_REPRESENTATION_CONTEXT() REPRESENTATION_CONTEXT('2D SPACE',''
  ) );
#1669 = ORIENTED_EDGE('',*,*,#1670,.F.);
#1670 = EDGE_CURVE('',#1671,#1641,#1673,.T.);
#1671 = VERTEX_POINT('',#1672);
#1672 = CARTESIAN_POINT('',(-0.695,-0.225,0.E+000));
#1673 = SURFACE_CURVE('',#1674,(#1678,#1685),.PCURVE_S1.);
#1674 = LINE('',#1675,#1676);
#1675 = CARTESIAN_POINT('',(-0.695,-0.225,0.E+000));
#1676 = VECTOR('',#1677,1.);
#1677 = DIRECTION('',(-1.,0.E+000,0.E+000));
#1678 = PCURVE('',#1098,#1679);
#1679 = DEFINITIONAL_REPRESENTATION('',(#1680),#1684);
#1680 = LINE('',#1681,#1682);
#1681 = CARTESIAN_POINT('',(0.68,-1.15));
#1682 = VECTOR('',#1683,1.);
#1683 = DIRECTION('',(-1.,0.E+000));
#1684 = ( GEOMETRIC_REPRESENTATION_CONTEXT(2) 
PARAMETRIC_REPRESENTATION_CONTEXT() REPRESENTATION_CONTEXT('2D SPACE',''
  ) );
#1685 = PCURVE('',#1686,#1691);
#1686 = PLANE('',#1687);
#1687 = AXIS2_PLACEMENT_3D('',#1688,#1689,#1690);
#1688 = CARTESIAN_POINT('',(-0.695,-0.225,0.E+000));
#1689 = DIRECTION('',(0.E+000,-1.,0.E+000));
#1690 = DIRECTION('',(-1.,0.E+000,0.E+000));
#1691 = DEFINITIONAL_REPRESENTATION('',(#1692),#1696);
#1692 = LINE('',#1693,#1694);
#1693 = CARTESIAN_POINT('',(0.E+000,-0.E+000));
#1694 = VECTOR('',#1695,1.);
#1695 = DIRECTION('',(1.,0.E+000));
#1696 = ( GEOMETRIC_REPRESENTATION_CONTEXT(2) 
PARAMETRIC_REPRESENTATION_CONTEXT() REPRESENTATION_CONTEXT('2D SPACE',''
  ) );
#1697 = ORIENTED_EDGE('',*,*,#1698,.F.);
#1698 = EDGE_CURVE('',#1699,#1671,#1701,.T.);
#1699 = VERTEX_POINT('',#1700);
#1700 = CARTESIAN_POINT('',(-0.695,-0.785,0.E+000));
#1701 = SURFACE_CURVE('',#1702,(#1706,#1713),.PCURVE_S1.);
#1702 = LINE('',#1703,#1704);
#1703 = CARTESIAN_POINT('',(-0.695,-0.785,0.E+000));
#1704 = VECTOR('',#1705,1.);
#1705 = DIRECTION('',(0.E+000,1.,0.E+000));
#1706 = PCURVE('',#1098,#1707);
#1707 = DEFINITIONAL_REPRESENTATION('',(#1708),#1712);
#1708 = LINE('',#1709,#1710);
#1709 = CARTESIAN_POINT('',(0.68,-1.71));
#1710 = VECTOR('',#1711,1.);
#1711 = DIRECTION('',(0.E+000,1.));
#1712 = ( GEOMETRIC_REPRESENTATION_CONTEXT(2) 
PARAMETRIC_REPRESENTATION_CONTEXT() REPRESENTATION_CONTEXT('2D SPACE',''
  ) );
#1713 = PCURVE('',#1714,#1719);
#1714 = PLANE('',#1715);
#1715 = AXIS2_PLACEMENT_3D('',#1716,#1717,#1718);
#1716 = CARTESIAN_POINT('',(-0.695,-0.785,0.E+000));
#1717 = DIRECTION('',(-1.,0.E+000,0.E+000));
#1718 = DIRECTION('',(0.E+000,1.,0.E+000));
#1719 = DEFINITIONAL_REPRESENTATION('',(#1720),#1724);
#1720 = LINE('',#1721,#1722);
#1721 = CARTESIAN_POINT('',(0.E+000,0.E+000));
#1722 = VECTOR('',#1723,1.);
#1723 = DIRECTION('',(1.,0.E+000));
#1724 = ( GEOMETRIC_REPRESENTATION_CONTEXT(2) 
PARAMETRIC_REPRESENTATION_CONTEXT() REPRESENTATION_CONTEXT('2D SPACE',''
  ) );
#1725 = ORIENTED_EDGE('',*,*,#1726,.F.);
#1726 = EDGE_CURVE('',#1643,#1699,#1727,.T.);
#1727 = SURFACE_CURVE('',#1728,(#1732,#1739),.PCURVE_S1.);
#1728 = LINE('',#1729,#1730);
#1729 = CARTESIAN_POINT('',(-1.235,-0.785,0.E+000));
#1730 = VECTOR('',#1731,1.);
#1731 = DIRECTION('',(1.,0.E+000,0.E+000));
#1732 = PCURVE('',#1098,#1733);
#1733 = DEFINITIONAL_REPRESENTATION('',(#1734),#1738);
#1734 = LINE('',#1735,#1736);
#1735 = CARTESIAN_POINT('',(0.14,-1.71));
#1736 = VECTOR('',#1737,1.);
#1737 = DIRECTION('',(1.,0.E+000));
#1738 = ( GEOMETRIC_REPRESENTATION_CONTEXT(2) 
PARAMETRIC_REPRESENTATION_CONTEXT() REPRESENTATION_CONTEXT('2D SPACE',''
  ) );
#1739 = PCURVE('',#1740,#1745);
#1740 = PLANE('',#1741);
#1741 = AXIS2_PLACEMENT_3D('',#1742,#1743,#1744);
#1742 = CARTESIAN_POINT('',(-1.235,-0.785,0.E+000));
#1743 = DIRECTION('',(0.E+000,1.,0.E+000));
#1744 = DIRECTION('',(1.,0.E+000,0.E+000));
#1745 = DEFINITIONAL_REPRESENTATION('',(#1746),#1750);
#1746 = LINE('',#1747,#1748);
#1747 = CARTESIAN_POINT('',(0.E+000,0.E+000));
#1748 = VECTOR('',#1749,1.);
#1749 = DIRECTION('',(1.,0.E+000));
#1750 = ( GEOMETRIC_REPRESENTATION_CONTEXT(2) 
PARAMETRIC_REPRESENTATION_CONTEXT() REPRESENTATION_CONTEXT('2D SPACE',''
  ) );
#1751 = FACE_BOUND('',#1752,.F.);
#1752 = EDGE_LOOP('',(#1753,#1783,#1811,#1839));
#1753 = ORIENTED_EDGE('',*,*,#1754,.T.);
#1754 = EDGE_CURVE('',#1755,#1757,#1759,.T.);
#1755 = VERTEX_POINT('',#1756);
#1756 = CARTESIAN_POINT('',(1.235,-0.785,0.E+000));
#1757 = VERTEX_POINT('',#1758);
#1758 = CARTESIAN_POINT('',(0.695,-0.785,0.E+000));
#1759 = SURFACE_CURVE('',#1760,(#1764,#1771),.PCURVE_S1.);
#1760 = LINE('',#1761,#1762);
#1761 = CARTESIAN_POINT('',(1.235,-0.785,0.E+000));
#1762 = VECTOR('',#1763,1.);
#1763 = DIRECTION('',(-1.,0.E+000,0.E+000));
#1764 = PCURVE('',#1098,#1765);
#1765 = DEFINITIONAL_REPRESENTATION('',(#1766),#1770);
#1766 = LINE('',#1767,#1768);
#1767 = CARTESIAN_POINT('',(2.61,-1.71));
#1768 = VECTOR('',#1769,1.);
#1769 = DIRECTION('',(-1.,0.E+000));
#1770 = ( GEOMETRIC_REPRESENTATION_CONTEXT(2) 
PARAMETRIC_REPRESENTATION_CONTEXT() REPRESENTATION_CONTEXT('2D SPACE',''
  ) );
#1771 = PCURVE('',#1772,#1777);
#1772 = PLANE('',#1773);
#1773 = AXIS2_PLACEMENT_3D('',#1774,#1775,#1776);
#1774 = CARTESIAN_POINT('',(1.235,-0.785,0.E+000));
#1775 = DIRECTION('',(0.E+000,-1.,0.E+000));
#1776 = DIRECTION('',(-1.,0.E+000,0.E+000));
#1777 = DEFINITIONAL_REPRESENTATION('',(#1778),#1782);
#1778 = LINE('',#1779,#1780);
#1779 = CARTESIAN_POINT('',(0.E+000,-0.E+000));
#1780 = VECTOR('',#1781,1.);
#1781 = DIRECTION('',(1.,0.E+000));
#1782 = ( GEOMETRIC_REPRESENTATION_CONTEXT(2) 
PARAMETRIC_REPRESENTATION_CONTEXT() REPRESENTATION_CONTEXT('2D SPACE',''
  ) );
#1783 = ORIENTED_EDGE('',*,*,#1784,.T.);
#1784 = EDGE_CURVE('',#1757,#1785,#1787,.T.);
#1785 = VERTEX_POINT('',#1786);
#1786 = CARTESIAN_POINT('',(0.695,-0.225,0.E+000));
#1787 = SURFACE_CURVE('',#1788,(#1792,#1799),.PCURVE_S1.);
#1788 = LINE('',#1789,#1790);
#1789 = CARTESIAN_POINT('',(0.695,-0.785,0.E+000));
#1790 = VECTOR('',#1791,1.);
#1791 = DIRECTION('',(0.E+000,1.,0.E+000));
#1792 = PCURVE('',#1098,#1793);
#1793 = DEFINITIONAL_REPRESENTATION('',(#1794),#1798);
#1794 = LINE('',#1795,#1796);
#1795 = CARTESIAN_POINT('',(2.07,-1.71));
#1796 = VECTOR('',#1797,1.);
#1797 = DIRECTION('',(0.E+000,1.));
#1798 = ( GEOMETRIC_REPRESENTATION_CONTEXT(2) 
PARAMETRIC_REPRESENTATION_CONTEXT() REPRESENTATION_CONTEXT('2D SPACE',''
  ) );
#1799 = PCURVE('',#1800,#1805);
#1800 = PLANE('',#1801);
#1801 = AXIS2_PLACEMENT_3D('',#1802,#1803,#1804);
#1802 = CARTESIAN_POINT('',(0.695,-0.785,0.E+000));
#1803 = DIRECTION('',(-1.,0.E+000,0.E+000));
#1804 = DIRECTION('',(0.E+000,1.,0.E+000));
#1805 = DEFINITIONAL_REPRESENTATION('',(#1806),#1810);
#1806 = LINE('',#1807,#1808);
#1807 = CARTESIAN_POINT('',(0.E+000,0.E+000));
#1808 = VECTOR('',#1809,1.);
#1809 = DIRECTION('',(1.,0.E+000));
#1810 = ( GEOMETRIC_REPRESENTATION_CONTEXT(2) 
PARAMETRIC_REPRESENTATION_CONTEXT() REPRESENTATION_CONTEXT('2D SPACE',''
  ) );
#1811 = ORIENTED_EDGE('',*,*,#1812,.T.);
#1812 = EDGE_CURVE('',#1785,#1813,#1815,.T.);
#1813 = VERTEX_POINT('',#1814);
#1814 = CARTESIAN_POINT('',(1.235,-0.225,0.E+000));
#1815 = SURFACE_CURVE('',#1816,(#1820,#1827),.PCURVE_S1.);
#1816 = LINE('',#1817,#1818);
#1817 = CARTESIAN_POINT('',(0.695,-0.225,0.E+000));
#1818 = VECTOR('',#1819,1.);
#1819 = DIRECTION('',(1.,0.E+000,0.E+000));
#1820 = PCURVE('',#1098,#1821);
#1821 = DEFINITIONAL_REPRESENTATION('',(#1822),#1826);
#1822 = LINE('',#1823,#1824);
#1823 = CARTESIAN_POINT('',(2.07,-1.15));
#1824 = VECTOR('',#1825,1.);
#1825 = DIRECTION('',(1.,0.E+000));
#1826 = ( GEOMETRIC_REPRESENTATION_CONTEXT(2) 
PARAMETRIC_REPRESENTATION_CONTEXT() REPRESENTATION_CONTEXT('2D SPACE',''
  ) );
#1827 = PCURVE('',#1828,#1833);
#1828 = PLANE('',#1829);
#1829 = AXIS2_PLACEMENT_3D('',#1830,#1831,#1832);
#1830 = CARTESIAN_POINT('',(0.695,-0.225,0.E+000));
#1831 = DIRECTION('',(0.E+000,1.,0.E+000));
#1832 = DIRECTION('',(1.,0.E+000,0.E+000));
#1833 = DEFINITIONAL_REPRESENTATION('',(#1834),#1838);
#1834 = LINE('',#1835,#1836);
#1835 = CARTESIAN_POINT('',(0.E+000,0.E+000));
#1836 = VECTOR('',#1837,1.);
#1837 = DIRECTION('',(1.,0.E+000));
#1838 = ( GEOMETRIC_REPRESENTATION_CONTEXT(2) 
PARAMETRIC_REPRESENTATION_CONTEXT() REPRESENTATION_CONTEXT('2D SPACE',''
  ) );
#1839 = ORIENTED_EDGE('',*,*,#1840,.T.);
#1840 = EDGE_CURVE('',#1813,#1755,#1841,.T.);
#1841 = SURFACE_CURVE('',#1842,(#1846,#1853),.PCURVE_S1.);
#1842 = LINE('',#1843,#1844);
#1843 = CARTESIAN_POINT('',(1.235,-0.225,0.E+000));
#1844 = VECTOR('',#1845,1.);
#1845 = DIRECTION('',(0.E+000,-1.,0.E+000));
#1846 = PCURVE('',#1098,#1847);
#1847 = DEFINITIONAL_REPRESENTATION('',(#1848),#1852);
#1848 = LINE('',#1849,#1850);
#1849 = CARTESIAN_POINT('',(2.61,-1.15));
#1850 = VECTOR('',#1851,1.);
#1851 = DIRECTION('',(0.E+000,-1.));
#1852 = ( GEOMETRIC_REPRESENTATION_CONTEXT(2) 
PARAMETRIC_REPRESENTATION_CONTEXT() REPRESENTATION_CONTEXT('2D SPACE',''
  ) );
#1853 = PCURVE('',#1854,#1859);
#1854 = PLANE('',#1855);
#1855 = AXIS2_PLACEMENT_3D('',#1856,#1857,#1858);
#1856 = CARTESIAN_POINT('',(1.235,-0.225,0.E+000));
#1857 = DIRECTION('',(1.,0.E+000,0.E+000));
#1858 = DIRECTION('',(0.E+000,-1.,0.E+000));
#1859 = DEFINITIONAL_REPRESENTATION('',(#1860),#1864);
#1860 = LINE('',#1861,#1862);
#1861 = CARTESIAN_POINT('',(0.E+000,0.E+000));
#1862 = VECTOR('',#1863,1.);
#1863 = DIRECTION('',(1.,0.E+000));
#1864 = ( GEOMETRIC_REPRESENTATION_CONTEXT(2) 
PARAMETRIC_REPRESENTATION_CONTEXT() REPRESENTATION_CONTEXT('2D SPACE',''
  ) );
#1865 = ADVANCED_FACE('',(#1866),#1374,.F.);
#1866 = FACE_BOUND('',#1867,.T.);
#1867 = EDGE_LOOP('',(#1868));
#1868 = ORIENTED_EDGE('',*,*,#1359,.T.);
#1869 = ADVANCED_FACE('',(#1870),#1430,.F.);
#1870 = FACE_BOUND('',#1871,.F.);
#1871 = EDGE_LOOP('',(#1872,#1895,#1923,#1944));
#1872 = ORIENTED_EDGE('',*,*,#1873,.T.);
#1873 = EDGE_CURVE('',#1413,#1874,#1876,.T.);
#1874 = VERTEX_POINT('',#1875);
#1875 = CARTESIAN_POINT('',(-0.695,0.225,2.E-002));
#1876 = SURFACE_CURVE('',#1877,(#1881,#1888),.PCURVE_S1.);
#1877 = LINE('',#1878,#1879);
#1878 = CARTESIAN_POINT('',(-0.695,0.225,0.E+000));
#1879 = VECTOR('',#1880,1.);
#1880 = DIRECTION('',(0.E+000,0.E+000,1.));
#1881 = PCURVE('',#1430,#1882);
#1882 = DEFINITIONAL_REPRESENTATION('',(#1883),#1887);
#1883 = LINE('',#1884,#1885);
#1884 = CARTESIAN_POINT('',(0.E+000,-0.E+000));
#1885 = VECTOR('',#1886,1.);
#1886 = DIRECTION('',(0.E+000,-1.));
#1887 = ( GEOMETRIC_REPRESENTATION_CONTEXT(2) 
PARAMETRIC_REPRESENTATION_CONTEXT() REPRESENTATION_CONTEXT('2D SPACE',''
  ) );
#1888 = PCURVE('',#1512,#1889);
#1889 = DEFINITIONAL_REPRESENTATION('',(#1890),#1894);
#1890 = LINE('',#1891,#1892);
#1891 = CARTESIAN_POINT('',(0.56,0.E+000));
#1892 = VECTOR('',#1893,1.);
#1893 = DIRECTION('',(0.E+000,-1.));
#1894 = ( GEOMETRIC_REPRESENTATION_CONTEXT(2) 
PARAMETRIC_REPRESENTATION_CONTEXT() REPRESENTATION_CONTEXT('2D SPACE',''
  ) );
#1895 = ORIENTED_EDGE('',*,*,#1896,.T.);
#1896 = EDGE_CURVE('',#1874,#1897,#1899,.T.);
#1897 = VERTEX_POINT('',#1898);
#1898 = CARTESIAN_POINT('',(-1.235,0.225,2.E-002));
#1899 = SURFACE_CURVE('',#1900,(#1904,#1911),.PCURVE_S1.);
#1900 = LINE('',#1901,#1902);
#1901 = CARTESIAN_POINT('',(-0.695,0.225,2.E-002));
#1902 = VECTOR('',#1903,1.);
#1903 = DIRECTION('',(-1.,0.E+000,0.E+000));
#1904 = PCURVE('',#1430,#1905);
#1905 = DEFINITIONAL_REPRESENTATION('',(#1906),#1910);
#1906 = LINE('',#1907,#1908);
#1907 = CARTESIAN_POINT('',(0.E+000,-2.E-002));
#1908 = VECTOR('',#1909,1.);
#1909 = DIRECTION('',(1.,0.E+000));
#1910 = ( GEOMETRIC_REPRESENTATION_CONTEXT(2) 
PARAMETRIC_REPRESENTATION_CONTEXT() REPRESENTATION_CONTEXT('2D SPACE',''
  ) );
#1911 = PCURVE('',#1912,#1917);
#1912 = PLANE('',#1913);
#1913 = AXIS2_PLACEMENT_3D('',#1914,#1915,#1916);
#1914 = CARTESIAN_POINT('',(-1.235,0.785,2.E-002));
#1915 = DIRECTION('',(0.E+000,0.E+000,1.));
#1916 = DIRECTION('',(1.,0.E+000,0.E+000));
#1917 = DEFINITIONAL_REPRESENTATION('',(#1918),#1922);
#1918 = LINE('',#1919,#1920);
#1919 = CARTESIAN_POINT('',(0.54,-0.56));
#1920 = VECTOR('',#1921,1.);
#1921 = DIRECTION('',(-1.,0.E+000));
#1922 = ( GEOMETRIC_REPRESENTATION_CONTEXT(2) 
PARAMETRIC_REPRESENTATION_CONTEXT() REPRESENTATION_CONTEXT('2D SPACE',''
  ) );
#1923 = ORIENTED_EDGE('',*,*,#1924,.F.);
#1924 = EDGE_CURVE('',#1415,#1897,#1925,.T.);
#1925 = SURFACE_CURVE('',#1926,(#1930,#1937),.PCURVE_S1.);
#1926 = LINE('',#1927,#1928);
#1927 = CARTESIAN_POINT('',(-1.235,0.225,0.E+000));
#1928 = VECTOR('',#1929,1.);
#1929 = DIRECTION('',(0.E+000,0.E+000,1.));
#1930 = PCURVE('',#1430,#1931);
#1931 = DEFINITIONAL_REPRESENTATION('',(#1932),#1936);
#1932 = LINE('',#1933,#1934);
#1933 = CARTESIAN_POINT('',(0.54,0.E+000));
#1934 = VECTOR('',#1935,1.);
#1935 = DIRECTION('',(0.E+000,-1.));
#1936 = ( GEOMETRIC_REPRESENTATION_CONTEXT(2) 
PARAMETRIC_REPRESENTATION_CONTEXT() REPRESENTATION_CONTEXT('2D SPACE',''
  ) );
#1937 = PCURVE('',#1458,#1938);
#1938 = DEFINITIONAL_REPRESENTATION('',(#1939),#1943);
#1939 = LINE('',#1940,#1941);
#1940 = CARTESIAN_POINT('',(0.E+000,0.E+000));
#1941 = VECTOR('',#1942,1.);
#1942 = DIRECTION('',(0.E+000,-1.));
#1943 = ( GEOMETRIC_REPRESENTATION_CONTEXT(2) 
PARAMETRIC_REPRESENTATION_CONTEXT() REPRESENTATION_CONTEXT('2D SPACE',''
  ) );
#1944 = ORIENTED_EDGE('',*,*,#1412,.F.);
#1945 = ADVANCED_FACE('',(#1946),#1512,.F.);
#1946 = FACE_BOUND('',#1947,.F.);
#1947 = EDGE_LOOP('',(#1948,#1971,#1992,#1993));
#1948 = ORIENTED_EDGE('',*,*,#1949,.T.);
#1949 = EDGE_CURVE('',#1471,#1950,#1952,.T.);
#1950 = VERTEX_POINT('',#1951);
#1951 = CARTESIAN_POINT('',(-0.695,0.785,2.E-002));
#1952 = SURFACE_CURVE('',#1953,(#1957,#1964),.PCURVE_S1.);
#1953 = LINE('',#1954,#1955);
#1954 = CARTESIAN_POINT('',(-0.695,0.785,0.E+000));
#1955 = VECTOR('',#1956,1.);
#1956 = DIRECTION('',(0.E+000,0.E+000,1.));
#1957 = PCURVE('',#1512,#1958);
#1958 = DEFINITIONAL_REPRESENTATION('',(#1959),#1963);
#1959 = LINE('',#1960,#1961);
#1960 = CARTESIAN_POINT('',(0.E+000,0.E+000));
#1961 = VECTOR('',#1962,1.);
#1962 = DIRECTION('',(0.E+000,-1.));
#1963 = ( GEOMETRIC_REPRESENTATION_CONTEXT(2) 
PARAMETRIC_REPRESENTATION_CONTEXT() REPRESENTATION_CONTEXT('2D SPACE',''
  ) );
#1964 = PCURVE('',#1486,#1965);
#1965 = DEFINITIONAL_REPRESENTATION('',(#1966),#1970);
#1966 = LINE('',#1967,#1968);
#1967 = CARTESIAN_POINT('',(0.54,0.E+000));
#1968 = VECTOR('',#1969,1.);
#1969 = DIRECTION('',(0.E+000,-1.));
#1970 = ( GEOMETRIC_REPRESENTATION_CONTEXT(2) 
PARAMETRIC_REPRESENTATION_CONTEXT() REPRESENTATION_CONTEXT('2D SPACE',''
  ) );
#1971 = ORIENTED_EDGE('',*,*,#1972,.T.);
#1972 = EDGE_CURVE('',#1950,#1874,#1973,.T.);
#1973 = SURFACE_CURVE('',#1974,(#1978,#1985),.PCURVE_S1.);
#1974 = LINE('',#1975,#1976);
#1975 = CARTESIAN_POINT('',(-0.695,0.785,2.E-002));
#1976 = VECTOR('',#1977,1.);
#1977 = DIRECTION('',(0.E+000,-1.,0.E+000));
#1978 = PCURVE('',#1512,#1979);
#1979 = DEFINITIONAL_REPRESENTATION('',(#1980),#1984);
#1980 = LINE('',#1981,#1982);
#1981 = CARTESIAN_POINT('',(0.E+000,-2.E-002));
#1982 = VECTOR('',#1983,1.);
#1983 = DIRECTION('',(1.,0.E+000));
#1984 = ( GEOMETRIC_REPRESENTATION_CONTEXT(2) 
PARAMETRIC_REPRESENTATION_CONTEXT() REPRESENTATION_CONTEXT('2D SPACE',''
  ) );
#1985 = PCURVE('',#1912,#1986);
#1986 = DEFINITIONAL_REPRESENTATION('',(#1987),#1991);
#1987 = LINE('',#1988,#1989);
#1988 = CARTESIAN_POINT('',(0.54,0.E+000));
#1989 = VECTOR('',#1990,1.);
#1990 = DIRECTION('',(0.E+000,-1.));
#1991 = ( GEOMETRIC_REPRESENTATION_CONTEXT(2) 
PARAMETRIC_REPRESENTATION_CONTEXT() REPRESENTATION_CONTEXT('2D SPACE',''
  ) );
#1992 = ORIENTED_EDGE('',*,*,#1873,.F.);
#1993 = ORIENTED_EDGE('',*,*,#1498,.F.);
#1994 = ADVANCED_FACE('',(#1995),#1486,.F.);
#1995 = FACE_BOUND('',#1996,.F.);
#1996 = EDGE_LOOP('',(#1997,#2020,#2041,#2042));
#1997 = ORIENTED_EDGE('',*,*,#1998,.T.);
#1998 = EDGE_CURVE('',#1443,#1999,#2001,.T.);
#1999 = VERTEX_POINT('',#2000);
#2000 = CARTESIAN_POINT('',(-1.235,0.785,2.E-002));
#2001 = SURFACE_CURVE('',#2002,(#2006,#2013),.PCURVE_S1.);
#2002 = LINE('',#2003,#2004);
#2003 = CARTESIAN_POINT('',(-1.235,0.785,0.E+000));
#2004 = VECTOR('',#2005,1.);
#2005 = DIRECTION('',(0.E+000,0.E+000,1.));
#2006 = PCURVE('',#1486,#2007);
#2007 = DEFINITIONAL_REPRESENTATION('',(#2008),#2012);
#2008 = LINE('',#2009,#2010);
#2009 = CARTESIAN_POINT('',(0.E+000,0.E+000));
#2010 = VECTOR('',#2011,1.);
#2011 = DIRECTION('',(0.E+000,-1.));
#2012 = ( GEOMETRIC_REPRESENTATION_CONTEXT(2) 
PARAMETRIC_REPRESENTATION_CONTEXT() REPRESENTATION_CONTEXT('2D SPACE',''
  ) );
#2013 = PCURVE('',#1458,#2014);
#2014 = DEFINITIONAL_REPRESENTATION('',(#2015),#2019);
#2015 = LINE('',#2016,#2017);
#2016 = CARTESIAN_POINT('',(0.56,0.E+000));
#2017 = VECTOR('',#2018,1.);
#2018 = DIRECTION('',(0.E+000,-1.));
#2019 = ( GEOMETRIC_REPRESENTATION_CONTEXT(2) 
PARAMETRIC_REPRESENTATION_CONTEXT() REPRESENTATION_CONTEXT('2D SPACE',''
  ) );
#2020 = ORIENTED_EDGE('',*,*,#2021,.T.);
#2021 = EDGE_CURVE('',#1999,#1950,#2022,.T.);
#2022 = SURFACE_CURVE('',#2023,(#2027,#2034),.PCURVE_S1.);
#2023 = LINE('',#2024,#2025);
#2024 = CARTESIAN_POINT('',(-1.235,0.785,2.E-002));
#2025 = VECTOR('',#2026,1.);
#2026 = DIRECTION('',(1.,0.E+000,0.E+000));
#2027 = PCURVE('',#1486,#2028);
#2028 = DEFINITIONAL_REPRESENTATION('',(#2029),#2033);
#2029 = LINE('',#2030,#2031);
#2030 = CARTESIAN_POINT('',(0.E+000,-2.E-002));
#2031 = VECTOR('',#2032,1.);
#2032 = DIRECTION('',(1.,0.E+000));
#2033 = ( GEOMETRIC_REPRESENTATION_CONTEXT(2) 
PARAMETRIC_REPRESENTATION_CONTEXT() REPRESENTATION_CONTEXT('2D SPACE',''
  ) );
#2034 = PCURVE('',#1912,#2035);
#2035 = DEFINITIONAL_REPRESENTATION('',(#2036),#2040);
#2036 = LINE('',#2037,#2038);
#2037 = CARTESIAN_POINT('',(0.E+000,0.E+000));
#2038 = VECTOR('',#2039,1.);
#2039 = DIRECTION('',(1.,0.E+000));
#2040 = ( GEOMETRIC_REPRESENTATION_CONTEXT(2) 
PARAMETRIC_REPRESENTATION_CONTEXT() REPRESENTATION_CONTEXT('2D SPACE',''
  ) );
#2041 = ORIENTED_EDGE('',*,*,#1949,.F.);
#2042 = ORIENTED_EDGE('',*,*,#1470,.F.);
#2043 = ADVANCED_FACE('',(#2044),#1458,.F.);
#2044 = FACE_BOUND('',#2045,.F.);
#2045 = EDGE_LOOP('',(#2046,#2047,#2068,#2069));
#2046 = ORIENTED_EDGE('',*,*,#1924,.T.);
#2047 = ORIENTED_EDGE('',*,*,#2048,.T.);
#2048 = EDGE_CURVE('',#1897,#1999,#2049,.T.);
#2049 = SURFACE_CURVE('',#2050,(#2054,#2061),.PCURVE_S1.);
#2050 = LINE('',#2051,#2052);
#2051 = CARTESIAN_POINT('',(-1.235,0.225,2.E-002));
#2052 = VECTOR('',#2053,1.);
#2053 = DIRECTION('',(0.E+000,1.,0.E+000));
#2054 = PCURVE('',#1458,#2055);
#2055 = DEFINITIONAL_REPRESENTATION('',(#2056),#2060);
#2056 = LINE('',#2057,#2058);
#2057 = CARTESIAN_POINT('',(0.E+000,-2.E-002));
#2058 = VECTOR('',#2059,1.);
#2059 = DIRECTION('',(1.,0.E+000));
#2060 = ( GEOMETRIC_REPRESENTATION_CONTEXT(2) 
PARAMETRIC_REPRESENTATION_CONTEXT() REPRESENTATION_CONTEXT('2D SPACE',''
  ) );
#2061 = PCURVE('',#1912,#2062);
#2062 = DEFINITIONAL_REPRESENTATION('',(#2063),#2067);
#2063 = LINE('',#2064,#2065);
#2064 = CARTESIAN_POINT('',(0.E+000,-0.56));
#2065 = VECTOR('',#2066,1.);
#2066 = DIRECTION('',(0.E+000,1.));
#2067 = ( GEOMETRIC_REPRESENTATION_CONTEXT(2) 
PARAMETRIC_REPRESENTATION_CONTEXT() REPRESENTATION_CONTEXT('2D SPACE',''
  ) );
#2068 = ORIENTED_EDGE('',*,*,#1998,.F.);
#2069 = ORIENTED_EDGE('',*,*,#1442,.F.);
#2070 = ADVANCED_FACE('',(#2071),#1544,.T.);
#2071 = FACE_BOUND('',#2072,.T.);
#2072 = EDGE_LOOP('',(#2073,#2096,#2124,#2145));
#2073 = ORIENTED_EDGE('',*,*,#2074,.T.);
#2074 = EDGE_CURVE('',#1527,#2075,#2077,.T.);
#2075 = VERTEX_POINT('',#2076);
#2076 = CARTESIAN_POINT('',(1.235,0.225,2.E-002));
#2077 = SURFACE_CURVE('',#2078,(#2082,#2089),.PCURVE_S1.);
#2078 = LINE('',#2079,#2080);
#2079 = CARTESIAN_POINT('',(1.235,0.225,0.E+000));
#2080 = VECTOR('',#2081,1.);
#2081 = DIRECTION('',(0.E+000,0.E+000,1.));
#2082 = PCURVE('',#1544,#2083);
#2083 = DEFINITIONAL_REPRESENTATION('',(#2084),#2088);
#2084 = LINE('',#2085,#2086);
#2085 = CARTESIAN_POINT('',(0.E+000,0.E+000));
#2086 = VECTOR('',#2087,1.);
#2087 = DIRECTION('',(0.E+000,-1.));
#2088 = ( GEOMETRIC_REPRESENTATION_CONTEXT(2) 
PARAMETRIC_REPRESENTATION_CONTEXT() REPRESENTATION_CONTEXT('2D SPACE',''
  ) );
#2089 = PCURVE('',#1572,#2090);
#2090 = DEFINITIONAL_REPRESENTATION('',(#2091),#2095);
#2091 = LINE('',#2092,#2093);
#2092 = CARTESIAN_POINT('',(0.54,0.E+000));
#2093 = VECTOR('',#2094,1.);
#2094 = DIRECTION('',(0.E+000,-1.));
#2095 = ( GEOMETRIC_REPRESENTATION_CONTEXT(2) 
PARAMETRIC_REPRESENTATION_CONTEXT() REPRESENTATION_CONTEXT('2D SPACE',''
  ) );
#2096 = ORIENTED_EDGE('',*,*,#2097,.T.);
#2097 = EDGE_CURVE('',#2075,#2098,#2100,.T.);
#2098 = VERTEX_POINT('',#2099);
#2099 = CARTESIAN_POINT('',(1.235,0.785,2.E-002));
#2100 = SURFACE_CURVE('',#2101,(#2105,#2112),.PCURVE_S1.);
#2101 = LINE('',#2102,#2103);
#2102 = CARTESIAN_POINT('',(1.235,0.225,2.E-002));
#2103 = VECTOR('',#2104,1.);
#2104 = DIRECTION('',(0.E+000,1.,0.E+000));
#2105 = PCURVE('',#1544,#2106);
#2106 = DEFINITIONAL_REPRESENTATION('',(#2107),#2111);
#2107 = LINE('',#2108,#2109);
#2108 = CARTESIAN_POINT('',(0.E+000,-2.E-002));
#2109 = VECTOR('',#2110,1.);
#2110 = DIRECTION('',(1.,0.E+000));
#2111 = ( GEOMETRIC_REPRESENTATION_CONTEXT(2) 
PARAMETRIC_REPRESENTATION_CONTEXT() REPRESENTATION_CONTEXT('2D SPACE',''
  ) );
#2112 = PCURVE('',#2113,#2118);
#2113 = PLANE('',#2114);
#2114 = AXIS2_PLACEMENT_3D('',#2115,#2116,#2117);
#2115 = CARTESIAN_POINT('',(1.235,0.785,2.E-002));
#2116 = DIRECTION('',(0.E+000,0.E+000,-1.));
#2117 = DIRECTION('',(-1.,0.E+000,0.E+000));
#2118 = DEFINITIONAL_REPRESENTATION('',(#2119),#2123);
#2119 = LINE('',#2120,#2121);
#2120 = CARTESIAN_POINT('',(0.E+000,-0.56));
#2121 = VECTOR('',#2122,1.);
#2122 = DIRECTION('',(0.E+000,1.));
#2123 = ( GEOMETRIC_REPRESENTATION_CONTEXT(2) 
PARAMETRIC_REPRESENTATION_CONTEXT() REPRESENTATION_CONTEXT('2D SPACE',''
  ) );
#2124 = ORIENTED_EDGE('',*,*,#2125,.F.);
#2125 = EDGE_CURVE('',#1529,#2098,#2126,.T.);
#2126 = SURFACE_CURVE('',#2127,(#2131,#2138),.PCURVE_S1.);
#2127 = LINE('',#2128,#2129);
#2128 = CARTESIAN_POINT('',(1.235,0.785,0.E+000));
#2129 = VECTOR('',#2130,1.);
#2130 = DIRECTION('',(0.E+000,0.E+000,1.));
#2131 = PCURVE('',#1544,#2132);
#2132 = DEFINITIONAL_REPRESENTATION('',(#2133),#2137);
#2133 = LINE('',#2134,#2135);
#2134 = CARTESIAN_POINT('',(0.56,0.E+000));
#2135 = VECTOR('',#2136,1.);
#2136 = DIRECTION('',(0.E+000,-1.));
#2137 = ( GEOMETRIC_REPRESENTATION_CONTEXT(2) 
PARAMETRIC_REPRESENTATION_CONTEXT() REPRESENTATION_CONTEXT('2D SPACE',''
  ) );
#2138 = PCURVE('',#1626,#2139);
#2139 = DEFINITIONAL_REPRESENTATION('',(#2140),#2144);
#2140 = LINE('',#2141,#2142);
#2141 = CARTESIAN_POINT('',(0.E+000,-0.E+000));
#2142 = VECTOR('',#2143,1.);
#2143 = DIRECTION('',(0.E+000,-1.));
#2144 = ( GEOMETRIC_REPRESENTATION_CONTEXT(2) 
PARAMETRIC_REPRESENTATION_CONTEXT() REPRESENTATION_CONTEXT('2D SPACE',''
  ) );
#2145 = ORIENTED_EDGE('',*,*,#1526,.F.);
#2146 = ADVANCED_FACE('',(#2147),#1626,.T.);
#2147 = FACE_BOUND('',#2148,.T.);
#2148 = EDGE_LOOP('',(#2149,#2150,#2173,#2194));
#2149 = ORIENTED_EDGE('',*,*,#2125,.T.);
#2150 = ORIENTED_EDGE('',*,*,#2151,.T.);
#2151 = EDGE_CURVE('',#2098,#2152,#2154,.T.);
#2152 = VERTEX_POINT('',#2153);
#2153 = CARTESIAN_POINT('',(0.695,0.785,2.E-002));
#2154 = SURFACE_CURVE('',#2155,(#2159,#2166),.PCURVE_S1.);
#2155 = LINE('',#2156,#2157);
#2156 = CARTESIAN_POINT('',(1.235,0.785,2.E-002));
#2157 = VECTOR('',#2158,1.);
#2158 = DIRECTION('',(-1.,0.E+000,0.E+000));
#2159 = PCURVE('',#1626,#2160);
#2160 = DEFINITIONAL_REPRESENTATION('',(#2161),#2165);
#2161 = LINE('',#2162,#2163);
#2162 = CARTESIAN_POINT('',(0.E+000,-2.E-002));
#2163 = VECTOR('',#2164,1.);
#2164 = DIRECTION('',(1.,0.E+000));
#2165 = ( GEOMETRIC_REPRESENTATION_CONTEXT(2) 
PARAMETRIC_REPRESENTATION_CONTEXT() REPRESENTATION_CONTEXT('2D SPACE',''
  ) );
#2166 = PCURVE('',#2113,#2167);
#2167 = DEFINITIONAL_REPRESENTATION('',(#2168),#2172);
#2168 = LINE('',#2169,#2170);
#2169 = CARTESIAN_POINT('',(0.E+000,0.E+000));
#2170 = VECTOR('',#2171,1.);
#2171 = DIRECTION('',(1.,0.E+000));
#2172 = ( GEOMETRIC_REPRESENTATION_CONTEXT(2) 
PARAMETRIC_REPRESENTATION_CONTEXT() REPRESENTATION_CONTEXT('2D SPACE',''
  ) );
#2173 = ORIENTED_EDGE('',*,*,#2174,.F.);
#2174 = EDGE_CURVE('',#1585,#2152,#2175,.T.);
#2175 = SURFACE_CURVE('',#2176,(#2180,#2187),.PCURVE_S1.);
#2176 = LINE('',#2177,#2178);
#2177 = CARTESIAN_POINT('',(0.695,0.785,0.E+000));
#2178 = VECTOR('',#2179,1.);
#2179 = DIRECTION('',(0.E+000,0.E+000,1.));
#2180 = PCURVE('',#1626,#2181);
#2181 = DEFINITIONAL_REPRESENTATION('',(#2182),#2186);
#2182 = LINE('',#2183,#2184);
#2183 = CARTESIAN_POINT('',(0.54,0.E+000));
#2184 = VECTOR('',#2185,1.);
#2185 = DIRECTION('',(0.E+000,-1.));
#2186 = ( GEOMETRIC_REPRESENTATION_CONTEXT(2) 
PARAMETRIC_REPRESENTATION_CONTEXT() REPRESENTATION_CONTEXT('2D SPACE',''
  ) );
#2187 = PCURVE('',#1600,#2188);
#2188 = DEFINITIONAL_REPRESENTATION('',(#2189),#2193);
#2189 = LINE('',#2190,#2191);
#2190 = CARTESIAN_POINT('',(0.E+000,0.E+000));
#2191 = VECTOR('',#2192,1.);
#2192 = DIRECTION('',(0.E+000,-1.));
#2193 = ( GEOMETRIC_REPRESENTATION_CONTEXT(2) 
PARAMETRIC_REPRESENTATION_CONTEXT() REPRESENTATION_CONTEXT('2D SPACE',''
  ) );
#2194 = ORIENTED_EDGE('',*,*,#1612,.F.);
#2195 = ADVANCED_FACE('',(#2196),#1600,.T.);
#2196 = FACE_BOUND('',#2197,.T.);
#2197 = EDGE_LOOP('',(#2198,#2199,#2222,#2243));
#2198 = ORIENTED_EDGE('',*,*,#2174,.T.);
#2199 = ORIENTED_EDGE('',*,*,#2200,.T.);
#2200 = EDGE_CURVE('',#2152,#2201,#2203,.T.);
#2201 = VERTEX_POINT('',#2202);
#2202 = CARTESIAN_POINT('',(0.695,0.225,2.E-002));
#2203 = SURFACE_CURVE('',#2204,(#2208,#2215),.PCURVE_S1.);
#2204 = LINE('',#2205,#2206);
#2205 = CARTESIAN_POINT('',(0.695,0.785,2.E-002));
#2206 = VECTOR('',#2207,1.);
#2207 = DIRECTION('',(0.E+000,-1.,0.E+000));
#2208 = PCURVE('',#1600,#2209);
#2209 = DEFINITIONAL_REPRESENTATION('',(#2210),#2214);
#2210 = LINE('',#2211,#2212);
#2211 = CARTESIAN_POINT('',(0.E+000,-2.E-002));
#2212 = VECTOR('',#2213,1.);
#2213 = DIRECTION('',(1.,0.E+000));
#2214 = ( GEOMETRIC_REPRESENTATION_CONTEXT(2) 
PARAMETRIC_REPRESENTATION_CONTEXT() REPRESENTATION_CONTEXT('2D SPACE',''
  ) );
#2215 = PCURVE('',#2113,#2216);
#2216 = DEFINITIONAL_REPRESENTATION('',(#2217),#2221);
#2217 = LINE('',#2218,#2219);
#2218 = CARTESIAN_POINT('',(0.54,0.E+000));
#2219 = VECTOR('',#2220,1.);
#2220 = DIRECTION('',(0.E+000,-1.));
#2221 = ( GEOMETRIC_REPRESENTATION_CONTEXT(2) 
PARAMETRIC_REPRESENTATION_CONTEXT() REPRESENTATION_CONTEXT('2D SPACE',''
  ) );
#2222 = ORIENTED_EDGE('',*,*,#2223,.F.);
#2223 = EDGE_CURVE('',#1557,#2201,#2224,.T.);
#2224 = SURFACE_CURVE('',#2225,(#2229,#2236),.PCURVE_S1.);
#2225 = LINE('',#2226,#2227);
#2226 = CARTESIAN_POINT('',(0.695,0.225,0.E+000));
#2227 = VECTOR('',#2228,1.);
#2228 = DIRECTION('',(0.E+000,0.E+000,1.));
#2229 = PCURVE('',#1600,#2230);
#2230 = DEFINITIONAL_REPRESENTATION('',(#2231),#2235);
#2231 = LINE('',#2232,#2233);
#2232 = CARTESIAN_POINT('',(0.56,0.E+000));
#2233 = VECTOR('',#2234,1.);
#2234 = DIRECTION('',(0.E+000,-1.));
#2235 = ( GEOMETRIC_REPRESENTATION_CONTEXT(2) 
PARAMETRIC_REPRESENTATION_CONTEXT() REPRESENTATION_CONTEXT('2D SPACE',''
  ) );
#2236 = PCURVE('',#1572,#2237);
#2237 = DEFINITIONAL_REPRESENTATION('',(#2238),#2242);
#2238 = LINE('',#2239,#2240);
#2239 = CARTESIAN_POINT('',(0.E+000,0.E+000));
#2240 = VECTOR('',#2241,1.);
#2241 = DIRECTION('',(0.E+000,-1.));
#2242 = ( GEOMETRIC_REPRESENTATION_CONTEXT(2) 
PARAMETRIC_REPRESENTATION_CONTEXT() REPRESENTATION_CONTEXT('2D SPACE',''
  ) );
#2243 = ORIENTED_EDGE('',*,*,#1584,.F.);
#2244 = ADVANCED_FACE('',(#2245),#1572,.T.);
#2245 = FACE_BOUND('',#2246,.T.);
#2246 = EDGE_LOOP('',(#2247,#2248,#2269,#2270));
#2247 = ORIENTED_EDGE('',*,*,#2223,.T.);
#2248 = ORIENTED_EDGE('',*,*,#2249,.T.);
#2249 = EDGE_CURVE('',#2201,#2075,#2250,.T.);
#2250 = SURFACE_CURVE('',#2251,(#2255,#2262),.PCURVE_S1.);
#2251 = LINE('',#2252,#2253);
#2252 = CARTESIAN_POINT('',(0.695,0.225,2.E-002));
#2253 = VECTOR('',#2254,1.);
#2254 = DIRECTION('',(1.,0.E+000,0.E+000));
#2255 = PCURVE('',#1572,#2256);
#2256 = DEFINITIONAL_REPRESENTATION('',(#2257),#2261);
#2257 = LINE('',#2258,#2259);
#2258 = CARTESIAN_POINT('',(0.E+000,-2.E-002));
#2259 = VECTOR('',#2260,1.);
#2260 = DIRECTION('',(1.,0.E+000));
#2261 = ( GEOMETRIC_REPRESENTATION_CONTEXT(2) 
PARAMETRIC_REPRESENTATION_CONTEXT() REPRESENTATION_CONTEXT('2D SPACE',''
  ) );
#2262 = PCURVE('',#2113,#2263);
#2263 = DEFINITIONAL_REPRESENTATION('',(#2264),#2268);
#2264 = LINE('',#2265,#2266);
#2265 = CARTESIAN_POINT('',(0.54,-0.56));
#2266 = VECTOR('',#2267,1.);
#2267 = DIRECTION('',(-1.,0.E+000));
#2268 = ( GEOMETRIC_REPRESENTATION_CONTEXT(2) 
PARAMETRIC_REPRESENTATION_CONTEXT() REPRESENTATION_CONTEXT('2D SPACE',''
  ) );
#2269 = ORIENTED_EDGE('',*,*,#2074,.F.);
#2270 = ORIENTED_EDGE('',*,*,#1556,.F.);
#2271 = ADVANCED_FACE('',(#2272),#1658,.T.);
#2272 = FACE_BOUND('',#2273,.T.);
#2273 = EDGE_LOOP('',(#2274,#2297,#2325,#2346));
#2274 = ORIENTED_EDGE('',*,*,#2275,.T.);
#2275 = EDGE_CURVE('',#1641,#2276,#2278,.T.);
#2276 = VERTEX_POINT('',#2277);
#2277 = CARTESIAN_POINT('',(-1.235,-0.225,2.E-002));
#2278 = SURFACE_CURVE('',#2279,(#2283,#2290),.PCURVE_S1.);
#2279 = LINE('',#2280,#2281);
#2280 = CARTESIAN_POINT('',(-1.235,-0.225,0.E+000));
#2281 = VECTOR('',#2282,1.);
#2282 = DIRECTION('',(0.E+000,0.E+000,1.));
#2283 = PCURVE('',#1658,#2284);
#2284 = DEFINITIONAL_REPRESENTATION('',(#2285),#2289);
#2285 = LINE('',#2286,#2287);
#2286 = CARTESIAN_POINT('',(0.E+000,0.E+000));
#2287 = VECTOR('',#2288,1.);
#2288 = DIRECTION('',(0.E+000,-1.));
#2289 = ( GEOMETRIC_REPRESENTATION_CONTEXT(2) 
PARAMETRIC_REPRESENTATION_CONTEXT() REPRESENTATION_CONTEXT('2D SPACE',''
  ) );
#2290 = PCURVE('',#1686,#2291);
#2291 = DEFINITIONAL_REPRESENTATION('',(#2292),#2296);
#2292 = LINE('',#2293,#2294);
#2293 = CARTESIAN_POINT('',(0.54,0.E+000));
#2294 = VECTOR('',#2295,1.);
#2295 = DIRECTION('',(0.E+000,-1.));
#2296 = ( GEOMETRIC_REPRESENTATION_CONTEXT(2) 
PARAMETRIC_REPRESENTATION_CONTEXT() REPRESENTATION_CONTEXT('2D SPACE',''
  ) );
#2297 = ORIENTED_EDGE('',*,*,#2298,.T.);
#2298 = EDGE_CURVE('',#2276,#2299,#2301,.T.);
#2299 = VERTEX_POINT('',#2300);
#2300 = CARTESIAN_POINT('',(-1.235,-0.785,2.E-002));
#2301 = SURFACE_CURVE('',#2302,(#2306,#2313),.PCURVE_S1.);
#2302 = LINE('',#2303,#2304);
#2303 = CARTESIAN_POINT('',(-1.235,-0.225,2.E-002));
#2304 = VECTOR('',#2305,1.);
#2305 = DIRECTION('',(0.E+000,-1.,0.E+000));
#2306 = PCURVE('',#1658,#2307);
#2307 = DEFINITIONAL_REPRESENTATION('',(#2308),#2312);
#2308 = LINE('',#2309,#2310);
#2309 = CARTESIAN_POINT('',(0.E+000,-2.E-002));
#2310 = VECTOR('',#2311,1.);
#2311 = DIRECTION('',(1.,0.E+000));
#2312 = ( GEOMETRIC_REPRESENTATION_CONTEXT(2) 
PARAMETRIC_REPRESENTATION_CONTEXT() REPRESENTATION_CONTEXT('2D SPACE',''
  ) );
#2313 = PCURVE('',#2314,#2319);
#2314 = PLANE('',#2315);
#2315 = AXIS2_PLACEMENT_3D('',#2316,#2317,#2318);
#2316 = CARTESIAN_POINT('',(-1.235,-0.785,2.E-002));
#2317 = DIRECTION('',(0.E+000,0.E+000,-1.));
#2318 = DIRECTION('',(-1.,0.E+000,0.E+000));
#2319 = DEFINITIONAL_REPRESENTATION('',(#2320),#2324);
#2320 = LINE('',#2321,#2322);
#2321 = CARTESIAN_POINT('',(0.E+000,0.56));
#2322 = VECTOR('',#2323,1.);
#2323 = DIRECTION('',(0.E+000,-1.));
#2324 = ( GEOMETRIC_REPRESENTATION_CONTEXT(2) 
PARAMETRIC_REPRESENTATION_CONTEXT() REPRESENTATION_CONTEXT('2D SPACE',''
  ) );
#2325 = ORIENTED_EDGE('',*,*,#2326,.F.);
#2326 = EDGE_CURVE('',#1643,#2299,#2327,.T.);
#2327 = SURFACE_CURVE('',#2328,(#2332,#2339),.PCURVE_S1.);
#2328 = LINE('',#2329,#2330);
#2329 = CARTESIAN_POINT('',(-1.235,-0.785,0.E+000));
#2330 = VECTOR('',#2331,1.);
#2331 = DIRECTION('',(0.E+000,0.E+000,1.));
#2332 = PCURVE('',#1658,#2333);
#2333 = DEFINITIONAL_REPRESENTATION('',(#2334),#2338);
#2334 = LINE('',#2335,#2336);
#2335 = CARTESIAN_POINT('',(0.56,0.E+000));
#2336 = VECTOR('',#2337,1.);
#2337 = DIRECTION('',(0.E+000,-1.));
#2338 = ( GEOMETRIC_REPRESENTATION_CONTEXT(2) 
PARAMETRIC_REPRESENTATION_CONTEXT() REPRESENTATION_CONTEXT('2D SPACE',''
  ) );
#2339 = PCURVE('',#1740,#2340);
#2340 = DEFINITIONAL_REPRESENTATION('',(#2341),#2345);
#2341 = LINE('',#2342,#2343);
#2342 = CARTESIAN_POINT('',(0.E+000,0.E+000));
#2343 = VECTOR('',#2344,1.);
#2344 = DIRECTION('',(0.E+000,-1.));
#2345 = ( GEOMETRIC_REPRESENTATION_CONTEXT(2) 
PARAMETRIC_REPRESENTATION_CONTEXT() REPRESENTATION_CONTEXT('2D SPACE',''
  ) );
#2346 = ORIENTED_EDGE('',*,*,#1640,.F.);
#2347 = ADVANCED_FACE('',(#2348),#1740,.T.);
#2348 = FACE_BOUND('',#2349,.T.);
#2349 = EDGE_LOOP('',(#2350,#2351,#2374,#2395));
#2350 = ORIENTED_EDGE('',*,*,#2326,.T.);
#2351 = ORIENTED_EDGE('',*,*,#2352,.T.);
#2352 = EDGE_CURVE('',#2299,#2353,#2355,.T.);
#2353 = VERTEX_POINT('',#2354);
#2354 = CARTESIAN_POINT('',(-0.695,-0.785,2.E-002));
#2355 = SURFACE_CURVE('',#2356,(#2360,#2367),.PCURVE_S1.);
#2356 = LINE('',#2357,#2358);
#2357 = CARTESIAN_POINT('',(-1.235,-0.785,2.E-002));
#2358 = VECTOR('',#2359,1.);
#2359 = DIRECTION('',(1.,0.E+000,0.E+000));
#2360 = PCURVE('',#1740,#2361);
#2361 = DEFINITIONAL_REPRESENTATION('',(#2362),#2366);
#2362 = LINE('',#2363,#2364);
#2363 = CARTESIAN_POINT('',(0.E+000,-2.E-002));
#2364 = VECTOR('',#2365,1.);
#2365 = DIRECTION('',(1.,0.E+000));
#2366 = ( GEOMETRIC_REPRESENTATION_CONTEXT(2) 
PARAMETRIC_REPRESENTATION_CONTEXT() REPRESENTATION_CONTEXT('2D SPACE',''
  ) );
#2367 = PCURVE('',#2314,#2368);
#2368 = DEFINITIONAL_REPRESENTATION('',(#2369),#2373);
#2369 = LINE('',#2370,#2371);
#2370 = CARTESIAN_POINT('',(0.E+000,0.E+000));
#2371 = VECTOR('',#2372,1.);
#2372 = DIRECTION('',(-1.,0.E+000));
#2373 = ( GEOMETRIC_REPRESENTATION_CONTEXT(2) 
PARAMETRIC_REPRESENTATION_CONTEXT() REPRESENTATION_CONTEXT('2D SPACE',''
  ) );
#2374 = ORIENTED_EDGE('',*,*,#2375,.F.);
#2375 = EDGE_CURVE('',#1699,#2353,#2376,.T.);
#2376 = SURFACE_CURVE('',#2377,(#2381,#2388),.PCURVE_S1.);
#2377 = LINE('',#2378,#2379);
#2378 = CARTESIAN_POINT('',(-0.695,-0.785,0.E+000));
#2379 = VECTOR('',#2380,1.);
#2380 = DIRECTION('',(0.E+000,0.E+000,1.));
#2381 = PCURVE('',#1740,#2382);
#2382 = DEFINITIONAL_REPRESENTATION('',(#2383),#2387);
#2383 = LINE('',#2384,#2385);
#2384 = CARTESIAN_POINT('',(0.54,0.E+000));
#2385 = VECTOR('',#2386,1.);
#2386 = DIRECTION('',(0.E+000,-1.));
#2387 = ( GEOMETRIC_REPRESENTATION_CONTEXT(2) 
PARAMETRIC_REPRESENTATION_CONTEXT() REPRESENTATION_CONTEXT('2D SPACE',''
  ) );
#2388 = PCURVE('',#1714,#2389);
#2389 = DEFINITIONAL_REPRESENTATION('',(#2390),#2394);
#2390 = LINE('',#2391,#2392);
#2391 = CARTESIAN_POINT('',(0.E+000,0.E+000));
#2392 = VECTOR('',#2393,1.);
#2393 = DIRECTION('',(0.E+000,-1.));
#2394 = ( GEOMETRIC_REPRESENTATION_CONTEXT(2) 
PARAMETRIC_REPRESENTATION_CONTEXT() REPRESENTATION_CONTEXT('2D SPACE',''
  ) );
#2395 = ORIENTED_EDGE('',*,*,#1726,.F.);
#2396 = ADVANCED_FACE('',(#2397),#1714,.T.);
#2397 = FACE_BOUND('',#2398,.T.);
#2398 = EDGE_LOOP('',(#2399,#2400,#2423,#2444));
#2399 = ORIENTED_EDGE('',*,*,#2375,.T.);
#2400 = ORIENTED_EDGE('',*,*,#2401,.T.);
#2401 = EDGE_CURVE('',#2353,#2402,#2404,.T.);
#2402 = VERTEX_POINT('',#2403);
#2403 = CARTESIAN_POINT('',(-0.695,-0.225,2.E-002));
#2404 = SURFACE_CURVE('',#2405,(#2409,#2416),.PCURVE_S1.);
#2405 = LINE('',#2406,#2407);
#2406 = CARTESIAN_POINT('',(-0.695,-0.785,2.E-002));
#2407 = VECTOR('',#2408,1.);
#2408 = DIRECTION('',(0.E+000,1.,0.E+000));
#2409 = PCURVE('',#1714,#2410);
#2410 = DEFINITIONAL_REPRESENTATION('',(#2411),#2415);
#2411 = LINE('',#2412,#2413);
#2412 = CARTESIAN_POINT('',(0.E+000,-2.E-002));
#2413 = VECTOR('',#2414,1.);
#2414 = DIRECTION('',(1.,0.E+000));
#2415 = ( GEOMETRIC_REPRESENTATION_CONTEXT(2) 
PARAMETRIC_REPRESENTATION_CONTEXT() REPRESENTATION_CONTEXT('2D SPACE',''
  ) );
#2416 = PCURVE('',#2314,#2417);
#2417 = DEFINITIONAL_REPRESENTATION('',(#2418),#2422);
#2418 = LINE('',#2419,#2420);
#2419 = CARTESIAN_POINT('',(-0.54,0.E+000));
#2420 = VECTOR('',#2421,1.);
#2421 = DIRECTION('',(0.E+000,1.));
#2422 = ( GEOMETRIC_REPRESENTATION_CONTEXT(2) 
PARAMETRIC_REPRESENTATION_CONTEXT() REPRESENTATION_CONTEXT('2D SPACE',''
  ) );
#2423 = ORIENTED_EDGE('',*,*,#2424,.F.);
#2424 = EDGE_CURVE('',#1671,#2402,#2425,.T.);
#2425 = SURFACE_CURVE('',#2426,(#2430,#2437),.PCURVE_S1.);
#2426 = LINE('',#2427,#2428);
#2427 = CARTESIAN_POINT('',(-0.695,-0.225,0.E+000));
#2428 = VECTOR('',#2429,1.);
#2429 = DIRECTION('',(0.E+000,0.E+000,1.));
#2430 = PCURVE('',#1714,#2431);
#2431 = DEFINITIONAL_REPRESENTATION('',(#2432),#2436);
#2432 = LINE('',#2433,#2434);
#2433 = CARTESIAN_POINT('',(0.56,0.E+000));
#2434 = VECTOR('',#2435,1.);
#2435 = DIRECTION('',(0.E+000,-1.));
#2436 = ( GEOMETRIC_REPRESENTATION_CONTEXT(2) 
PARAMETRIC_REPRESENTATION_CONTEXT() REPRESENTATION_CONTEXT('2D SPACE',''
  ) );
#2437 = PCURVE('',#1686,#2438);
#2438 = DEFINITIONAL_REPRESENTATION('',(#2439),#2443);
#2439 = LINE('',#2440,#2441);
#2440 = CARTESIAN_POINT('',(0.E+000,-0.E+000));
#2441 = VECTOR('',#2442,1.);
#2442 = DIRECTION('',(0.E+000,-1.));
#2443 = ( GEOMETRIC_REPRESENTATION_CONTEXT(2) 
PARAMETRIC_REPRESENTATION_CONTEXT() REPRESENTATION_CONTEXT('2D SPACE',''
  ) );
#2444 = ORIENTED_EDGE('',*,*,#1698,.F.);
#2445 = ADVANCED_FACE('',(#2446),#1686,.T.);
#2446 = FACE_BOUND('',#2447,.T.);
#2447 = EDGE_LOOP('',(#2448,#2449,#2470,#2471));
#2448 = ORIENTED_EDGE('',*,*,#2424,.T.);
#2449 = ORIENTED_EDGE('',*,*,#2450,.T.);
#2450 = EDGE_CURVE('',#2402,#2276,#2451,.T.);
#2451 = SURFACE_CURVE('',#2452,(#2456,#2463),.PCURVE_S1.);
#2452 = LINE('',#2453,#2454);
#2453 = CARTESIAN_POINT('',(-0.695,-0.225,2.E-002));
#2454 = VECTOR('',#2455,1.);
#2455 = DIRECTION('',(-1.,0.E+000,0.E+000));
#2456 = PCURVE('',#1686,#2457);
#2457 = DEFINITIONAL_REPRESENTATION('',(#2458),#2462);
#2458 = LINE('',#2459,#2460);
#2459 = CARTESIAN_POINT('',(0.E+000,-2.E-002));
#2460 = VECTOR('',#2461,1.);
#2461 = DIRECTION('',(1.,0.E+000));
#2462 = ( GEOMETRIC_REPRESENTATION_CONTEXT(2) 
PARAMETRIC_REPRESENTATION_CONTEXT() REPRESENTATION_CONTEXT('2D SPACE',''
  ) );
#2463 = PCURVE('',#2314,#2464);
#2464 = DEFINITIONAL_REPRESENTATION('',(#2465),#2469);
#2465 = LINE('',#2466,#2467);
#2466 = CARTESIAN_POINT('',(-0.54,0.56));
#2467 = VECTOR('',#2468,1.);
#2468 = DIRECTION('',(1.,0.E+000));
#2469 = ( GEOMETRIC_REPRESENTATION_CONTEXT(2) 
PARAMETRIC_REPRESENTATION_CONTEXT() REPRESENTATION_CONTEXT('2D SPACE',''
  ) );
#2470 = ORIENTED_EDGE('',*,*,#2275,.F.);
#2471 = ORIENTED_EDGE('',*,*,#1670,.F.);
#2472 = ADVANCED_FACE('',(#2473),#1772,.F.);
#2473 = FACE_BOUND('',#2474,.F.);
#2474 = EDGE_LOOP('',(#2475,#2498,#2526,#2547));
#2475 = ORIENTED_EDGE('',*,*,#2476,.T.);
#2476 = EDGE_CURVE('',#1755,#2477,#2479,.T.);
#2477 = VERTEX_POINT('',#2478);
#2478 = CARTESIAN_POINT('',(1.235,-0.785,2.E-002));
#2479 = SURFACE_CURVE('',#2480,(#2484,#2491),.PCURVE_S1.);
#2480 = LINE('',#2481,#2482);
#2481 = CARTESIAN_POINT('',(1.235,-0.785,0.E+000));
#2482 = VECTOR('',#2483,1.);
#2483 = DIRECTION('',(0.E+000,0.E+000,1.));
#2484 = PCURVE('',#1772,#2485);
#2485 = DEFINITIONAL_REPRESENTATION('',(#2486),#2490);
#2486 = LINE('',#2487,#2488);
#2487 = CARTESIAN_POINT('',(0.E+000,-0.E+000));
#2488 = VECTOR('',#2489,1.);
#2489 = DIRECTION('',(0.E+000,-1.));
#2490 = ( GEOMETRIC_REPRESENTATION_CONTEXT(2) 
PARAMETRIC_REPRESENTATION_CONTEXT() REPRESENTATION_CONTEXT('2D SPACE',''
  ) );
#2491 = PCURVE('',#1854,#2492);
#2492 = DEFINITIONAL_REPRESENTATION('',(#2493),#2497);
#2493 = LINE('',#2494,#2495);
#2494 = CARTESIAN_POINT('',(0.56,0.E+000));
#2495 = VECTOR('',#2496,1.);
#2496 = DIRECTION('',(0.E+000,-1.));
#2497 = ( GEOMETRIC_REPRESENTATION_CONTEXT(2) 
PARAMETRIC_REPRESENTATION_CONTEXT() REPRESENTATION_CONTEXT('2D SPACE',''
  ) );
#2498 = ORIENTED_EDGE('',*,*,#2499,.T.);
#2499 = EDGE_CURVE('',#2477,#2500,#2502,.T.);
#2500 = VERTEX_POINT('',#2501);
#2501 = CARTESIAN_POINT('',(0.695,-0.785,2.E-002));
#2502 = SURFACE_CURVE('',#2503,(#2507,#2514),.PCURVE_S1.);
#2503 = LINE('',#2504,#2505);
#2504 = CARTESIAN_POINT('',(1.235,-0.785,2.E-002));
#2505 = VECTOR('',#2506,1.);
#2506 = DIRECTION('',(-1.,0.E+000,0.E+000));
#2507 = PCURVE('',#1772,#2508);
#2508 = DEFINITIONAL_REPRESENTATION('',(#2509),#2513);
#2509 = LINE('',#2510,#2511);
#2510 = CARTESIAN_POINT('',(0.E+000,-2.E-002));
#2511 = VECTOR('',#2512,1.);
#2512 = DIRECTION('',(1.,0.E+000));
#2513 = ( GEOMETRIC_REPRESENTATION_CONTEXT(2) 
PARAMETRIC_REPRESENTATION_CONTEXT() REPRESENTATION_CONTEXT('2D SPACE',''
  ) );
#2514 = PCURVE('',#2515,#2520);
#2515 = PLANE('',#2516);
#2516 = AXIS2_PLACEMENT_3D('',#2517,#2518,#2519);
#2517 = CARTESIAN_POINT('',(1.235,-0.785,2.E-002));
#2518 = DIRECTION('',(0.E+000,0.E+000,1.));
#2519 = DIRECTION('',(1.,0.E+000,0.E+000));
#2520 = DEFINITIONAL_REPRESENTATION('',(#2521),#2525);
#2521 = LINE('',#2522,#2523);
#2522 = CARTESIAN_POINT('',(0.E+000,0.E+000));
#2523 = VECTOR('',#2524,1.);
#2524 = DIRECTION('',(-1.,0.E+000));
#2525 = ( GEOMETRIC_REPRESENTATION_CONTEXT(2) 
PARAMETRIC_REPRESENTATION_CONTEXT() REPRESENTATION_CONTEXT('2D SPACE',''
  ) );
#2526 = ORIENTED_EDGE('',*,*,#2527,.F.);
#2527 = EDGE_CURVE('',#1757,#2500,#2528,.T.);
#2528 = SURFACE_CURVE('',#2529,(#2533,#2540),.PCURVE_S1.);
#2529 = LINE('',#2530,#2531);
#2530 = CARTESIAN_POINT('',(0.695,-0.785,0.E+000));
#2531 = VECTOR('',#2532,1.);
#2532 = DIRECTION('',(0.E+000,0.E+000,1.));
#2533 = PCURVE('',#1772,#2534);
#2534 = DEFINITIONAL_REPRESENTATION('',(#2535),#2539);
#2535 = LINE('',#2536,#2537);
#2536 = CARTESIAN_POINT('',(0.54,0.E+000));
#2537 = VECTOR('',#2538,1.);
#2538 = DIRECTION('',(0.E+000,-1.));
#2539 = ( GEOMETRIC_REPRESENTATION_CONTEXT(2) 
PARAMETRIC_REPRESENTATION_CONTEXT() REPRESENTATION_CONTEXT('2D SPACE',''
  ) );
#2540 = PCURVE('',#1800,#2541);
#2541 = DEFINITIONAL_REPRESENTATION('',(#2542),#2546);
#2542 = LINE('',#2543,#2544);
#2543 = CARTESIAN_POINT('',(0.E+000,0.E+000));
#2544 = VECTOR('',#2545,1.);
#2545 = DIRECTION('',(0.E+000,-1.));
#2546 = ( GEOMETRIC_REPRESENTATION_CONTEXT(2) 
PARAMETRIC_REPRESENTATION_CONTEXT() REPRESENTATION_CONTEXT('2D SPACE',''
  ) );
#2547 = ORIENTED_EDGE('',*,*,#1754,.F.);
#2548 = ADVANCED_FACE('',(#2549),#1854,.F.);
#2549 = FACE_BOUND('',#2550,.F.);
#2550 = EDGE_LOOP('',(#2551,#2574,#2595,#2596));
#2551 = ORIENTED_EDGE('',*,*,#2552,.T.);
#2552 = EDGE_CURVE('',#1813,#2553,#2555,.T.);
#2553 = VERTEX_POINT('',#2554);
#2554 = CARTESIAN_POINT('',(1.235,-0.225,2.E-002));
#2555 = SURFACE_CURVE('',#2556,(#2560,#2567),.PCURVE_S1.);
#2556 = LINE('',#2557,#2558);
#2557 = CARTESIAN_POINT('',(1.235,-0.225,0.E+000));
#2558 = VECTOR('',#2559,1.);
#2559 = DIRECTION('',(0.E+000,0.E+000,1.));
#2560 = PCURVE('',#1854,#2561);
#2561 = DEFINITIONAL_REPRESENTATION('',(#2562),#2566);
#2562 = LINE('',#2563,#2564);
#2563 = CARTESIAN_POINT('',(0.E+000,0.E+000));
#2564 = VECTOR('',#2565,1.);
#2565 = DIRECTION('',(0.E+000,-1.));
#2566 = ( GEOMETRIC_REPRESENTATION_CONTEXT(2) 
PARAMETRIC_REPRESENTATION_CONTEXT() REPRESENTATION_CONTEXT('2D SPACE',''
  ) );
#2567 = PCURVE('',#1828,#2568);
#2568 = DEFINITIONAL_REPRESENTATION('',(#2569),#2573);
#2569 = LINE('',#2570,#2571);
#2570 = CARTESIAN_POINT('',(0.54,0.E+000));
#2571 = VECTOR('',#2572,1.);
#2572 = DIRECTION('',(0.E+000,-1.));
#2573 = ( GEOMETRIC_REPRESENTATION_CONTEXT(2) 
PARAMETRIC_REPRESENTATION_CONTEXT() REPRESENTATION_CONTEXT('2D SPACE',''
  ) );
#2574 = ORIENTED_EDGE('',*,*,#2575,.T.);
#2575 = EDGE_CURVE('',#2553,#2477,#2576,.T.);
#2576 = SURFACE_CURVE('',#2577,(#2581,#2588),.PCURVE_S1.);
#2577 = LINE('',#2578,#2579);
#2578 = CARTESIAN_POINT('',(1.235,-0.225,2.E-002));
#2579 = VECTOR('',#2580,1.);
#2580 = DIRECTION('',(0.E+000,-1.,0.E+000));
#2581 = PCURVE('',#1854,#2582);
#2582 = DEFINITIONAL_REPRESENTATION('',(#2583),#2587);
#2583 = LINE('',#2584,#2585);
#2584 = CARTESIAN_POINT('',(0.E+000,-2.E-002));
#2585 = VECTOR('',#2586,1.);
#2586 = DIRECTION('',(1.,0.E+000));
#2587 = ( GEOMETRIC_REPRESENTATION_CONTEXT(2) 
PARAMETRIC_REPRESENTATION_CONTEXT() REPRESENTATION_CONTEXT('2D SPACE',''
  ) );
#2588 = PCURVE('',#2515,#2589);
#2589 = DEFINITIONAL_REPRESENTATION('',(#2590),#2594);
#2590 = LINE('',#2591,#2592);
#2591 = CARTESIAN_POINT('',(0.E+000,0.56));
#2592 = VECTOR('',#2593,1.);
#2593 = DIRECTION('',(0.E+000,-1.));
#2594 = ( GEOMETRIC_REPRESENTATION_CONTEXT(2) 
PARAMETRIC_REPRESENTATION_CONTEXT() REPRESENTATION_CONTEXT('2D SPACE',''
  ) );
#2595 = ORIENTED_EDGE('',*,*,#2476,.F.);
#2596 = ORIENTED_EDGE('',*,*,#1840,.F.);
#2597 = ADVANCED_FACE('',(#2598),#1828,.F.);
#2598 = FACE_BOUND('',#2599,.F.);
#2599 = EDGE_LOOP('',(#2600,#2623,#2644,#2645));
#2600 = ORIENTED_EDGE('',*,*,#2601,.T.);
#2601 = EDGE_CURVE('',#1785,#2602,#2604,.T.);
#2602 = VERTEX_POINT('',#2603);
#2603 = CARTESIAN_POINT('',(0.695,-0.225,2.E-002));
#2604 = SURFACE_CURVE('',#2605,(#2609,#2616),.PCURVE_S1.);
#2605 = LINE('',#2606,#2607);
#2606 = CARTESIAN_POINT('',(0.695,-0.225,0.E+000));
#2607 = VECTOR('',#2608,1.);
#2608 = DIRECTION('',(0.E+000,0.E+000,1.));
#2609 = PCURVE('',#1828,#2610);
#2610 = DEFINITIONAL_REPRESENTATION('',(#2611),#2615);
#2611 = LINE('',#2612,#2613);
#2612 = CARTESIAN_POINT('',(0.E+000,0.E+000));
#2613 = VECTOR('',#2614,1.);
#2614 = DIRECTION('',(0.E+000,-1.));
#2615 = ( GEOMETRIC_REPRESENTATION_CONTEXT(2) 
PARAMETRIC_REPRESENTATION_CONTEXT() REPRESENTATION_CONTEXT('2D SPACE',''
  ) );
#2616 = PCURVE('',#1800,#2617);
#2617 = DEFINITIONAL_REPRESENTATION('',(#2618),#2622);
#2618 = LINE('',#2619,#2620);
#2619 = CARTESIAN_POINT('',(0.56,0.E+000));
#2620 = VECTOR('',#2621,1.);
#2621 = DIRECTION('',(0.E+000,-1.));
#2622 = ( GEOMETRIC_REPRESENTATION_CONTEXT(2) 
PARAMETRIC_REPRESENTATION_CONTEXT() REPRESENTATION_CONTEXT('2D SPACE',''
  ) );
#2623 = ORIENTED_EDGE('',*,*,#2624,.T.);
#2624 = EDGE_CURVE('',#2602,#2553,#2625,.T.);
#2625 = SURFACE_CURVE('',#2626,(#2630,#2637),.PCURVE_S1.);
#2626 = LINE('',#2627,#2628);
#2627 = CARTESIAN_POINT('',(0.695,-0.225,2.E-002));
#2628 = VECTOR('',#2629,1.);
#2629 = DIRECTION('',(1.,0.E+000,0.E+000));
#2630 = PCURVE('',#1828,#2631);
#2631 = DEFINITIONAL_REPRESENTATION('',(#2632),#2636);
#2632 = LINE('',#2633,#2634);
#2633 = CARTESIAN_POINT('',(0.E+000,-2.E-002));
#2634 = VECTOR('',#2635,1.);
#2635 = DIRECTION('',(1.,0.E+000));
#2636 = ( GEOMETRIC_REPRESENTATION_CONTEXT(2) 
PARAMETRIC_REPRESENTATION_CONTEXT() REPRESENTATION_CONTEXT('2D SPACE',''
  ) );
#2637 = PCURVE('',#2515,#2638);
#2638 = DEFINITIONAL_REPRESENTATION('',(#2639),#2643);
#2639 = LINE('',#2640,#2641);
#2640 = CARTESIAN_POINT('',(-0.54,0.56));
#2641 = VECTOR('',#2642,1.);
#2642 = DIRECTION('',(1.,0.E+000));
#2643 = ( GEOMETRIC_REPRESENTATION_CONTEXT(2) 
PARAMETRIC_REPRESENTATION_CONTEXT() REPRESENTATION_CONTEXT('2D SPACE',''
  ) );
#2644 = ORIENTED_EDGE('',*,*,#2552,.F.);
#2645 = ORIENTED_EDGE('',*,*,#1812,.F.);
#2646 = ADVANCED_FACE('',(#2647),#1800,.F.);
#2647 = FACE_BOUND('',#2648,.F.);
#2648 = EDGE_LOOP('',(#2649,#2650,#2671,#2672));
#2649 = ORIENTED_EDGE('',*,*,#2527,.T.);
#2650 = ORIENTED_EDGE('',*,*,#2651,.T.);
#2651 = EDGE_CURVE('',#2500,#2602,#2652,.T.);
#2652 = SURFACE_CURVE('',#2653,(#2657,#2664),.PCURVE_S1.);
#2653 = LINE('',#2654,#2655);
#2654 = CARTESIAN_POINT('',(0.695,-0.785,2.E-002));
#2655 = VECTOR('',#2656,1.);
#2656 = DIRECTION('',(0.E+000,1.,0.E+000));
#2657 = PCURVE('',#1800,#2658);
#2658 = DEFINITIONAL_REPRESENTATION('',(#2659),#2663);
#2659 = LINE('',#2660,#2661);
#2660 = CARTESIAN_POINT('',(0.E+000,-2.E-002));
#2661 = VECTOR('',#2662,1.);
#2662 = DIRECTION('',(1.,0.E+000));
#2663 = ( GEOMETRIC_REPRESENTATION_CONTEXT(2) 
PARAMETRIC_REPRESENTATION_CONTEXT() REPRESENTATION_CONTEXT('2D SPACE',''
  ) );
#2664 = PCURVE('',#2515,#2665);
#2665 = DEFINITIONAL_REPRESENTATION('',(#2666),#2670);
#2666 = LINE('',#2667,#2668);
#2667 = CARTESIAN_POINT('',(-0.54,0.E+000));
#2668 = VECTOR('',#2669,1.);
#2669 = DIRECTION('',(0.E+000,1.));
#2670 = ( GEOMETRIC_REPRESENTATION_CONTEXT(2) 
PARAMETRIC_REPRESENTATION_CONTEXT() REPRESENTATION_CONTEXT('2D SPACE',''
  ) );
#2671 = ORIENTED_EDGE('',*,*,#2601,.F.);
#2672 = ORIENTED_EDGE('',*,*,#1784,.F.);
#2673 = ADVANCED_FACE('',(#2674),#1912,.F.);
#2674 = FACE_BOUND('',#2675,.T.);
#2675 = EDGE_LOOP('',(#2676,#2677,#2678,#2679));
#2676 = ORIENTED_EDGE('',*,*,#2021,.T.);
#2677 = ORIENTED_EDGE('',*,*,#1972,.T.);
#2678 = ORIENTED_EDGE('',*,*,#1896,.T.);
#2679 = ORIENTED_EDGE('',*,*,#2048,.T.);
#2680 = ADVANCED_FACE('',(#2681),#2113,.T.);
#2681 = FACE_BOUND('',#2682,.F.);
#2682 = EDGE_LOOP('',(#2683,#2684,#2685,#2686));
#2683 = ORIENTED_EDGE('',*,*,#2151,.T.);
#2684 = ORIENTED_EDGE('',*,*,#2200,.T.);
#2685 = ORIENTED_EDGE('',*,*,#2249,.T.);
#2686 = ORIENTED_EDGE('',*,*,#2097,.T.);
#2687 = ADVANCED_FACE('',(#2688),#2314,.T.);
#2688 = FACE_BOUND('',#2689,.F.);
#2689 = EDGE_LOOP('',(#2690,#2691,#2692,#2693));
#2690 = ORIENTED_EDGE('',*,*,#2352,.T.);
#2691 = ORIENTED_EDGE('',*,*,#2401,.T.);
#2692 = ORIENTED_EDGE('',*,*,#2450,.T.);
#2693 = ORIENTED_EDGE('',*,*,#2298,.T.);
#2694 = ADVANCED_FACE('',(#2695),#2515,.F.);
#2695 = FACE_BOUND('',#2696,.T.);
#2696 = EDGE_LOOP('',(#2697,#2698,#2699,#2700));
#2697 = ORIENTED_EDGE('',*,*,#2499,.T.);
#2698 = ORIENTED_EDGE('',*,*,#2651,.T.);
#2699 = ORIENTED_EDGE('',*,*,#2624,.T.);
#2700 = ORIENTED_EDGE('',*,*,#2575,.T.);
#2701 = ( GEOMETRIC_REPRESENTATION_CONTEXT(3) 
GLOBAL_UNCERTAINTY_ASSIGNED_CONTEXT((#2705)) 
GLOBAL_UNIT_ASSIGNED_CONTEXT((#2702,#2703,#2704)) REPRESENTATION_CONTEXT
('Context #1','3D Context with UNIT and UNCERTAINTY') );
#2702 = ( LENGTH_UNIT() NAMED_UNIT(*) SI_UNIT(.MILLI.,.METRE.) );
#2703 = ( NAMED_UNIT(*) PLANE_ANGLE_UNIT() SI_UNIT($,.RADIAN.) );
#2704 = ( NAMED_UNIT(*) SI_UNIT($,.STERADIAN.) SOLID_ANGLE_UNIT() );
#2705 = UNCERTAINTY_MEASURE_WITH_UNIT(LENGTH_MEASURE(1.E-007),#2702,
  'distance_accuracy_value','confusion accuracy');
#2706 = PRODUCT_TYPE('part',$,(#7));
#2707 = MECHANICAL_DESIGN_GEOMETRIC_PRESENTATION_REPRESENTATION('',(
    #2708),#2701);
#2708 = STYLED_ITEM('color',(#2709),#15);
#2709 = PRESENTATION_STYLE_ASSIGNMENT((#2710,#2716));
#2710 = SURFACE_STYLE_USAGE(.BOTH.,#2711);
#2711 = SURFACE_SIDE_STYLE('',(#2712));
#2712 = SURFACE_STYLE_FILL_AREA(#2713);
#2713 = FILL_AREA_STYLE('',(#2714));
#2714 = FILL_AREA_STYLE_COLOUR('',#2715);
#2715 = COLOUR_RGB('',0.800000011921,0.800000011921,0.800000011921);
#2716 = CURVE_STYLE('',#2717,POSITIVE_LENGTH_MEASURE(0.1),#2715);
#2717 = DRAUGHTING_PRE_DEFINED_CURVE_FONT('continuous');
ENDSEC;
END-ISO-10303-21;
